image,n_ships,n_found,n_candidates,context,dropped,runtime_ms
synthetic_00000,4,2,4,candidates,False,97.15810000489
synthetic_00001,1,1,1,candidates,False,90.09090000472497
synthetic_00002,0,0,0,empty_sea,True,94.78200000012293
synthetic_00003,0,0,0,empty_sea,True,97.8597999928752
synthetic_00004,0,0,3,candidates,False,88.81030000338797
synthetic_00005,1,0,2,candidates,False,89.3767000088701
synthetic_00006,1,0,3,candidates,False,88.567900005728
synthetic_00007,4,4,8,candidates,False,90.8822999917902
synthetic_00008,1,1,1,candidates,False,100.0519999943208
synthetic_00009,1,1,4,candidates,False,95.34369999892078
synthetic_00010,0,0,2,candidates,False,95.15599999576807
synthetic_00011,2,2,2,candidates,False,91.62239999568556
synthetic_00012,0,0,1,candidates,False,88.5545000055572
synthetic_00013,1,1,1,candidates,False,97.33060000871774
synthetic_00014,2,2,2,candidates,False,97.33160000178032
synthetic_00015,4,4,4,candidates,False,99.88259999954607
synthetic_00016,0,0,1,candidates,False,92.55180000036489
synthetic_00017,0,0,0,empty_sea,True,98.12670000246726
synthetic_00018,0,0,0,empty_sea,True,91.64330000930931
synthetic_00019,0,0,0,empty_sea,True,91.66040000854991
synthetic_00020,0,0,0,empty_sea,True,92.75559999514371
synthetic_00021,0,0,0,empty_sea,True,98.55169999354985
synthetic_00022,0,0,7,candidates,False,87.60090000578202
synthetic_00023,1,1,5,candidates,False,99.2675000015879
synthetic_00024,0,0,5,candidates,False,94.48840000550263
synthetic_00025,2,2,2,candidates,False,102.76059999887366
synthetic_00026,0,0,3,candidates,False,87.93340000556782
synthetic_00027,2,2,2,candidates,False,90.46089999901596
synthetic_00028,0,0,3,candidates,False,94.26490000623744
synthetic_00029,4,2,4,candidates,False,92.80420000141021
synthetic_00030,4,3,7,candidates,False,89.75630000350066
synthetic_00031,2,2,2,candidates,False,102.44810000585858
synthetic_00032,4,4,4,candidates,False,92.57959999376908
synthetic_00033,1,1,3,candidates,False,96.83379999478348
synthetic_00034,4,4,4,candidates,False,107.58989999885671
synthetic_00035,0,0,0,empty_sea,True,96.27009999530856
synthetic_00036,0,0,0,empty_sea,True,89.3732000113232
synthetic_00037,2,0,2,candidates,False,86.73609999823384
synthetic_00038,0,0,3,candidates,False,92.01589999429416
synthetic_00039,1,1,1,candidates,False,103.09920000145212
synthetic_00040,2,2,2,candidates,False,96.17259999504313
synthetic_00041,0,0,0,empty_sea,True,93.26909999072086
synthetic_00042,2,2,2,candidates,False,100.25220000534318
synthetic_00043,1,1,1,candidates,False,94.0240000054473
synthetic_00044,2,2,2,candidates,False,204.07030000933446
synthetic_00045,0,0,0,empty_sea,True,167.7359999885084
synthetic_00046,0,0,0,empty_sea,True,202.54860000568442
synthetic_00047,2,1,5,candidates,False,196.22440000239294
synthetic_00048,0,0,0,empty_sea,True,188.07350000133738
synthetic_00049,0,0,4,candidates,False,199.68130000052042
synthetic_00050,0,0,6,candidates,False,191.44389999564737
synthetic_00051,0,0,0,empty_sea,True,214.54549999907613
synthetic_00052,2,0,3,candidates,False,183.61089999962132
synthetic_00053,0,0,0,empty_sea,True,194.5587000082014
synthetic_00054,2,2,2,candidates,False,190.6003000040073
synthetic_00055,1,1,1,candidates,False,226.6327000106685
synthetic_00056,4,4,4,candidates,False,206.7450999893481
synthetic_00057,4,4,9,candidates,False,200.41400000627618
synthetic_00058,2,2,2,candidates,False,184.20689999766182
synthetic_00059,2,2,2,candidates,False,185.97679999948014
synthetic_00060,1,1,1,candidates,False,225.23770001134835
synthetic_00061,4,4,4,candidates,False,183.18390000786167
synthetic_00062,4,4,4,candidates,False,195.9101000102237
synthetic_00063,1,1,1,candidates,False,183.84669999068137
synthetic_00064,4,4,4,candidates,False,216.99139999691397
synthetic_00065,4,2,3,candidates,False,178.89900000591297
synthetic_00066,4,4,4,candidates,False,189.46649999998044
synthetic_00067,2,1,1,candidates,False,180.00730000494514
synthetic_00068,0,0,0,empty_sea,True,200.6497000111267
synthetic_00069,1,1,1,candidates,False,190.5624000064563
synthetic_00070,1,1,1,candidates,False,186.73460000718478
synthetic_00071,2,0,1,candidates,False,174.80210000940133
synthetic_00072,0,0,0,empty_sea,True,171.12709999491926
synthetic_00073,0,0,1,candidates,False,193.75960000616033
synthetic_00074,0,0,0,empty_sea,True,206.17530000163242
synthetic_00075,0,0,0,empty_sea,True,179.5731999882264
synthetic_00076,4,3,3,candidates,False,206.47469999676105
synthetic_00077,0,0,2,candidates,False,164.08839999348857
synthetic_00078,1,0,3,candidates,False,215.10040000430308
synthetic_00079,0,0,0,empty_sea,True,197.97510000353213
synthetic_00080,4,3,7,candidates,False,181.63160000403877
synthetic_00081,0,0,0,empty_sea,True,168.9596999931382
synthetic_00082,0,0,0,empty_sea,True,177.95559999649413
synthetic_00083,0,0,2,candidates,False,219.58969999104738
synthetic_00084,0,0,0,empty_sea,True,170.609400011017
synthetic_00085,0,0,3,candidates,False,187.20939999911934
synthetic_00086,2,1,2,candidates,False,182.26110000978224
synthetic_00087,4,3,5,candidates,False,178.91089999466203
synthetic_00088,0,0,0,empty_sea,True,229.56409999460448
synthetic_00089,0,0,4,candidates,False,167.1031000005314
synthetic_00090,4,1,5,candidates,False,170.0799999962328
synthetic_00091,2,1,2,candidates,False,155.87209998921026
synthetic_00092,4,4,4,candidates,False,199.04409999435302
synthetic_00093,0,0,3,candidates,False,159.31659999478143
synthetic_00094,0,0,2,candidates,False,164.0966999984812
synthetic_00095,2,0,1,candidates,False,170.35000000032596
synthetic_00096,0,0,0,empty_sea,True,191.22470000002068
synthetic_00097,1,1,1,candidates,False,154.98599999409635
synthetic_00098,0,0,1,candidates,False,165.50590000406373
synthetic_00099,0,0,1,candidates,False,169.69170000811573
synthetic_00100,0,0,0,empty_sea,True,179.4312000129139
synthetic_00101,0,0,0,empty_sea,True,175.39879999822006
synthetic_00102,4,1,2,candidates,False,135.35810000030324
synthetic_00103,0,0,0,empty_sea,True,165.12499999953434
synthetic_00104,4,4,4,candidates,False,166.79629999271128
synthetic_00105,0,0,0,empty_sea,True,172.40790001233108
synthetic_00106,1,1,1,candidates,False,173.51079999934882
synthetic_00107,0,0,4,candidates,False,150.73609999672044
synthetic_00108,2,2,2,candidates,False,182.4192999920342
synthetic_00109,2,0,8,candidates,False,92.34220000507776
synthetic_00110,0,0,3,candidates,False,95.66400000767317
synthetic_00111,1,1,1,candidates,False,90.6914999941364
synthetic_00112,4,4,4,candidates,False,87.88419999473263
synthetic_00113,0,0,0,empty_sea,True,91.33510000538081
synthetic_00114,0,0,7,candidates,False,120.37200000486337
synthetic_00115,0,0,0,empty_sea,True,93.7044999882346
synthetic_00116,4,1,2,candidates,False,84.2310999869369
synthetic_00117,0,0,0,empty_sea,True,90.36919999925885
synthetic_00118,0,0,1,candidates,False,90.72110000124667
synthetic_00119,1,1,1,candidates,False,94.74740001314785
synthetic_00120,1,1,1,candidates,False,98.55189999507274
synthetic_00121,0,0,0,empty_sea,True,94.19039999193046
synthetic_00122,4,2,2,candidates,False,87.26020000176504
synthetic_00123,0,0,0,empty_sea,True,94.75620000739582
synthetic_00124,2,2,2,candidates,False,93.70679999119602
synthetic_00125,0,0,0,empty_sea,True,94.56969999882858
synthetic_00126,0,0,2,candidates,False,90.38930000679102
synthetic_00127,0,0,0,empty_sea,True,92.7153999946313
synthetic_00128,0,0,0,empty_sea,True,93.72010000515729
synthetic_00129,2,2,2,candidates,False,92.57729999080766
synthetic_00130,2,2,2,candidates,False,96.95010000723414
synthetic_00131,4,4,4,candidates,False,96.18699998827651
synthetic_00132,2,0,4,candidates,False,91.10340000188444
synthetic_00133,0,0,0,empty_sea,True,101.26149999268819
synthetic_00134,0,0,0,empty_sea,True,90.33910000289325
synthetic_00135,0,0,0,empty_sea,True,92.53110000281595
synthetic_00136,0,0,0,empty_sea,True,90.28820000821725
synthetic_00137,2,1,3,candidates,False,91.1089000001084
synthetic_00138,2,0,1,candidates,False,85.40360000915825
synthetic_00139,1,1,1,candidates,False,95.95470000931527
synthetic_00140,0,0,0,empty_sea,True,95.83730000304058
synthetic_00141,0,0,0,empty_sea,True,96.15300000587013
synthetic_00142,0,0,2,candidates,False,90.13759999652393
synthetic_00143,4,4,4,candidates,False,92.65099999902304
synthetic_00144,2,2,2,candidates,False,93.88200000103097
synthetic_00145,0,0,2,candidates,False,89.41960000083782
synthetic_00146,4,4,4,candidates,False,95.9106999944197
synthetic_00147,1,1,1,candidates,False,87.1437000023434
synthetic_00148,2,2,2,candidates,False,96.01899998961017
synthetic_00149,4,0,4,candidates,False,89.16850000969134
synthetic_00150,0,0,0,empty_sea,True,92.92049999930896
synthetic_00151,0,0,0,empty_sea,True,97.62400000181515
synthetic_00152,0,0,0,empty_sea,True,95.01710000040475
synthetic_00153,0,0,3,candidates,False,93.45299999404233
synthetic_00154,1,1,1,candidates,False,96.14340000553057
synthetic_00155,4,2,3,candidates,False,95.16509999230038
synthetic_00156,1,0,3,candidates,False,89.28290000767447
synthetic_00157,2,2,2,candidates,False,94.1752000071574
synthetic_00158,0,0,1,candidates,False,87.88529998855665
synthetic_00159,0,0,0,empty_sea,True,98.84530000272207
synthetic_00160,0,0,0,empty_sea,True,96.24959999928251
synthetic_00161,0,0,0,empty_sea,True,92.76250000402797
synthetic_00162,0,0,0,empty_sea,True,93.09100000245962
synthetic_00163,0,0,4,candidates,False,90.75649999431334
synthetic_00164,2,2,2,candidates,False,90.47979999741074
synthetic_00165,0,0,0,empty_sea,True,99.8496999964118
synthetic_00166,4,4,4,candidates,False,97.24149999965448
synthetic_00167,1,1,2,candidates,False,88.64979998907074
synthetic_00168,1,0,4,candidates,False,87.73440000368282
synthetic_00169,0,0,0,empty_sea,True,94.30279998923652
synthetic_00170,1,1,1,candidates,False,92.8074999974342
synthetic_00171,1,0,2,candidates,False,91.41880000242963
synthetic_00172,2,2,2,candidates,False,92.1822000091197
synthetic_00173,0,0,0,empty_sea,True,92.8797999949893
synthetic_00174,0,0,2,candidates,False,89.82680000190157
synthetic_00175,0,0,2,candidates,False,86.3489000039408
synthetic_00176,0,0,6,candidates,False,90.79890001157764
synthetic_00177,1,0,2,candidates,False,86.12690000154544
synthetic_00178,1,1,1,candidates,False,88.4920999960741
synthetic_00179,4,2,7,candidates,False,91.9043000030797
synthetic_00180,1,0,2,candidates,False,91.99820000503678
synthetic_00181,4,4,4,candidates,False,93.55279999726918
synthetic_00182,1,1,1,candidates,False,98.57339999871328
synthetic_00183,0,0,2,candidates,False,95.47869999369141
synthetic_00184,0,0,6,candidates,False,93.2557999913115
synthetic_00185,2,2,2,candidates,False,94.33190000709146
synthetic_00186,2,2,2,candidates,False,91.6599999909522
synthetic_00187,4,1,2,candidates,False,89.46410000498872
synthetic_00188,1,1,1,candidates,False,92.67280000494793
synthetic_00189,2,2,2,candidates,False,96.24300000723451
synthetic_00190,2,2,2,candidates,False,90.55979999538977
synthetic_00191,2,2,2,candidates,False,93.9829999988433
synthetic_00192,2,2,2,candidates,False,95.28680000221357
synthetic_00193,0,0,0,empty_sea,True,92.52720000222325
synthetic_00194,1,0,6,candidates,False,88.00719999999274
synthetic_00195,0,0,0,empty_sea,True,95.56870000960771
synthetic_00196,0,0,0,empty_sea,True,96.49239999998827
synthetic_00197,1,1,2,candidates,False,94.36049999203533
synthetic_00198,2,1,1,candidates,False,89.99009999388363
synthetic_00199,1,1,1,candidates,False,99.4873000017833
synthetic_00200,4,4,4,candidates,False,99.11270000156946
synthetic_00201,2,2,2,candidates,False,92.19750000920612
synthetic_00202,0,0,7,candidates,False,95.9090000105789
synthetic_00203,1,1,1,candidates,False,92.25190000142902
synthetic_00204,1,1,1,candidates,False,92.52910000213888
synthetic_00205,4,3,9,candidates,False,95.22030000516679
synthetic_00206,4,1,1,candidates,False,91.02520000305958
synthetic_00207,0,0,0,empty_sea,True,92.97430000151508
synthetic_00208,1,1,1,candidates,False,94.7232000035001
synthetic_00209,1,1,1,candidates,False,98.84960000636056
synthetic_00210,0,0,0,empty_sea,True,100.49110000545625
synthetic_00211,2,2,2,candidates,False,94.7158000053605
synthetic_00212,4,4,4,candidates,False,99.15860000182875
synthetic_00213,2,1,3,candidates,False,90.99510000669397
synthetic_00214,0,0,0,empty_sea,True,91.4753999968525
synthetic_00215,0,0,0,empty_sea,True,97.57059998810291
synthetic_00216,4,2,2,candidates,False,92.0207000017399
synthetic_00217,0,0,0,empty_sea,True,96.31140000419691
synthetic_00218,1,1,1,candidates,False,90.177499994752
synthetic_00219,0,0,3,candidates,False,89.64479999849573
synthetic_00220,4,0,1,candidates,False,91.08379999815952
synthetic_00221,0,0,0,empty_sea,True,93.03000000363681
synthetic_00222,1,1,1,candidates,False,92.43920000153594
synthetic_00223,0,0,0,empty_sea,True,92.54359999613371
synthetic_00224,0,0,5,candidates,False,92.06209999683779
synthetic_00225,2,2,7,candidates,False,89.28790000209119
synthetic_00226,4,4,4,candidates,False,91.78659999452066
synthetic_00227,0,0,0,empty_sea,True,92.85739999904763
synthetic_00228,0,0,7,candidates,False,92.42390000144951
synthetic_00229,0,0,0,empty_sea,True,96.42790000361856
synthetic_00230,0,0,9,candidates,False,95.37699999054894
synthetic_00231,0,0,0,empty_sea,True,92.54539999528788
synthetic_00232,2,2,2,candidates,False,94.97930000361521
synthetic_00233,2,2,7,candidates,False,90.54509999987204
synthetic_00234,0,0,0,empty_sea,True,94.7874999983469
synthetic_00235,0,0,0,empty_sea,True,92.92499998991843
synthetic_00236,0,0,0,empty_sea,True,91.32880000106525
synthetic_00237,2,1,2,candidates,False,85.70010001130868
synthetic_00238,4,4,4,candidates,False,93.19099999265745
synthetic_00239,1,1,1,candidates,False,83.88030000787694
synthetic_00240,1,1,1,candidates,False,94.65180001279805
synthetic_00241,0,0,2,candidates,False,86.4480000018375
synthetic_00242,0,0,1,candidates,False,88.95830000983551
synthetic_00243,1,1,1,candidates,False,97.76200000487734
synthetic_00244,4,1,1,candidates,False,86.67150000110269
synthetic_00245,0,0,9,candidates,False,93.11439999146387
synthetic_00246,2,2,7,candidates,False,92.79640000022482
synthetic_00247,0,0,1,candidates,False,90.43609999935143
synthetic_00248,4,4,4,candidates,False,90.81720000540372
synthetic_00249,1,1,2,candidates,False,86.80640000966378
synthetic_00250,0,0,0,empty_sea,True,94.61169999849517
synthetic_00251,1,1,1,candidates,False,96.9906000100309
synthetic_00252,2,1,1,candidates,False,86.81229999638163
synthetic_00253,0,0,6,candidates,False,93.81980000762269
synthetic_00254,0,0,0,empty_sea,True,97.0800000068266
synthetic_00255,0,0,0,empty_sea,True,95.33250000094995
synthetic_00256,0,0,1,candidates,False,95.48620000714436
synthetic_00257,4,4,4,candidates,False,90.52660000452306
synthetic_00258,2,2,6,candidates,False,91.51569999812637
synthetic_00259,0,0,5,candidates,False,92.50089999113698
synthetic_00260,4,2,2,candidates,False,91.04380001372192
synthetic_00261,2,2,2,candidates,False,95.40060001017991
synthetic_00262,1,1,1,candidates,False,91.07690000382718
synthetic_00263,2,2,2,candidates,False,95.43760000087786
synthetic_00264,0,0,0,empty_sea,True,92.32229999906849
synthetic_00265,2,2,2,candidates,False,91.72050000051968
synthetic_00266,0,0,0,empty_sea,True,97.80989999126177
synthetic_00267,1,1,1,candidates,False,90.87990000261925
synthetic_00268,4,4,4,candidates,False,97.08309998677578
synthetic_00269,0,0,0,empty_sea,True,92.72200000123121
synthetic_00270,0,0,7,candidates,False,93.51079999760259
synthetic_00271,0,0,2,candidates,False,87.58629999647383
synthetic_00272,0,0,0,empty_sea,True,93.69330000481568
synthetic_00273,0,0,4,candidates,False,90.78569999837782
synthetic_00274,0,0,3,candidates,False,91.67939999315422
synthetic_00275,0,0,1,candidates,False,85.49339999444783
synthetic_00276,0,0,4,candidates,False,90.77010001055896
synthetic_00277,0,0,0,empty_sea,True,94.4599000067683
synthetic_00278,0,0,2,candidates,False,89.28059999016114
synthetic_00279,1,0,2,candidates,False,87.18099999532569
synthetic_00280,0,0,0,empty_sea,True,95.68650000437628
synthetic_00281,1,1,5,candidates,False,91.41990001080558
synthetic_00282,1,0,3,candidates,False,93.25200000603218
synthetic_00283,0,0,0,empty_sea,True,103.60750000108965
synthetic_00284,0,0,1,candidates,False,89.27949999633711
synthetic_00285,0,0,2,candidates,False,95.24109998892527
synthetic_00286,4,4,4,candidates,False,95.89159999450203
synthetic_00287,0,0,3,candidates,False,90.61040000233334
synthetic_00288,1,1,1,candidates,False,96.76570000010543
synthetic_00289,4,4,4,candidates,False,91.03820000018459
synthetic_00290,0,0,0,empty_sea,True,96.42319999693427
synthetic_00291,4,4,4,candidates,False,92.04409999074414
synthetic_00292,0,0,0,empty_sea,True,92.53599999647122
synthetic_00293,0,0,0,empty_sea,True,94.10109999589622
synthetic_00294,1,1,1,candidates,False,90.23220000381116
synthetic_00295,0,0,0,empty_sea,True,93.84820000559557
synthetic_00296,4,4,4,candidates,False,93.7318999931449
synthetic_00297,0,0,5,candidates,False,85.72930000082124
synthetic_00298,0,0,4,candidates,False,109.57079999207053
synthetic_00299,0,0,1,candidates,False,87.05349999945611
