encoder,policy,ship_recall,dark_recall,value_frac,latency_med_h,latency_p90_h,dark_latency_med_h,MB_sent,MB_offered,MB_capacity,dropped_storage,strategy,tiles
"Bent pipe (raw, FIFO)",FIFO,0.026463512429831595,0.01893939393939394,0.024225352112676058,23.410689244334034,34.8461758313054,11.54166294940741,201.719808,7527.333888,209.9013021415632,0,"Bent pipe (raw, FIFO)",5000
"Phi-sat-2 style (patch, FIFO)",FIFO,0.6788291900561347,0.6590909090909091,0.6729577464788732,4.428042016737616,9.405186710506673,4.535363274249202,1.749,1.749,209.9013021415632,0,"Phi-sat-2 style (patch, FIFO)",5000
Ours: LoD + no buffer,No buffering,0.9675220529270249,0.9507575757575758,0.9745183098592655,4.582349871165593,9.314086112795406,4.679823546395866,16.80798,16.80798,209.9013021415632,0,Ours: LoD + no buffer,5000
Ours: LoD + FIFO,FIFO,0.9675220529270249,0.9507575757575758,0.9745183098592655,4.582349871165593,9.314086112795406,4.679823546395866,16.80798,16.80798,209.9013021415632,0,Ours: LoD + FIFO,5000
Ours: LoD + value-greedy,Value-greedy (ours),0.9675220529270249,0.9507575757575758,0.974518309859268,4.577846217681013,9.310542736794757,4.671776497909354,16.80798,16.80798,209.9013021415632,0,Ours: LoD + value-greedy,5000
"Bent pipe (raw, FIFO)",FIFO,0.013928138877674606,0.017857142857142856,0.015064562410329985,22.086063927485544,35.05871269851516,22.086063927485544,201.719808,15132.524544,209.9013021415632,3943,"Bent pipe (raw, FIFO)",10000
"Phi-sat-2 style (patch, FIFO)",FIFO,0.6649172385950747,0.6369047619047619,0.6568149210903874,4.686726592159545,9.653640091095204,4.4027231590802955,3.409,3.409,209.9013021415632,0,"Phi-sat-2 style (patch, FIFO)",10000
Ours: LoD + no buffer,No buffering,0.9701251513928139,0.9484126984126984,0.9761147776185498,4.654627445822016,9.608836985665304,4.336509449678331,33.7417,33.7417,209.9013021415632,0,Ours: LoD + no buffer,10000
Ours: LoD + FIFO,FIFO,0.9701251513928139,0.9484126984126984,0.9761147776185498,4.654627445822016,9.608836985665304,4.336509449678331,33.7417,33.7417,209.9013021415632,0,Ours: LoD + FIFO,10000
Ours: LoD + value-greedy,Value-greedy (ours),0.9701251513928139,0.9484126984126984,0.9761147776186312,4.637412825651602,9.614506317289166,4.310773569962067,33.7417,33.7417,209.9013021415632,0,Ours: LoD + value-greedy,10000
"Bent pipe (raw, FIFO)",FIFO,0.0068114511352418555,0.005825242718446602,0.006526315789473684,11.691589644510437,35.217079470349624,16.92235986773779,201.719808,29999.628288,209.9013021415632,12345,"Bent pipe (raw, FIFO)",20000
"Phi-sat-2 style (patch, FIFO)",FIFO,0.6599210266535045,0.6466019417475728,0.6560701754385965,4.258512558045642,9.43404221931843,4.563829518149215,6.911,6.911,209.9013021415632,0,"Phi-sat-2 style (patch, FIFO)",20000
Ours: LoD + no buffer,No buffering,0.9739387956564659,0.9737864077669903,0.9857922807019767,4.309359275148389,9.487199809951246,4.642004015893824,68.26372,68.26372,209.9013021415632,0,Ours: LoD + no buffer,20000
Ours: LoD + FIFO,FIFO,0.9739387956564659,0.9737864077669903,0.9857922807019767,4.309359275148389,9.487199809951246,4.642004015893824,68.26372,68.26372,209.9013021415632,0,Ours: LoD + FIFO,20000
Ours: LoD + value-greedy,Value-greedy (ours),0.9739387956564659,0.9737864077669903,0.985792280702013,4.282296063872911,9.482131460129068,4.595579858401678,68.26372,68.26372,209.9013021415632,0,Ours: LoD + value-greedy,20000
"Bent pipe (raw, FIFO)",FIFO,0.0035852713178294573,0.005797101449275362,0.004218533886583679,22.22628783334884,35.27759684390572,12.45166013720509,201.719808,60057.649152,209.9013021415632,29332,"Bent pipe (raw, FIFO)",40000
"Phi-sat-2 style (patch, FIFO)",FIFO,0.6661337209302326,0.6705314009661836,0.6673928077455048,4.272396639250433,9.422021528948079,4.092574425159519,14.21,14.21,209.9013021415632,0,"Phi-sat-2 style (patch, FIFO)",40000
Ours: LoD + no buffer,No buffering,0.7744186046511627,0.7743961352657005,0.7837199170121554,5.645903350763152,9.842730690408638,5.5640622523886005,108.07016,135.76804,209.9013021415632,0,Ours: LoD + no buffer,40000
Ours: LoD + FIFO,FIFO,0.9709302325581395,0.976328502415459,0.9842119640380428,5.447672579024723,9.69239923116176,5.448002755598201,135.76804,135.76804,209.9013021415632,0,Ours: LoD + FIFO,40000
Ours: LoD + value-greedy,Value-greedy (ours),0.9709302325581395,0.976328502415459,0.9841940693873611,4.413085998179124,9.426319177701794,4.224818269118324,135.74532565261953,135.76804,209.9013021415632,0,Ours: LoD + value-greedy,40000
"Bent pipe (raw, FIFO)",FIFO,0.0021165062879925185,0.0022189349112426036,0.0021457340345076245,13.231842645652188,35.29806876832866,11.734254869125298,201.719808,120178.999296,209.9013021415632,63309,"Bent pipe (raw, FIFO)",80000
"Phi-sat-2 style (patch, FIFO)",FIFO,0.6830654886422366,0.6728303747534516,0.6801449249872488,4.380757171034234,9.420669192415875,4.413289623594138,28.724,28.724,209.9013021415632,0,"Phi-sat-2 style (patch, FIFO)",80000
Ours: LoD + no buffer,No buffering,0.4356311372529717,0.4282544378698225,0.4389763793374045,7.697816234431955,10.645908880884527,7.754161262520837,118.43914,264.29202,209.9013021415632,0,Ours: LoD + no buffer,80000
Ours: LoD + FIFO,FIFO,0.687052395835897,0.696992110453649,0.6983817296021398,13.176038792561824,20.945494746992015,13.170572550675333,185.93304,264.29202,209.9013021415632,0,Ours: LoD + FIFO,80000
Ours: LoD + value-greedy,Value-greedy (ours),0.9648561514040312,0.9704142011834319,0.9664402779668936,5.5215578711076185,11.382482585766546,4.736624818846792,186.01840497903473,264.29202,209.9013021415632,0,Ours: LoD + value-greedy,80000
"Bent pipe (raw, FIFO)",FIFO,0.0006512976799056232,0.0008734714250062391,0.0007140842090415403,23.75666339013626,35.37835926195649,22.238474085579647,201.719808,240589.799424,209.9013021415632,131358,"Bent pipe (raw, FIFO)",160000
"Phi-sat-2 style (patch, FIFO)",FIFO,0.6780869052300432,0.6786872972298478,0.6782565766274067,4.416423415278446,9.417664310374674,4.289528234309237,57.132,57.132,209.9013021415632,0,"Phi-sat-2 style (patch, FIFO)",160000
Ours: LoD + no buffer,No buffering,0.25238399528116395,0.25205889693037187,0.25539865293725544,8.82065336000836,11.137292459826385,8.765466565455014,138.75434,532.86194,209.9013021415632,0,Ours: LoD + no buffer,160000
Ours: LoD + FIFO,FIFO,0.33751966181675186,0.32630396805590217,0.3384894033428403,18.281698881126772,28.26502772643053,18.274136034291026,186.54752,532.86194,209.9013021415632,0,Ours: LoD + FIFO,160000
Ours: LoD + value-greedy,Value-greedy (ours),0.8290650806134486,0.9563264287496881,0.8650467401929526,5.542722369364679,11.518991890520914,6.045351902858506,186.64038497903474,532.86194,209.9013021415632,0,Ours: LoD + value-greedy,160000
