load,cloud,thumb_value,ship_recall,dark_recall,MB_offered,latency_med_h,greedy_minus_fifo,ours_minus_baseline,n_dark
40000,0.0,0.001,0.8189204599448826,0.8243052284503062,200.8828708848618,4.598285944938316,0.06162691247743035,0.07331559441223978,2123
40000,0.0,0.01,0.8189204599448826,0.8243052284503062,200.8828708848618,4.811786747849375,0.06162691247743035,0.07331559441223978,2123
40000,0.0,0.05,0.8189204599448826,0.8243052284503062,200.8828708848618,4.911149372489035,0.06162691247743035,0.07331559441223978,2123
40000,0.0,0.1,0.8189204599448826,0.8243052284503062,200.8828708848618,4.918492827225386,0.06162691247743035,0.07331559441223978,2123
40000,0.15,0.001,0.6798978095283152,0.6792893875642824,178.60882937289006,4.53463486248983,0.0,0.06330131996025923,2139
40000,0.15,0.01,0.6798978095283152,0.6792893875642824,178.60882937289006,4.673820214719196,0.0,0.06330131996025923,2139
40000,0.15,0.05,0.6798978095283152,0.6792893875642824,178.60882937289006,4.814892622864815,0.0,0.06330131996025923,2139
40000,0.15,0.1,0.6798978095283152,0.6792893875642824,178.60882937289006,4.814892622864815,0.0,0.06330131996025923,2139
40000,0.3,0.001,0.5623717217787914,0.5555555555555556,145.4713566294901,4.356136665002521,0.0,0.04542759407069552,2214
40000,0.3,0.01,0.5623717217787914,0.5555555555555556,145.4713566294901,4.368462249532738,0.0,0.04542759407069552,2214
40000,0.3,0.05,0.5623717217787914,0.5555555555555556,145.4713566294901,4.391845849598496,0.0,0.04542759407069552,2214
40000,0.3,0.1,0.5623717217787914,0.5555555555555556,145.4713566294901,4.3930233644282985,0.0,0.04542759407069552,2214
40000,0.5,0.001,0.3957536772974675,0.41785714285714287,101.37445747633595,4.150643359460177,0.0,0.034996176510278476,2240
40000,0.5,0.01,0.3957536772974675,0.41785714285714287,101.37445747633595,4.150643359460177,0.0,0.034996176510278476,2240
40000,0.5,0.05,0.3957536772974675,0.41785714285714287,101.37445747633595,4.150671472030721,0.0,0.034996176510278476,2240
40000,0.5,0.1,0.3957536772974675,0.41785714285714287,101.37445747633595,4.150671472030721,0.0,0.034996176510278476,2240
160000,0.0,0.001,0.7431088009784091,0.8067157095396298,817.6230869885837,4.981194609014374,0.5560468507455666,0.005656427865845082,8428
160000,0.0,0.01,0.7431088009784091,0.8067157095396298,817.6230869885837,4.981194609014374,0.5560468507455666,0.005656427865845082,8428
160000,0.0,0.05,0.727162613481349,0.7882059800664452,817.6230869885837,4.938140643098963,0.5401006632485065,-0.010289759631215034,8428
160000,0.0,0.1,0.7081236182322781,0.7568818224964404,817.6230869885837,4.98225243743061,0.5210616679994355,-0.029328754880285968,8428
160000,0.15,0.001,0.634078601808167,0.6733904069426527,699.0139915767077,4.865274172371792,0.4573872219768983,0.012933739279986978,8527
160000,0.15,0.01,0.634078601808167,0.6733904069426527,699.0139915767077,4.865274172371792,0.4573872219768983,0.012933739279986978,8527
160000,0.15,0.05,0.6160898970413926,0.6603729330362378,699.0139915767077,4.824675221759655,0.4393985172101239,-0.0050549654867874105,8527
160000,0.15,0.1,0.6018778906268157,0.6407880849067668,699.0139915767077,4.875015945421169,0.42518651079554703,-0.019266971901364283,8527
160000,0.3,0.001,0.5265465899828954,0.5627314814814814,580.1100039083333,4.944334425072045,0.34488181745129776,0.018585482889646565,8640
160000,0.3,0.01,0.5265465899828954,0.5627314814814814,580.1100039083333,4.944334425072045,0.34488181745129776,0.018585482889646565,8640
160000,0.3,0.05,0.5081792196163516,0.55625,580.1100039083333,4.9529974901045435,0.32651444708475397,0.00021811252310277585,8640
160000,0.3,0.1,0.4982608396184179,0.5421296296296296,580.1100039083333,4.991726991296298,0.31659606708682025,-0.009700267474830937,8640
160000,0.5,0.001,0.38018847646306836,0.38700854700854703,404.61256993037523,4.739768385842383,0.2001402826015635,0.022875114545269415,8775
160000,0.5,0.01,0.3794983765682803,0.38700854700854703,404.61256993037523,4.73168876135585,0.19945018270677542,0.02218501465048134,8775
160000,0.5,0.05,0.3670539522360368,0.38700854700854703,404.61256993037523,4.744313845246843,0.18700575837453196,0.009740590318237874,8775
160000,0.5,0.1,0.3670539522360368,0.38700854700854703,404.61256993037523,4.863749578554054,0.18700575837453196,0.009740590318237874,8775
