load,param,value,ship_recall,dark_recall,MB_offered,latency_med_h,greedy_minus_fifo,ours_minus_baseline,n_dark
40000,(baseline),,0.6798978095283152,0.6792893875642824,178.60882937289006,4.673820214719196,0.0,0.06330131996025923,2139
40000,dark_weight,1.0,0.6798978095283152,0.6792893875642824,178.60882937289006,4.685034243797852,0.0,0.06330131996025923,2139
40000,dark_weight,2.0,0.6798978095283152,0.6792893875642824,178.60882937289006,4.675779682959178,0.0,0.06330131996025923,2139
40000,dark_weight,5.0,0.6798978095283152,0.6792893875642824,178.60882937289006,4.673820214719196,0.0,0.06330131996025923,2139
40000,dark_weight,10.0,0.6798978095283152,0.6792893875642824,178.60882937289006,4.674082926156393,0.0,0.06330131996025923,2139
40000,dark_weight,20.0,0.6798978095283152,0.6792893875642824,178.60882937289006,4.674975547456377,0.0,0.06330131996025923,2139
40000,dark_wake_value,0.0,0.6798978095283152,0.6792893875642824,178.60882937289006,4.617015528470787,0.0,0.06330131996025923,2139
40000,dark_wake_value,0.5,0.6798978095283152,0.6792893875642824,178.60882937289006,4.673662224322339,0.0,0.06330131996025923,2139
40000,dark_wake_value,1.0,0.6798978095283152,0.6792893875642824,178.60882937289006,4.673820214719196,0.0,0.06330131996025923,2139
40000,dark_wake_value,2.0,0.6798978095283152,0.6792893875642824,178.60882937289006,4.674161695723251,0.0,0.06330131996025923,2139
40000,dark_wake_value,5.0,0.6798978095283152,0.6792893875642824,178.60882937289006,4.675322667521127,0.0,0.06330131996025923,2139
40000,thumb_value,0.001,0.6798978095283152,0.6792893875642824,178.60882937289006,4.53463486248983,0.0,0.06330131996025923,2139
40000,thumb_value,0.005,0.6798978095283152,0.6792893875642824,178.60882937289006,4.617015528470787,0.0,0.06330131996025923,2139
40000,thumb_value,0.01,0.6798978095283152,0.6792893875642824,178.60882937289006,4.673820214719196,0.0,0.06330131996025923,2139
40000,thumb_value,0.05,0.6798978095283152,0.6792893875642824,178.60882937289006,4.814892622864815,0.0,0.06330131996025923,2139
40000,thumb_value,0.1,0.6798978095283152,0.6792893875642824,178.60882937289006,4.814892622864815,0.0,0.06330131996025923,2139
40000,p_dark,0.02,0.6798978095283152,0.7032710280373832,172.9921378276413,4.6285421945830185,0.0,0.06330131996025923,428
40000,p_dark,0.05,0.6798978095283152,0.6910268270120259,175.1300365662559,4.642834494728467,0.0,0.06330131996025923,1081
40000,p_dark,0.1,0.6798978095283152,0.6792893875642824,178.60882937289006,4.673820214719196,0.0,0.06330131996025923,2139
40000,p_dark,0.2,0.6798978095283152,0.6728905696052943,184.76176797546066,4.726205589895667,0.0,0.06330131996025923,4231
40000,p_dark,0.4,0.6798978095283152,0.6823736780258519,198.6654414304817,4.77798794237084,0.041633155130813226,0.06330131996025923,8510
40000,cloud,0.0,0.8189204599448826,0.8243052284503062,200.8828708848618,4.811786747849375,0.06162691247743035,0.07331559441223978,2123
40000,cloud,0.05,0.7711445152697174,0.7573044297832233,188.14736180328168,4.729049180928103,0.013081533631433717,0.0678812672438397,2122
40000,cloud,0.15,0.6798978095283152,0.6792893875642824,178.60882937289006,4.673820214719196,0.0,0.06330131996025923,2139
40000,cloud,0.3,0.5623717217787914,0.5555555555555556,145.4713566294901,4.368462249532738,0.0,0.04542759407069552,2214
40000,cloud,0.5,0.3957536772974675,0.41785714285714287,101.37445747633595,4.150643359460177,0.0,0.034996176510278476,2240
40000,conf_high,0.6,0.6798978095283152,0.6792893875642824,177.83907551401484,4.666753268364759,0.0,0.06330131996025923,2139
40000,conf_high,0.67,0.6798978095283152,0.6792893875642824,178.60882937289006,4.673820214719196,0.0,0.06330131996025923,2139
40000,conf_high,0.8,0.6798978095283152,0.6792893875642824,181.166179156637,4.700564962088764,0.0,0.06330131996025923,2139
40000,conf_high,0.9,0.6798978095283152,0.6792893875642824,187.96000284410243,4.799014032122834,0.008610493447509082,0.06330131996025923,2139
40000,conf_high,0.99,0.6798978095283152,0.6792893875642824,190.71523126615952,4.8295892811490635,0.019113403037327892,0.06330131996025923,2139
40000,conf_low,0.05,0.7679897809528315,0.7690509583917718,180.33641494016237,4.685048225009537,0.0,0.035482802668306834,2139
40000,conf_low,0.1,0.7430098878743435,0.7466105656848995,179.86114524128402,4.685048123696409,0.0,0.042721294412641275,2139
40000,conf_low,0.25,0.6798978095283152,0.6792893875642824,178.60882937289006,4.673820214719196,0.0,0.06330131996025923,2139
40000,conf_low,0.329,0.6481998391446279,0.6474988312295465,178.0547442546957,4.670710599563808,0.0,0.07200643421488384,2139
40000,conf_low,0.4,0.6113450347731466,0.6115007012622721,177.40253833695678,4.676895771645933,0.0,0.0783460282916213,2139
40000,aging,0.0,0.6798978095283152,0.6792893875642824,178.60882937289006,4.568092061567541,0.0,0.06330131996025923,2139
40000,aging,0.25,0.6798978095283152,0.6792893875642824,178.60882937289006,4.658012466551941,0.0,0.06330131996025923,2139
40000,aging,0.5,0.6798978095283152,0.6792893875642824,178.60882937289006,4.673820214719196,0.0,0.06330131996025923,2139
40000,aging,1.0,0.6798978095283152,0.6792893875642824,178.60882937289006,4.694539808735585,0.0,0.06330131996025923,2139
40000,aging,2.0,0.6798978095283152,0.6792893875642824,178.60882937289006,4.701786535711971,0.0,0.06330131996025923,2139
160000,(baseline),,0.634078601808167,0.6733904069426527,699.0139915767077,4.865274172371792,0.4573872219768983,0.012933739279986978,8527
160000,dark_weight,1.0,0.6378088177191066,0.6315233962706697,699.0139915767077,4.879037302842487,0.4611174378878379,0.01666395519092656,8527
160000,dark_weight,2.0,0.6366351360773468,0.6535710097337868,699.0139915767077,4.872039592699857,0.4599437562460781,0.015490273549166766,8527
160000,dark_weight,5.0,0.634078601808167,0.6733904069426527,699.0139915767077,4.865274172371792,0.4573872219768983,0.012933739279986978,8527
160000,dark_weight,10.0,0.6337299834987333,0.674797701419022,699.0139915767077,4.8232543790241795,0.4570386036674646,0.01258512097055331,8527
160000,dark_weight,20.0,0.6337299834987333,0.674797701419022,699.0139915767077,4.791483255096112,0.4570386036674646,0.01258512097055331,8527
160000,dark_wake_value,0.0,0.6422014084179701,0.674797701419022,699.0139915767077,4.826526927678926,0.46551002858670143,0.021056545889790113,8527
160000,dark_wake_value,0.5,0.6362632765472843,0.6739767796411399,699.0139915767077,4.833941230442785,0.4595718967160156,0.015118414019104298,8527
160000,dark_wake_value,1.0,0.634078601808167,0.6733904069426527,699.0139915767077,4.865274172371792,0.4573872219768983,0.012933739279986978,8527
160000,dark_wake_value,2.0,0.6337299834987333,0.6732731324029553,699.0139915767077,4.896967894306904,0.4570386036674646,0.01258512097055331,8527
160000,dark_wake_value,5.0,0.6337299834987333,0.6732731324029553,699.0139915767077,4.91391221906559,0.4570386036674646,0.01258512097055331,8527
160000,thumb_value,0.001,0.634078601808167,0.6733904069426527,699.0139915767077,4.865274172371792,0.4573872219768983,0.012933739279986978,8527
160000,thumb_value,0.005,0.634078601808167,0.6733904069426527,699.0139915767077,4.865274172371792,0.4573872219768983,0.012933739279986978,8527
160000,thumb_value,0.01,0.634078601808167,0.6733904069426527,699.0139915767077,4.865274172371792,0.4573872219768983,0.012933739279986978,8527
160000,thumb_value,0.05,0.6160898970413926,0.6603729330362378,699.0139915767077,4.824675221759655,0.4393985172101239,-0.0050549654867874105,8527
160000,thumb_value,0.1,0.6018778906268157,0.6407880849067668,699.0139915767077,4.875015945421169,0.42518651079554703,-0.019266971901364283,8527
160000,p_dark,0.02,0.6425500267274037,0.6863301191151446,677.1301315784578,4.843647121627689,0.46042020126897065,0.02140516419922367,1763
160000,p_dark,0.05,0.6402142840541986,0.6738826815642458,685.1459128945954,4.838016833743994,0.4598624119738769,0.019069421526018537,4296
160000,p_dark,0.1,0.634078601808167,0.6733904069426527,699.0139915767077,4.865274172371792,0.4573872219768983,0.012933739279986978,8527
160000,p_dark,0.2,0.6243870128059126,0.6649677797305213,727.2041888775083,4.842764755590981,0.45459827550142934,0.0032421502777325584,17070
160000,p_dark,0.4,0.6225974388174867,0.6422347215341124,782.4727667947582,4.864037918730004,0.4625235317358868,0.0014525762893067284,34313
160000,cloud,0.0,0.7431088009784091,0.8067157095396298,817.6230869885837,4.981194609014374,0.5560468507455666,0.005656427865845082,8428
160000,cloud,0.05,0.7051995248568101,0.7691029900332226,784.9719212491706,4.815627255850639,0.5192468274783304,0.006268597033883272,8428
160000,cloud,0.15,0.634078601808167,0.6733904069426527,699.0139915767077,4.865274172371792,0.4573872219768983,0.012933739279986978,8527
160000,cloud,0.3,0.5265465899828954,0.5627314814814814,580.1100039083333,4.944334425072045,0.34488181745129776,0.018585482889646565,8640
160000,cloud,0.5,0.3794983765682803,0.38700854700854703,404.61256993037523,4.73168876135585,0.19945018270677542,0.02218501465048134,8775
160000,conf_high,0.6,0.6350431124642666,0.6737422305617451,695.77678404326,4.846481915925764,0.4573291189253259,0.01389824993608657,8527
160000,conf_high,0.67,0.634078601808167,0.6733904069426527,699.0139915767077,4.865274172371792,0.4573872219768983,0.012933739279986978,8527
160000,conf_high,0.8,0.6305807981035164,0.672100387005981,709.9025259135781,4.892292430422344,0.4569921212262068,0.009435935575336396,8527
160000,conf_high,0.9,0.6209821739837776,0.666119385481412,738.3080368331755,5.01992456017358,0.4528203221233179,-0.00016268854440237845,8527
160000,conf_high,0.99,0.6170079252562345,0.6611938548141199,749.4624349309593,5.1401999370642155,0.4509494038626909,-0.004136937271945529,8527
160000,conf_low,0.05,0.7147837404420481,0.7551307611117626,705.5115445092207,4.820580424104759,0.5191159039672764,-0.0156645827038836,8527
160000,conf_low,0.1,0.6906012503776698,0.7271021461240764,703.4465711758401,4.831496913302886,0.5008831663838985,-0.007588258535338288,8527
160000,conf_low,0.25,0.634078601808167,0.6733904069426527,699.0139915767077,4.865274172371792,0.4573872219768983,0.012933739279986978,8527
160000,conf_low,0.329,0.600913379970716,0.6428990266213205,696.6254467878547,4.880823277549729,0.43244939224208057,0.02134706114765139,8527
160000,conf_low,0.4,0.5680851558323843,0.6099448809663423,694.2970942897736,4.908083994609786,0.4070467380946847,0.02872614869732959,8527
160000,aging,0.0,0.6346363911032608,0.674797701419022,699.0139915767077,4.580447425223823,0.45794501127199205,0.013491528575080736,8527
160000,aging,0.25,0.6341134636391104,0.6737422305617451,699.0139915767077,4.772999816892322,0.45742208380784166,0.012968601110930345,8527
160000,aging,0.5,0.634078601808167,0.6733904069426527,699.0139915767077,4.865274172371792,0.4573872219768983,0.012933739279986978,8527
160000,aging,1.0,0.633950775094708,0.6731558578632579,699.0139915767077,4.914862433186968,0.4572593952634393,0.012805912566527966,8527
160000,aging,2.0,0.6338926720431357,0.6730385833235605,699.0139915767077,4.962935146933483,0.457201292211867,0.012747809514955688,8527
