image,size_px,straddles,found_whole,found_grid,found_sahi,found_edge,slices_whole,slices_grid,slices_sahi,slices_edge
00f34434e.jpg,60.0,False,True,True,True,True,,,,
00f34434e.jpg,170.999808,True,True,True,True,True,,,,
00f34434e.jpg,10.000128,False,False,True,True,True,1.0,4.0,9.0,8.0
015369fd9.jpg,74.999808,False,True,True,True,True,,,,
015369fd9.jpg,112.99967999999998,False,True,True,True,True,,,,
015369fd9.jpg,84.0,False,True,True,True,True,,,,
015369fd9.jpg,93.000192,True,True,False,False,False,1.0,4.0,9.0,6.0
020aa1a39.jpg,262.000128,True,True,False,False,False,1.0,4.0,9.0,8.0
03b1ddf8a.jpg,13.999872,True,True,False,True,True,,,,
03b1ddf8a.jpg,10.000128,False,False,True,True,True,,,,
03b1ddf8a.jpg,18.000384,False,True,True,True,True,,,,
03b1ddf8a.jpg,12.0,False,False,False,False,False,1.0,4.0,9.0,8.0
03ed3a56b.jpg,42.000384,False,True,True,True,True,1.0,4.0,9.0,6.0
040d0634b.jpg,8.000256,False,True,True,False,True,,,,
040d0634b.jpg,7.00032,False,True,False,False,False,,,,
040d0634b.jpg,5.9996160000000005,False,False,False,False,False,1.0,4.0,9.0,6.0
0586bf2da.jpg,21.000192,False,True,True,True,True,1.0,4.0,9.0,6.0
07ae92b4f.jpg,104.00025600000001,False,True,True,True,True,1.0,4.0,9.0,4.0
08692dd80.jpg,87.999744,False,True,True,True,True,1.0,4.0,9.0,8.0
0a4864b49.jpg,28.99968,False,True,False,True,False,,,,
0a4864b49.jpg,114.000384,False,True,True,True,True,1.0,4.0,9.0,4.0
0bbf29b74.jpg,39.999744,False,True,True,True,True,1.0,4.0,9.0,6.0
0bde4207e.jpg,19.000320000000002,False,False,False,False,False,1.0,4.0,9.0,6.0
0c669f94c.jpg,61.999871999999996,False,True,True,True,True,1.0,4.0,9.0,6.0
0cbf8d68c.jpg,26.999808,False,True,True,True,True,,,,
0cbf8d68c.jpg,59.000064,False,True,True,True,True,1.0,4.0,9.0,4.0
0dec35751.jpg,108.0,True,True,True,True,True,,,,
0dec35751.jpg,72.99993599999999,True,True,True,True,True,1.0,4.0,9.0,8.0
115f9bef0.jpg,16.999679999999998,False,True,True,True,True,1.0,4.0,9.0,4.0
1179e005f.jpg,25.999872000000003,True,True,True,True,True,1.0,4.0,9.0,6.0
134c1a225.jpg,85.999872,True,True,True,True,True,1.0,4.0,9.0,8.0
13522033c.jpg,34.000128,False,True,True,True,True,1.0,4.0,9.0,4.0
135a2a350.jpg,76.99968,False,True,True,True,True,,,,
135a2a350.jpg,24.999935999999998,False,False,False,False,False,,,,
135a2a350.jpg,24.0,False,False,False,True,True,1.0,4.0,9.0,6.0
14d37f915.jpg,82.000128,False,False,False,False,False,,,,
14d37f915.jpg,15.999744,False,False,False,False,False,,,,
14d37f915.jpg,170.999808,True,True,False,True,True,,,,
14d37f915.jpg,119.00006400000001,False,True,False,False,False,1.0,4.0,9.0,6.0
15d775515.jpg,31.00032,False,True,True,True,True,1.0,4.0,9.0,4.0
16623c042.jpg,42.000384,False,True,True,True,True,1.0,4.0,9.0,4.0
19a6c3326.jpg,23.000064,False,True,True,True,True,,,,
19a6c3326.jpg,25.999872000000003,False,True,True,True,True,1.0,4.0,9.0,4.0
1ca5e609a.jpg,19.000320000000002,False,False,False,False,False,,,,
1ca5e609a.jpg,12.999936000000002,False,False,False,False,False,1.0,4.0,9.0,8.0
1d94e25d2.jpg,73.999872,False,True,True,True,True,,,,
1d94e25d2.jpg,28.99968,False,True,True,True,True,,,,
1d94e25d2.jpg,60.999936,False,True,True,True,True,,,,
1d94e25d2.jpg,42.000384,True,True,False,False,False,,,,
1d94e25d2.jpg,76.99968,False,True,True,True,True,1.0,4.0,9.0,8.0
1dd26e14e.jpg,92.000256,False,True,True,True,True,1.0,4.0,9.0,4.0
20d79dd2f.jpg,83.00006400000001,False,True,True,True,True,,,,
20d79dd2f.jpg,84.0,True,True,True,True,True,1.0,4.0,9.0,8.0
2103fe959.jpg,25.999872000000003,False,False,False,False,False,1.0,4.0,9.0,6.0
25584dc84.jpg,152.000256,True,True,False,True,True,,,,
25584dc84.jpg,107.00006400000001,False,True,False,False,False,,,,
25584dc84.jpg,24.999935999999998,False,False,False,True,False,1.0,4.0,9.0,8.0
259c985dd.jpg,171.999744,True,True,True,True,True,1.0,4.0,9.0,6.0
2b2a75acc.jpg,59.000064,False,True,True,True,True,,,,
2b2a75acc.jpg,43.00032,False,True,True,True,True,1.0,4.0,9.0,8.0
2b81cf769.jpg,16.999679999999998,False,True,True,True,True,1.0,4.0,9.0,4.0
3062b6786.jpg,74.999808,False,True,True,True,True,,,,
3062b6786.jpg,74.999808,False,True,True,True,True,1.0,4.0,9.0,8.0
32f5686a7.jpg,23.000064,False,False,False,False,False,1.0,4.0,9.0,8.0
33bf5dcb6.jpg,74.999808,False,True,True,True,True,1.0,4.0,9.0,4.0
3440823c3.jpg,204.0,False,True,True,True,True,1.0,4.0,9.0,4.0
3a8901b53.jpg,16.999679999999998,False,False,False,False,False,1.0,4.0,9.0,6.0
3bea324fc.jpg,88.99968,False,True,True,True,True,,,,
3bea324fc.jpg,58.000128000000004,True,True,True,True,True,1.0,4.0,9.0,6.0
3c2952f27.jpg,140.000256,False,True,True,True,True,1.0,4.0,9.0,4.0
3d61b732b.jpg,84.99993599999999,False,True,False,False,False,,,,
3d61b732b.jpg,84.99993599999999,False,True,False,False,False,1.0,4.0,9.0,8.0
4089f465e.jpg,31.00032,False,True,True,True,True,,,,
4089f465e.jpg,83.00006400000001,True,True,True,True,True,,,,
4089f465e.jpg,16.999679999999998,False,True,True,True,True,,,,
4089f465e.jpg,60.999936,True,True,True,True,True,,,,
4089f465e.jpg,59.000064,False,True,True,True,True,,,,
4089f465e.jpg,13.999872,False,False,True,True,True,,,,
4089f465e.jpg,24.999935999999998,True,True,False,True,True,,,,
4089f465e.jpg,57.000192,False,True,True,True,True,,,,
4089f465e.jpg,19.000320000000002,False,True,True,True,True,,,,
4089f465e.jpg,24.0,False,True,True,True,True,,,,
4089f465e.jpg,57.000192,False,True,True,True,True,,,,
4089f465e.jpg,36.0,False,True,True,True,True,,,,
4089f465e.jpg,38.999808,False,True,True,True,True,1.0,4.0,9.0,8.0
40a0415ef.jpg,38.999808,False,True,True,True,True,1.0,4.0,9.0,4.0
42bee6533.jpg,22.000128,False,True,False,True,False,,,,
42bee6533.jpg,14.999808,False,True,True,True,True,,,,
42bee6533.jpg,22.000128,False,False,False,False,False,,,,
42bee6533.jpg,14.999808,False,True,False,False,False,,,,
42bee6533.jpg,13.999872,False,False,False,False,False,,,,
42bee6533.jpg,16.999679999999998,False,True,True,True,True,,,,
42bee6533.jpg,12.0,False,True,False,False,False,,,,
42bee6533.jpg,20.000256,False,True,False,False,False,,,,
42bee6533.jpg,20.000256,False,True,True,True,True,,,,
42bee6533.jpg,18.000384,False,True,True,True,True,,,,
42bee6533.jpg,24.0,False,True,False,False,False,,,,
42bee6533.jpg,48.999936,False,True,True,True,True,1.0,4.0,9.0,4.0
448dd8e9a.jpg,59.000064,False,True,True,True,True,,,,
448dd8e9a.jpg,64.99968,False,True,True,True,True,1.0,4.0,9.0,4.0
484f3b0a2.jpg,11.000064,False,False,False,False,False,,,,
484f3b0a2.jpg,16.999679999999998,False,True,False,False,False,1.0,4.0,9.0,4.0
4a31f722e.jpg,108.99993599999999,False,True,True,True,True,1.0,4.0,9.0,4.0
4bc9e7730.jpg,84.0,False,True,True,True,True,1.0,4.0,9.0,8.0
4e6fe1b43.jpg,19.000320000000002,False,False,False,False,False,,,,
4e6fe1b43.jpg,12.0,False,False,False,False,False,,,,
4e6fe1b43.jpg,13.999872,False,False,False,False,False,1.0,4.0,9.0,6.0
5096a18c5.jpg,31.00032,False,False,False,False,False,,,,
5096a18c5.jpg,72.99993599999999,False,True,True,True,True,1.0,4.0,9.0,4.0
521b76192.jpg,12.999936000000002,False,True,True,True,True,,,,
521b76192.jpg,16.999679999999998,True,False,True,True,True,1.0,4.0,9.0,6.0
53d7d0fc0.jpg,20.000256,False,True,True,True,True,1.0,4.0,9.0,4.0
56317f238.jpg,44.000256,False,True,True,True,True,1.0,4.0,9.0,4.0
5b2ec9852.jpg,20.000256,False,True,False,False,False,,,,
5b2ec9852.jpg,142.00012800000002,True,True,True,True,True,,,,
5b2ec9852.jpg,22.000128,False,True,True,True,True,1.0,4.0,9.0,8.0
5b9a12be9.jpg,14.999808,False,False,False,True,False,1.0,4.0,9.0,6.0
5efecf273.jpg,195.999744,False,True,True,True,True,1.0,4.0,9.0,8.0
60338a3a3.jpg,36.999936,False,True,False,False,False,1.0,4.0,9.0,4.0
6109bea53.jpg,45.000192,False,True,True,True,True,1.0,4.0,9.0,4.0
611b87d1b.jpg,151.00032000000002,True,True,True,True,True,,,,
611b87d1b.jpg,210.000384,True,True,True,False,True,1.0,4.0,9.0,6.0
6171d14ca.jpg,79.00032,False,True,True,True,True,1.0,4.0,9.0,4.0
61dc40fd1.jpg,194.99980800000003,False,True,True,True,True,1.0,4.0,9.0,6.0
63340414f.jpg,134.999808,True,True,False,True,True,,,,
63340414f.jpg,82.000128,True,True,True,True,True,1.0,4.0,9.0,6.0
636e10852.jpg,7.00032,False,False,False,True,False,1.0,4.0,9.0,4.0
649b2e8ec.jpg,151.00032000000002,True,True,True,True,True,1.0,4.0,9.0,6.0
65119ed3f.jpg,73.999872,False,True,True,True,True,1.0,4.0,9.0,4.0
66114c351.jpg,107.00006400000001,False,False,False,False,False,,,,
66114c351.jpg,110.999808,False,True,True,True,True,1.0,4.0,9.0,6.0
6744b9fda.jpg,132.999936,False,True,True,True,True,1.0,4.0,9.0,6.0
68c40ca8e.jpg,39.999744,False,False,True,True,True,1.0,4.0,9.0,4.0
6a4ac74eb.jpg,94.000128,False,True,True,True,True,,,,
6a4ac74eb.jpg,90.000384,True,True,True,True,True,,,,
6a4ac74eb.jpg,98.999808,False,True,True,True,True,1.0,4.0,9.0,4.0
6a75ef9a7.jpg,111.99974399999999,False,True,False,True,False,1.0,4.0,9.0,4.0
6af49af68.jpg,153.000192,False,True,True,True,True,1.0,4.0,9.0,4.0
6bdf830e9.jpg,9.000192,False,True,True,True,True,,,,
6bdf830e9.jpg,8.000256,False,True,True,True,True,1.0,4.0,9.0,8.0
6c51b9af1.jpg,140.000256,False,True,True,True,True,1.0,4.0,9.0,4.0
6d6b5c79e.jpg,39.999744,False,True,True,True,True,,,,
6d6b5c79e.jpg,31.00032,False,True,True,True,True,,,,
6d6b5c79e.jpg,37.999872,False,True,True,True,True,,,,
6d6b5c79e.jpg,37.999872,False,True,True,True,True,,,,
6d6b5c79e.jpg,31.00032,True,True,False,True,True,,,,
6d6b5c79e.jpg,35.000064,True,True,False,True,False,,,,
6d6b5c79e.jpg,44.000256,False,True,True,True,True,,,,
6d6b5c79e.jpg,40.99968,False,True,True,True,True,,,,
6d6b5c79e.jpg,44.000256,False,True,True,True,True,,,,
6d6b5c79e.jpg,68.000256,False,True,True,True,True,1.0,4.0,9.0,8.0
6f09397cd.jpg,49.999871999999996,True,True,False,True,True,1.0,4.0,9.0,6.0
72568823a.jpg,166.00012800000002,True,True,True,True,True,1.0,4.0,9.0,6.0
73f3e0d81.jpg,121.999872,True,True,True,True,True,1.0,4.0,9.0,6.0
7481d103b.jpg,22.000128,True,False,False,False,False,1.0,4.0,9.0,6.0
777e40118.jpg,29.999616,False,False,False,False,False,1.0,4.0,9.0,4.0
79053c150.jpg,12.999936000000002,False,True,True,True,True,,,,
79053c150.jpg,11.000064,True,True,True,True,True,,,,
79053c150.jpg,9.000192,False,True,True,True,True,,,,
79053c150.jpg,11.000064,False,True,True,True,True,1.0,4.0,9.0,6.0
7a1f6ffcd.jpg,12.0,False,False,False,False,False,1.0,4.0,9.0,4.0
7af142518.jpg,19.000320000000002,False,False,False,False,False,1.0,4.0,9.0,4.0
7df285494.jpg,24.0,False,True,True,True,True,1.0,4.0,9.0,4.0
7f9d77796.jpg,130.00012800000002,False,True,True,True,True,,,,
7f9d77796.jpg,70.000128,False,True,True,True,True,,,,
7f9d77796.jpg,57.000192,False,True,True,True,True,,,,
7f9d77796.jpg,72.99993599999999,False,True,True,True,True,1.0,4.0,9.0,6.0
8053c0eb5.jpg,8.000256,False,True,True,True,True,,,,
8053c0eb5.jpg,8.000256,False,True,True,True,True,,,,
8053c0eb5.jpg,5.9996160000000005,False,True,True,True,True,1.0,4.0,9.0,4.0
80c991d08.jpg,134.999808,False,True,True,True,True,1.0,4.0,9.0,4.0
8113a97f4.jpg,34.000128,False,True,True,True,True,1.0,4.0,9.0,4.0
82fa6feb0.jpg,23.000064,False,True,False,True,False,1.0,4.0,9.0,6.0
83f6011e3.jpg,131.000064,True,True,True,True,True,1.0,4.0,9.0,6.0
84a066bee.jpg,29.999616,False,True,True,True,True,1.0,4.0,9.0,8.0
86964c018.jpg,88.99968,False,True,True,True,True,1.0,4.0,9.0,4.0
8751e708d.jpg,72.0,False,True,True,True,True,1.0,4.0,9.0,4.0
8759ab630.jpg,22.000128,False,True,True,True,True,,,,
8759ab630.jpg,18.000384,False,True,False,False,False,1.0,4.0,9.0,6.0
88b55ae2a.jpg,13.999872,False,True,True,True,True,1.0,4.0,9.0,4.0
8a353f292.jpg,19.000320000000002,False,False,False,False,False,1.0,4.0,9.0,6.0
8afe804ba.jpg,179.000064,False,True,True,True,True,1.0,4.0,9.0,4.0
8fdffa16f.jpg,82.000128,True,True,True,True,True,,,,
8fdffa16f.jpg,27.999744,False,True,True,True,True,,,,
8fdffa16f.jpg,12.999936000000002,False,True,True,True,True,,,,
8fdffa16f.jpg,22.000128,False,True,True,True,True,,,,
8fdffa16f.jpg,72.99993599999999,False,True,True,True,True,,,,
8fdffa16f.jpg,70.000128,True,True,True,True,True,1.0,4.0,9.0,6.0
90b852c20.jpg,20.000256,False,False,False,False,False,1.0,4.0,9.0,8.0
90dd7a904.jpg,67.00032,False,True,True,True,True,1.0,4.0,9.0,6.0
91026f37f.jpg,21.000192,False,True,True,True,True,1.0,4.0,9.0,4.0
9326704a8.jpg,57.000192,False,True,True,True,True,1.0,4.0,9.0,6.0
951012287.jpg,7.00032,False,True,True,True,True,,,,
951012287.jpg,9.000192,False,True,False,True,False,,,,
951012287.jpg,8.000256,False,True,True,True,True,,,,
951012287.jpg,8.000256,False,False,False,True,False,,,,
951012287.jpg,8.000256,False,True,False,True,False,,,,
951012287.jpg,8.000256,False,False,True,True,True,,,,
951012287.jpg,7.00032,False,True,True,True,True,,,,
951012287.jpg,9.000192,False,True,True,True,True,,,,
951012287.jpg,8.000256,False,True,False,True,False,,,,
951012287.jpg,7.00032,False,True,False,False,False,,,,
951012287.jpg,8.000256,False,True,True,True,True,,,,
951012287.jpg,8.000256,False,True,False,True,False,,,,
951012287.jpg,8.000256,False,False,True,True,True,1.0,4.0,9.0,8.0
955f86d96.jpg,80.000256,False,True,True,True,True,,,,
955f86d96.jpg,96.0,True,True,True,True,True,1.0,4.0,9.0,8.0
98aedefbe.jpg,117.000192,True,True,True,True,True,1.0,4.0,9.0,4.0
99d552cd3.jpg,40.99968,False,True,True,True,True,1.0,4.0,9.0,6.0
9aff0579f.jpg,39.999744,False,True,False,False,False,1.0,4.0,9.0,4.0
9b66947b6.jpg,7.00032,False,True,True,True,True,1.0,4.0,9.0,6.0
9baebd106.jpg,12.999936000000002,False,True,True,True,True,1.0,4.0,9.0,4.0
9cbe01cd5.jpg,24.999935999999998,False,True,True,True,True,,,,
9cbe01cd5.jpg,23.000064,False,True,True,True,True,,,,
9cbe01cd5.jpg,24.999935999999998,False,True,True,True,True,1.0,4.0,9.0,4.0
9ce7301b7.jpg,181.99987199999998,False,True,True,True,True,1.0,4.0,9.0,4.0
9ed7ee672.jpg,108.99993599999999,True,True,True,True,True,,,,
9ed7ee672.jpg,107.00006400000001,True,True,True,True,True,,,,
9ed7ee672.jpg,72.0,False,True,True,True,True,,,,
9ed7ee672.jpg,26.999808,False,True,True,True,True,,,,
9ed7ee672.jpg,27.999744,False,True,True,True,True,1.0,4.0,9.0,8.0
9edef8ed8.jpg,22.000128,False,True,True,True,True,1.0,4.0,9.0,6.0
9fd5ffab8.jpg,116.00025600000001,False,True,True,True,True,1.0,4.0,9.0,4.0
a09ebdb2a.jpg,125.999616,True,True,True,True,True,1.0,4.0,9.0,6.0
a11221fe0.jpg,19.000320000000002,True,True,True,True,True,1.0,4.0,9.0,6.0
a453f5a1d.jpg,34.000128,False,True,True,True,True,1.0,4.0,9.0,4.0
a53531c44.jpg,218.99980800000003,False,True,True,True,True,1.0,4.0,9.0,4.0
a69be0c5b.jpg,20.000256,False,True,False,False,False,1.0,4.0,9.0,6.0
a75dc5c66.jpg,4.99968,False,False,False,False,False,1.0,4.0,9.0,6.0
a89f33618.jpg,32.000256,False,True,True,True,True,1.0,4.0,9.0,6.0
a9411389a.jpg,28.99968,False,True,True,True,True,1.0,4.0,9.0,4.0
a9f4e777c.jpg,192.99993600000002,False,True,True,True,True,1.0,4.0,9.0,4.0
aa0b9e324.jpg,92.000256,False,True,True,True,True,1.0,4.0,9.0,4.0
ae1853ca8.jpg,56.00025599999999,False,False,True,True,True,,,,
ae1853ca8.jpg,25.999872000000003,False,False,False,False,False,,,,
ae1853ca8.jpg,21.000192,False,False,False,False,False,,,,
ae1853ca8.jpg,23.000064,False,False,False,False,False,,,,
ae1853ca8.jpg,28.99968,False,False,False,False,False,,,,
ae1853ca8.jpg,34.000128,False,False,False,False,False,,,,
ae1853ca8.jpg,19.000320000000002,False,False,False,True,False,,,,
ae1853ca8.jpg,36.999936,False,False,False,False,False,,,,
ae1853ca8.jpg,47.000064,False,False,False,False,False,,,,
ae1853ca8.jpg,34.000128,False,False,False,False,False,,,,
ae1853ca8.jpg,20.000256,False,True,True,True,True,1.0,4.0,9.0,8.0
b1320fe27.jpg,205.99987199999998,False,True,True,True,True,1.0,4.0,9.0,6.0
b22fbb23a.jpg,169.99987199999998,False,True,True,True,True,1.0,4.0,9.0,4.0
b25cf48fa.jpg,19.000320000000002,False,True,True,True,True,,,,
b25cf48fa.jpg,12.0,False,False,False,True,False,,,,
b25cf48fa.jpg,42.000384,False,True,True,True,True,,,,
b25cf48fa.jpg,10.000128,False,False,True,True,True,1.0,4.0,9.0,6.0
b265c10ce.jpg,52.99968,False,True,True,True,True,,,,
b265c10ce.jpg,45.000192,False,True,True,True,True,,,,
b265c10ce.jpg,221.999616,False,True,True,True,True,,,,
b265c10ce.jpg,123.99974399999999,False,True,True,True,True,,,,
b265c10ce.jpg,10.000128,False,True,False,True,False,1.0,4.0,9.0,6.0
b2a9baf05.jpg,15.999744,True,True,False,False,True,1.0,4.0,9.0,6.0
b2eb00597.jpg,25.999872000000003,False,False,True,True,True,1.0,4.0,9.0,6.0
b2f3df87d.jpg,24.0,False,True,False,False,False,1.0,4.0,9.0,6.0
b4b0e7436.jpg,13.999872,False,True,False,True,False,,,,
b4b0e7436.jpg,70.000128,False,True,True,True,True,,,,
b4b0e7436.jpg,179.000064,True,True,False,True,False,1.0,4.0,9.0,8.0
b98b44064.jpg,42.000384,False,True,True,True,True,,,,
b98b44064.jpg,55.00032,False,True,True,True,True,,,,
b98b44064.jpg,47.000064,False,True,True,True,True,,,,
b98b44064.jpg,60.999936,False,True,True,True,True,,,,
b98b44064.jpg,45.000192,False,True,True,True,True,,,,
b98b44064.jpg,25.999872000000003,False,True,False,True,False,1.0,4.0,9.0,4.0
baa66afec.jpg,32.000256,False,True,True,True,True,,,,
baa66afec.jpg,8.000256,False,False,False,True,False,1.0,4.0,9.0,4.0
bbc7b8ca2.jpg,159.999744,True,True,True,True,True,1.0,4.0,9.0,6.0
bcdbf2386.jpg,96.0,False,True,True,True,True,1.0,4.0,9.0,4.0
bdc25fbd9.jpg,45.000192,False,True,False,False,False,1.0,4.0,9.0,4.0
beddd60c7.jpg,32.000256,False,True,True,True,True,1.0,4.0,9.0,6.0
bf861b8d7.jpg,79.00032,False,True,True,True,True,1.0,4.0,9.0,4.0
c04440f78.jpg,24.0,False,False,True,True,True,,,,
c04440f78.jpg,37.999872,False,True,False,True,False,1.0,4.0,9.0,6.0
c0a2aa92f.jpg,25.999872000000003,False,True,False,False,False,1.0,4.0,9.0,4.0
c0e45f5b0.jpg,192.99993600000002,False,True,True,True,True,,,,
c0e45f5b0.jpg,74.999808,False,True,True,True,True,,,,
c0e45f5b0.jpg,171.999744,False,True,True,True,True,1.0,4.0,9.0,8.0
c4a8edd30.jpg,85.999872,False,True,True,True,True,1.0,4.0,9.0,4.0
c5e525fea.jpg,15.999744,False,True,True,True,True,1.0,4.0,9.0,4.0
c670f06d8.jpg,263.00006399999995,True,True,False,True,True,,,,
c670f06d8.jpg,74.999808,True,True,False,True,True,,,,
c670f06d8.jpg,74.999808,True,True,True,True,True,1.0,4.0,9.0,6.0
c6ad8f468.jpg,24.0,False,True,True,True,True,,,,
c6ad8f468.jpg,64.99968,False,True,True,True,True,,,,
c6ad8f468.jpg,52.99968,False,True,True,True,True,1.0,4.0,9.0,4.0
c76da3b19.jpg,100.99967999999998,False,True,True,True,True,1.0,4.0,9.0,6.0
c791d559e.jpg,19.000320000000002,False,True,True,True,True,1.0,4.0,9.0,4.0
c7e07fca0.jpg,24.0,False,True,True,True,True,,,,
c7e07fca0.jpg,20.000256,False,True,True,True,True,1.0,4.0,9.0,6.0
cf7cec252.jpg,11.000064,False,False,False,False,False,1.0,4.0,9.0,6.0
cfd05d1c9.jpg,152.000256,True,True,True,True,True,1.0,4.0,9.0,6.0
cfd639214.jpg,80.000256,False,True,True,True,True,1.0,4.0,9.0,4.0
d20b85754.jpg,266.99980800000003,True,True,False,True,True,1.0,4.0,9.0,6.0
d2ae3203b.jpg,190.00012800000002,False,True,True,True,True,1.0,4.0,9.0,4.0
d3a2d2f2a.jpg,42.000384,False,True,True,True,True,,,,
d3a2d2f2a.jpg,31.00032,False,False,True,True,True,,,,
d3a2d2f2a.jpg,51.99974400000001,False,True,True,True,True,,,,
d3a2d2f2a.jpg,19.000320000000002,False,True,True,True,True,,,,
d3a2d2f2a.jpg,12.999936000000002,False,False,False,False,False,,,,
d3a2d2f2a.jpg,24.999935999999998,False,False,False,False,False,,,,
d3a2d2f2a.jpg,118.000128,False,True,True,True,True,1.0,4.0,9.0,8.0
d41a86c8c.jpg,12.999936000000002,False,True,True,True,True,1.0,4.0,9.0,6.0
d4b10112b.jpg,5.9996160000000005,False,False,False,False,False,1.0,4.0,9.0,4.0
d7bed5c3c.jpg,36.999936,False,True,True,True,True,1.0,4.0,9.0,4.0
d90fea18e.jpg,91.00032,False,True,True,True,True,,,,
d90fea18e.jpg,10.000128,False,True,True,True,True,,,,
d90fea18e.jpg,74.999808,False,True,True,True,True,1.0,4.0,9.0,8.0
dc1cec72f.jpg,86.999808,False,True,True,True,True,1.0,4.0,9.0,4.0
dcecb5848.jpg,24.999935999999998,False,False,False,False,False,1.0,4.0,9.0,4.0
dd5aefa8e.jpg,28.99968,False,True,True,True,True,,,,
dd5aefa8e.jpg,33.000192,False,True,True,True,True,,,,
dd5aefa8e.jpg,28.99968,False,True,True,True,True,1.0,4.0,9.0,8.0
dea844684.jpg,23.000064,False,True,False,True,False,1.0,4.0,9.0,6.0
deb7cf470.jpg,14.999808,False,True,False,False,False,1.0,4.0,9.0,6.0
dfd14645c.jpg,8.000256,False,False,False,False,False,1.0,4.0,9.0,6.0
e0adf0993.jpg,85.999872,False,True,True,True,True,1.0,4.0,9.0,6.0
e0d71d52d.jpg,76.99968,True,True,True,True,True,1.0,4.0,9.0,6.0
e28a77c4e.jpg,23.000064,False,True,False,False,False,1.0,4.0,9.0,6.0
e37b55da1.jpg,42.000384,False,True,True,True,True,1.0,4.0,9.0,6.0
e3c71ea14.jpg,177.000192,True,True,True,True,True,1.0,4.0,9.0,6.0
e4b51fe24.jpg,75.999744,False,True,True,True,True,1.0,4.0,9.0,4.0
e7e49cac5.jpg,282.000384,True,True,False,False,False,1.0,4.0,9.0,8.0
e93929a2a.jpg,73.999872,False,True,True,True,True,,,,
e93929a2a.jpg,37.999872,False,True,True,True,True,1.0,4.0,9.0,6.0
ea2b77c43.jpg,4.99968,False,False,True,True,True,1.0,4.0,9.0,4.0
ea81c8a23.jpg,21.000192,False,True,True,True,True,1.0,4.0,9.0,4.0
ec170c50b.jpg,4.99968,False,False,False,False,False,,,,
ec170c50b.jpg,4.99968,False,False,False,False,False,,,,
ec170c50b.jpg,4.99968,False,False,False,False,False,,,,
ec170c50b.jpg,5.9996160000000005,False,False,True,True,True,,,,
ec170c50b.jpg,7.00032,False,False,False,False,False,,,,
ec170c50b.jpg,4.99968,False,False,True,True,True,,,,
ec170c50b.jpg,8.000256,False,False,False,False,False,,,,
ec170c50b.jpg,9.000192,False,False,False,False,True,1.0,4.0,9.0,8.0
ecd914a2b.jpg,46.000128,False,True,True,True,True,1.0,4.0,9.0,4.0
ed251c7a8.jpg,11.000064,False,False,True,True,True,1.0,4.0,9.0,4.0
ed56586cf.jpg,21.000192,False,True,True,True,True,1.0,4.0,9.0,4.0
edb53d816.jpg,47.000064,False,True,True,True,True,,,,
edb53d816.jpg,47.000064,False,True,True,True,True,1.0,4.0,9.0,4.0
ef1fa61c0.jpg,85.999872,False,True,True,True,True,,,,
ef1fa61c0.jpg,44.000256,False,True,True,True,True,,,,
ef1fa61c0.jpg,191.000064,True,True,True,True,True,1.0,4.0,9.0,8.0
eff2250b5.jpg,116.00025600000001,True,True,True,True,True,1.0,4.0,9.0,8.0
f0a108e91.jpg,37.999872,False,True,True,True,True,,,,
f0a108e91.jpg,13.999872,False,True,False,False,False,1.0,4.0,9.0,6.0
f1b306c90.jpg,204.99993600000002,False,True,True,True,True,1.0,4.0,9.0,4.0
f42a7d560.jpg,71.00006400000001,False,True,True,True,True,1.0,4.0,9.0,6.0
f63de9cd1.jpg,105.000192,False,True,True,True,True,1.0,4.0,9.0,4.0
f6a08f68c.jpg,49.999871999999996,False,True,False,True,False,1.0,4.0,9.0,4.0
f6e1b1630.jpg,18.000384,False,False,False,False,False,,,,
f6e1b1630.jpg,24.0,False,True,True,True,True,1.0,4.0,9.0,6.0
f721c8317.jpg,76.99968,True,True,True,True,True,1.0,4.0,9.0,6.0
f8213373d.jpg,81.000192,False,True,True,True,True,1.0,4.0,9.0,4.0
f92a0584e.jpg,117.000192,False,True,True,True,True,1.0,4.0,9.0,4.0
fa1633dcc.jpg,219.999744,False,True,True,True,True,,,,
fa1633dcc.jpg,12.999936000000002,False,True,True,True,True,1.0,4.0,9.0,6.0
fa36defc8.jpg,12.0,False,False,False,False,False,1.0,4.0,9.0,4.0
fadc3eb1b.jpg,33.000192,False,True,False,True,False,1.0,4.0,9.0,8.0
fb385591a.jpg,18.000384,False,True,False,False,False,1.0,4.0,9.0,4.0
fbb6f5df0.jpg,16.999679999999998,False,True,True,True,True,,,,
fbb6f5df0.jpg,74.999808,False,True,True,True,True,,,,
fbb6f5df0.jpg,149.999616,False,True,True,True,True,,,,
fbb6f5df0.jpg,151.00032000000002,True,True,True,True,True,1.0,4.0,9.0,6.0
ffa9569bf.jpg,21.000192,False,False,False,False,False,,,,
ffa9569bf.jpg,21.000192,False,False,False,False,False,1.0,4.0,9.0,6.0
ffd1999b4.jpg,19.000320000000002,False,True,False,False,False,1.0,4.0,9.0,8.0
ffe89d4cb.jpg,184.99967999999998,False,True,True,True,True,,,,
ffe89d4cb.jpg,213.00019199999997,False,True,False,False,False,,,,
ffe89d4cb.jpg,31.00032,False,True,True,True,True,1.0,4.0,9.0,6.0
fff909871.jpg,38.999808,False,True,True,True,True,1.0,4.0,9.0,4.0
