image,quality,bytes,psnr_db,ships,found,n_pred
009c1116c.jpg,original,153819,inf,1,1,2
009c1116c.jpg,q60,45724,35.50610221326734,1,1,3
009c1116c.jpg,q40,35411,33.93311349135962,1,0,1
009c1116c.jpg,q30,29505,33.12678690047556,1,1,2
009c1116c.jpg,q20,22915,31.568112673249725,1,0,0
010e15afe.jpg,original,140747,inf,9,7,11
010e15afe.jpg,q60,40979,36.00973044477847,9,7,12
010e15afe.jpg,q40,31654,34.43013332833412,9,7,10
010e15afe.jpg,q30,26918,33.72563721826801,9,6,8
010e15afe.jpg,q20,21192,32.34757036742522,9,6,9
02765ce9b.jpg,original,188312,inf,10,3,6
02765ce9b.jpg,q60,61576,35.287662541006114,10,1,4
02765ce9b.jpg,q40,47810,33.502613035947874,10,1,4
02765ce9b.jpg,q30,40028,32.72382429503425,10,2,4
02765ce9b.jpg,q20,29350,31.170029387659767,10,0,2
02ae62f2c.jpg,original,238377,inf,1,1,1
02ae62f2c.jpg,q60,94762,36.149844233021064,1,1,1
02ae62f2c.jpg,q40,77177,34.14982652985596,1,1,1
02ae62f2c.jpg,q30,68151,32.786124082697,1,1,1
02ae62f2c.jpg,q20,54104,31.035731354464758,1,1,1
02bd946c3.jpg,original,228949,inf,0,0,0
02bd946c3.jpg,q60,88041,35.87100830994797,0,0,0
02bd946c3.jpg,q40,70844,34.025414624823675,0,0,0
02bd946c3.jpg,q30,61822,32.82877548011128,0,0,0
02bd946c3.jpg,q20,48936,31.1257626338777,0,0,0
03007ae96.jpg,original,222945,inf,1,1,1
03007ae96.jpg,q60,86355,36.65794564073285,1,1,1
03007ae96.jpg,q40,70156,34.56079778427106,1,1,1
03007ae96.jpg,q30,61844,33.410643201968774,1,1,1
03007ae96.jpg,q20,48542,31.201919711340658,1,1,1
0325c0ae2.jpg,original,410359,inf,1,1,1
0325c0ae2.jpg,q60,150968,26.745833091214752,1,1,1
0325c0ae2.jpg,q40,119319,24.719901642236508,1,1,1
0325c0ae2.jpg,q30,101024,23.94463165172816,1,1,1
0325c0ae2.jpg,q20,73528,22.809749385497952,1,1,1
03aba0a7c.jpg,original,173644,inf,3,3,3
03aba0a7c.jpg,q60,63257,38.567088643663794,3,3,3
03aba0a7c.jpg,q40,50207,36.231907698521546,3,3,4
03aba0a7c.jpg,q30,42939,35.0193939999118,3,3,3
03aba0a7c.jpg,q20,31444,33.05184073165074,3,3,3
03e984e0d.jpg,original,265335,inf,1,1,1
03e984e0d.jpg,q60,106257,34.91187082493732,1,1,1
03e984e0d.jpg,q40,86735,32.868181050351765,1,1,1
03e984e0d.jpg,q30,76389,31.67840649741766,1,1,1
03e984e0d.jpg,q20,60763,29.821893454288706,1,1,1
05201af27.jpg,original,164747,inf,2,2,2
05201af27.jpg,q60,59063,38.99734929720678,2,2,2
05201af27.jpg,q40,46825,36.60070173656189,2,2,2
05201af27.jpg,q30,39492,35.37181021599402,2,2,2
05201af27.jpg,q20,28286,33.507389526551165,2,2,2
0586bf2da.jpg,original,118181,inf,1,1,1
0586bf2da.jpg,q60,38724,41.20330530124639,1,1,1
0586bf2da.jpg,q40,30400,39.03057968272981,1,1,2
0586bf2da.jpg,q30,24913,37.77709581410345,1,1,1
0586bf2da.jpg,q20,17987,35.751051935014154,1,1,2
06042c03e.jpg,original,210836,inf,0,0,0
06042c03e.jpg,q60,81376,37.349107166461536,0,0,0
06042c03e.jpg,q40,66052,35.14977141839391,0,0,0
06042c03e.jpg,q30,58276,33.805549877102365,0,0,0
06042c03e.jpg,q20,45306,31.783837911697997,0,0,0
063c4aa67.jpg,original,166287,inf,5,5,5
063c4aa67.jpg,q60,60148,38.846574638804164,5,5,6
063c4aa67.jpg,q40,48170,36.54200607556909,5,5,5
063c4aa67.jpg,q30,40839,35.317008747635974,5,4,5
063c4aa67.jpg,q20,29659,33.3949323917177,5,4,5
080fc5847.jpg,original,181802,inf,1,0,0
080fc5847.jpg,q60,69976,38.61838822516485,1,1,1
080fc5847.jpg,q40,56647,36.4852426329585,1,0,0
080fc5847.jpg,q30,49801,34.95189793865655,1,0,0
080fc5847.jpg,q20,38124,33.04491436554983,1,0,0
0890f05fd.jpg,original,210324,inf,0,0,0
0890f05fd.jpg,q60,81675,37.449146883846645,0,0,0
0890f05fd.jpg,q40,66527,35.325766026531696,0,0,0
0890f05fd.jpg,q30,58425,34.173729436579734,0,0,0
0890f05fd.jpg,q20,45525,32.132790961971466,0,0,0
089f21dd9.jpg,original,323663,inf,3,3,3
089f21dd9.jpg,q60,129111,32.84713661979215,3,3,3
089f21dd9.jpg,q40,104431,30.88170632854244,3,3,3
089f21dd9.jpg,q30,91598,29.871974446255503,3,2,2
089f21dd9.jpg,q20,73669,28.14058970767046,3,2,2
0919e159e.jpg,original,95503,inf,1,0,0
0919e159e.jpg,q60,29129,42.13291808484456,1,0,0
0919e159e.jpg,q40,23483,40.22023024224723,1,0,0
0919e159e.jpg,q30,20453,38.65048386917339,1,0,0
0919e159e.jpg,q20,16670,36.82029108462151,1,0,0
09525b367.jpg,original,126303,inf,0,0,0
09525b367.jpg,q60,42847,40.96197515246698,0,0,0
09525b367.jpg,q40,33437,38.55490285610719,0,0,0
09525b367.jpg,q30,27620,37.33644875272418,0,0,0
09525b367.jpg,q20,19410,35.04197637092374,0,0,0
0967e5ea0.jpg,original,212276,inf,1,0,1
0967e5ea0.jpg,q60,81836,37.387508813033335,1,0,1
0967e5ea0.jpg,q40,65736,35.06820031780067,1,0,1
0967e5ea0.jpg,q30,57181,33.800446820061794,1,1,1
0967e5ea0.jpg,q20,45399,31.745440896934003,1,0,1
096f867ec.jpg,original,238713,inf,2,2,2
096f867ec.jpg,q60,92932,35.94176483173986,2,2,2
096f867ec.jpg,q40,75575,34.02659152743417,2,2,2
096f867ec.jpg,q30,66762,32.85802571481117,2,2,2
096f867ec.jpg,q20,52706,30.934637240342365,2,2,2
0a09da25f.jpg,original,363530,inf,1,1,1
0a09da25f.jpg,q60,127177,27.776183686656395,1,1,1
0a09da25f.jpg,q40,100497,26.016274354068116,1,1,1
0a09da25f.jpg,q30,84379,25.32944987102489,1,1,1
0a09da25f.jpg,q20,61308,24.253158138501263,1,1,1
0a2c6480e.jpg,original,317592,inf,2,2,2
0a2c6480e.jpg,q60,108673,29.600984980616587,2,2,2
0a2c6480e.jpg,q40,87468,28.19394048176084,2,2,2
0a2c6480e.jpg,q30,74721,27.578312278195757,2,2,2
0a2c6480e.jpg,q20,55893,26.464853173570365,2,2,2
0acfb1627.jpg,original,192190,inf,1,0,0
0acfb1627.jpg,q60,73421,38.094754576912344,1,0,0
0acfb1627.jpg,q40,59443,35.95285700048049,1,0,0
0acfb1627.jpg,q30,52217,34.36588919295652,1,0,0
0acfb1627.jpg,q20,39978,32.14536606634644,1,0,0
0dadcb924.jpg,original,272158,inf,1,0,0
0dadcb924.jpg,q60,107444,34.76911487327475,1,0,0
0dadcb924.jpg,q40,87203,32.73951582785916,1,0,0
0dadcb924.jpg,q30,77064,31.674692036077495,1,0,0
0dadcb924.jpg,q20,61791,29.681783467941848,1,0,0
0e011db65.jpg,original,132009,inf,0,0,0
0e011db65.jpg,q60,44559,40.50817878289898,0,0,0
0e011db65.jpg,q40,33976,38.541825650300794,0,0,0
0e011db65.jpg,q30,28447,37.280653616570575,0,0,0
0e011db65.jpg,q20,21277,35.27674875660398,0,0,0
0e4a5ae51.jpg,original,216530,inf,1,0,0
0e4a5ae51.jpg,q60,84607,36.9090681101985,1,0,0
0e4a5ae51.jpg,q40,68902,34.744477465286565,1,0,0
0e4a5ae51.jpg,q30,61206,33.60863301860684,1,0,0
0e4a5ae51.jpg,q20,47981,31.30597234071878,1,0,0
0ebbee9f9.jpg,original,221371,inf,4,2,2
0ebbee9f9.jpg,q60,86507,36.968911082048685,4,2,2
0ebbee9f9.jpg,q40,70403,34.77948949899756,4,2,2
0ebbee9f9.jpg,q30,61987,33.586125011691024,4,2,2
0ebbee9f9.jpg,q20,48360,31.241204831508874,4,2,2
0efbf3431.jpg,original,144479,inf,9,2,8
0efbf3431.jpg,q60,39148,36.82516233276577,9,3,6
0efbf3431.jpg,q40,28913,35.52642635558368,9,2,4
0efbf3431.jpg,q30,23863,34.24328180835137,9,1,3
0efbf3431.jpg,q20,18445,32.98835745766088,9,2,3
0f5b253f0.jpg,original,217187,inf,1,0,0
0f5b253f0.jpg,q60,84746,36.88413187375651,1,0,0
0f5b253f0.jpg,q40,68882,34.70707261216323,1,0,0
0f5b253f0.jpg,q30,60486,33.44001549006046,1,0,0
0f5b253f0.jpg,q20,47006,31.33384022367059,1,0,0
0f7aba2e0.jpg,original,111326,inf,4,0,3
0f7aba2e0.jpg,q60,33059,41.089642997513536,4,0,2
0f7aba2e0.jpg,q40,25103,39.46172965670176,4,0,4
0f7aba2e0.jpg,q30,20146,38.06061259312928,4,0,4
0f7aba2e0.jpg,q20,15411,36.377874082188974,4,0,2
0f81bc382.jpg,original,211206,inf,1,1,1
0f81bc382.jpg,q60,81857,37.42223756472716,1,1,1
0f81bc382.jpg,q40,66561,35.1445267413626,1,1,1
0f81bc382.jpg,q30,58471,33.95037393269585,1,1,1
0f81bc382.jpg,q20,45207,31.422147992398873,1,1,1
1093ebba2.jpg,original,210949,inf,1,0,0
1093ebba2.jpg,q60,83765,37.610958288629895,1,0,0
1093ebba2.jpg,q40,68482,35.52672926609462,1,0,0
1093ebba2.jpg,q30,59519,34.199538801882134,1,1,1
1093ebba2.jpg,q20,46761,32.1255161884092,1,0,0
1097748b8.jpg,original,209872,inf,1,1,1
1097748b8.jpg,q60,81397,37.45978699849749,1,1,1
1097748b8.jpg,q40,66136,35.21428713652511,1,1,1
1097748b8.jpg,q30,58120,34.0073700492201,1,1,1
1097748b8.jpg,q20,44837,31.53688151960108,1,1,1
11f1398df.jpg,original,293907,inf,0,0,0
11f1398df.jpg,q60,117557,34.13128770034396,0,0,0
11f1398df.jpg,q40,96544,32.23284931641971,0,0,0
11f1398df.jpg,q30,85457,31.21013285874136,0,0,0
11f1398df.jpg,q20,69176,29.270880382264878,0,0,0
12c41b236.jpg,original,280450,inf,0,0,0
12c41b236.jpg,q60,109829,34.01357056559407,0,0,0
12c41b236.jpg,q40,88430,32.04896733658782,0,0,0
12c41b236.jpg,q30,77413,30.95218409113146,0,0,0
12c41b236.jpg,q20,62031,29.269639007804447,0,0,0
13038001c.jpg,original,121674,inf,0,0,0
13038001c.jpg,q60,40508,40.930548297192,0,0,0
13038001c.jpg,q40,31992,39.03217330355608,0,0,0
13038001c.jpg,q30,26655,37.434282423458185,0,0,0
13038001c.jpg,q20,19009,35.7940328983742,0,0,0
149f806bd.jpg,original,167021,inf,1,1,1
149f806bd.jpg,q60,61887,38.694219572974674,1,0,0
149f806bd.jpg,q40,49702,36.53604496920127,1,0,0
149f806bd.jpg,q30,42751,35.217233598304716,1,0,0
149f806bd.jpg,q20,32133,33.07892372105062,1,0,0
1603a3ccb.jpg,original,156660,inf,1,1,2
1603a3ccb.jpg,q60,55889,39.53085933160925,1,1,2
1603a3ccb.jpg,q40,44835,36.93665144105775,1,1,2
1603a3ccb.jpg,q30,37968,35.6644863375842,1,1,2
1603a3ccb.jpg,q20,27065,33.68126400318344,1,1,2
1635616e4.jpg,original,142228,inf,2,2,3
1635616e4.jpg,q60,48121,39.741836009920036,2,2,3
1635616e4.jpg,q40,37515,37.38451268975656,2,2,3
1635616e4.jpg,q30,30984,36.40307229792748,2,2,3
1635616e4.jpg,q20,22834,34.21552291057868,2,2,2
1721f5d2f.jpg,original,305190,inf,1,0,0
1721f5d2f.jpg,q60,124517,34.05587869712963,1,0,0
1721f5d2f.jpg,q40,101237,31.939692906765124,1,0,0
1721f5d2f.jpg,q30,89068,30.78791194588152,1,0,0
1721f5d2f.jpg,q20,72014,29.044244633570464,1,0,0
17d340b7c.jpg,original,125413,inf,0,0,0
17d340b7c.jpg,q60,42684,40.761452843557244,0,0,0
17d340b7c.jpg,q40,33538,38.85027375152208,0,0,0
17d340b7c.jpg,q30,28004,37.52985391364447,0,0,0
17d340b7c.jpg,q20,20770,35.28396689870165,0,0,0
1818c134a.jpg,original,379615,inf,1,1,1
1818c134a.jpg,q60,134904,27.274871358250724,1,1,1
1818c134a.jpg,q40,106025,25.364401045841586,1,1,1
1818c134a.jpg,q30,89223,24.65197852028801,1,1,1
1818c134a.jpg,q20,63981,23.59703258112056,1,1,1
192bd6793.jpg,original,198232,inf,0,0,0
192bd6793.jpg,q60,74921,37.92019011930214,0,0,0
192bd6793.jpg,q40,61589,35.941732510231766,0,0,0
192bd6793.jpg,q30,53497,34.682704360145316,0,0,0
192bd6793.jpg,q20,42171,32.32628868275837,0,0,0
196ee962f.jpg,original,247999,inf,1,1,1
196ee962f.jpg,q60,96095,35.185051642373615,1,1,1
196ee962f.jpg,q40,77241,33.162647920394036,1,1,2
196ee962f.jpg,q30,67254,32.07900716590653,1,1,1
196ee962f.jpg,q20,53419,30.23231392864965,1,1,1
19acbe356.jpg,original,176395,inf,2,2,2
19acbe356.jpg,q60,64036,38.3791475551998,2,2,2
19acbe356.jpg,q40,50935,36.07011658574143,2,2,2
19acbe356.jpg,q30,43098,34.821314602518626,2,2,4
19acbe356.jpg,q20,31868,32.939039705046255,2,2,2
19e2fd98c.jpg,original,284738,inf,1,1,2
19e2fd98c.jpg,q60,95937,30.879420524615302,1,1,1
19e2fd98c.jpg,q40,77100,29.487429762034118,1,1,3
19e2fd98c.jpg,q30,65501,28.84876552520488,1,0,1
19e2fd98c.jpg,q20,48715,27.569875333042482,1,1,1
1a116c81a.jpg,original,224996,inf,3,2,3
1a116c81a.jpg,q60,87239,36.472403873572695,3,2,3
1a116c81a.jpg,q40,70935,34.48813050113162,3,2,4
1a116c81a.jpg,q30,62587,33.249993736957705,3,2,4
1a116c81a.jpg,q20,48946,31.30307450597516,3,2,3
1bfbbc7fe.jpg,original,210424,inf,4,3,3
1bfbbc7fe.jpg,q60,82103,37.28628593057699,4,3,3
1bfbbc7fe.jpg,q40,66618,35.058660215902485,4,3,3
1bfbbc7fe.jpg,q30,58537,33.65074103028483,4,3,3
1bfbbc7fe.jpg,q20,45287,31.620904894387646,4,3,3
1c4fef539.jpg,original,225295,inf,0,0,0
1c4fef539.jpg,q60,85329,35.91520621491926,0,0,0
1c4fef539.jpg,q40,66409,33.90172395690075,0,0,0
1c4fef539.jpg,q30,56553,32.835959721636115,0,0,0
1c4fef539.jpg,q20,44272,31.060505503015058,0,0,0
1e4407baa.jpg,original,226671,inf,1,1,1
1e4407baa.jpg,q60,88670,36.777165349014616,1,1,1
1e4407baa.jpg,q40,71549,34.74122874239991,1,1,1
1e4407baa.jpg,q30,62109,33.40538721503121,1,1,1
1e4407baa.jpg,q20,48789,31.590447544463785,1,1,1
1ec5ea69b.jpg,original,263932,inf,4,4,5
1ec5ea69b.jpg,q60,103444,34.94003733846108,4,4,5
1ec5ea69b.jpg,q40,83571,32.92875455908441,4,3,4
1ec5ea69b.jpg,q30,73631,31.860948022172476,4,4,6
1ec5ea69b.jpg,q20,58776,29.978566436582128,4,4,4
1f2defddc.jpg,original,323431,inf,0,0,0
1f2defddc.jpg,q60,104019,28.205541655892127,0,0,0
1f2defddc.jpg,q40,80513,26.647665964462654,0,0,0
1f2defddc.jpg,q30,67560,26.030950068423657,0,0,0
1f2defddc.jpg,q20,45853,25.066576895219757,0,0,0
20d26c027.jpg,original,314847,inf,6,5,5
20d26c027.jpg,q60,103769,28.52172834781797,6,5,5
20d26c027.jpg,q40,80480,26.941086362373866,6,5,5
20d26c027.jpg,q30,66706,26.345001645807514,6,5,5
20d26c027.jpg,q20,45167,25.29406241615397,6,5,6
20d79dd2f.jpg,original,209072,inf,2,2,2
20d79dd2f.jpg,q60,79561,37.08271904227188,2,2,2
20d79dd2f.jpg,q40,64308,34.918840138407916,2,2,2
20d79dd2f.jpg,q30,56093,33.69975587688883,2,2,2
20d79dd2f.jpg,q20,43555,31.626787218952288,2,2,2
21125597b.jpg,original,294456,inf,1,1,1
21125597b.jpg,q60,100851,30.639577112466956,1,1,2
21125597b.jpg,q40,79625,28.912516432108628,1,1,1
21125597b.jpg,q30,68222,28.14181872962056,1,1,1
21125597b.jpg,q20,52414,26.864216082429717,1,1,2
21133ac70.jpg,original,163893,inf,7,7,8
21133ac70.jpg,q60,49159,35.12841725304743,7,7,8
21133ac70.jpg,q40,37786,33.49593707555155,7,7,9
21133ac70.jpg,q30,32091,32.7101735019193,7,7,9
21133ac70.jpg,q20,25283,31.347508573316173,7,7,8
214d4bf28.jpg,original,276517,inf,1,1,1
214d4bf28.jpg,q60,109299,34.51176283257208,1,1,1
214d4bf28.jpg,q40,88502,32.49663430555538,1,1,1
214d4bf28.jpg,q30,77904,31.43368765254861,1,1,1
214d4bf28.jpg,q20,62456,29.60375465615717,1,1,1
21afbfaa5.jpg,original,396014,inf,1,1,1
21afbfaa5.jpg,q60,142356,27.11938604401866,1,1,1
21afbfaa5.jpg,q40,108583,25.323444279953456,1,1,1
21afbfaa5.jpg,q30,90630,24.545157941396262,1,1,1
21afbfaa5.jpg,q20,64551,23.364239005558048,1,1,1
2241c0623.jpg,original,112180,inf,0,0,0
2241c0623.jpg,q60,35294,41.69692663197325,0,0,0
2241c0623.jpg,q40,26113,39.53492041862885,0,0,0
2241c0623.jpg,q30,21468,38.43903395333376,0,0,0
2241c0623.jpg,q20,16309,35.85579524399638,0,0,0
2822a6b62.jpg,original,238347,inf,1,1,1
2822a6b62.jpg,q60,94512,36.51598033739842,1,1,1
2822a6b62.jpg,q40,75649,34.29590223731393,1,1,1
2822a6b62.jpg,q30,65785,33.046612207333645,1,1,1
2822a6b62.jpg,q20,52747,31.176735502053074,1,1,1
28d73ba1c.jpg,original,137196,inf,1,1,2
28d73ba1c.jpg,q60,44683,39.98278116398944,1,1,2
28d73ba1c.jpg,q40,33235,37.894433653764914,1,1,1
28d73ba1c.jpg,q30,27626,36.52479867275154,1,1,1
28d73ba1c.jpg,q20,20498,34.98332951160372,1,1,1
2a0f1a5cd.jpg,original,252993,inf,1,1,1
2a0f1a5cd.jpg,q60,98932,35.42522296680248,1,1,1
2a0f1a5cd.jpg,q40,80543,33.522552534821514,1,1,1
2a0f1a5cd.jpg,q30,70960,32.33327561268972,1,1,1
2a0f1a5cd.jpg,q20,56399,30.574426193137793,1,1,1
2aea51424.jpg,original,282126,inf,5,5,5
2aea51424.jpg,q60,92621,30.545355600739992,5,5,5
2aea51424.jpg,q40,73978,29.192128748959078,5,5,5
2aea51424.jpg,q30,62100,28.564912764918738,5,5,5
2aea51424.jpg,q20,44837,27.37764642367027,5,5,5
2bcb022a0.jpg,original,218057,inf,10,9,13
2bcb022a0.jpg,q60,85487,37.043848483078996,10,8,14
2bcb022a0.jpg,q40,69734,34.85872734631158,10,8,12
2bcb022a0.jpg,q30,61585,33.582140062483845,10,8,10
2bcb022a0.jpg,q20,48243,31.26102538805188,10,8,12
2cd9a46b1.jpg,original,240761,inf,1,1,1
2cd9a46b1.jpg,q60,94916,35.96263774925386,1,1,1
2cd9a46b1.jpg,q40,77500,33.94771841385291,1,1,1
2cd9a46b1.jpg,q30,68303,32.85370277124316,1,1,1
2cd9a46b1.jpg,q20,54290,30.590677973851182,1,1,1
313b581e9.jpg,original,129225,inf,2,2,2
313b581e9.jpg,q60,40849,40.07389727020093,2,2,2
313b581e9.jpg,q40,31171,38.077404558859065,2,2,2
313b581e9.jpg,q30,24902,36.99085092229244,2,2,2
313b581e9.jpg,q20,18017,34.66376535105653,2,2,2
3147eef20.jpg,original,91668,inf,1,1,2
3147eef20.jpg,q60,25813,41.746989517452576,1,1,2
3147eef20.jpg,q40,20734,40.19416850293485,1,1,2
3147eef20.jpg,q30,17994,39.14353823177311,1,1,2
3147eef20.jpg,q20,14660,36.411527150475436,1,1,1
33bf5dcb6.jpg,original,205166,inf,1,1,1
33bf5dcb6.jpg,q60,80436,37.57956311312804,1,1,1
33bf5dcb6.jpg,q40,65685,35.49732013365942,1,1,1
33bf5dcb6.jpg,q30,57554,33.906484154508505,1,1,1
33bf5dcb6.jpg,q20,44983,31.96586602495274,1,1,1
3522d78c7.jpg,original,251802,inf,1,1,1
3522d78c7.jpg,q60,101059,36.05089675216779,1,1,1
3522d78c7.jpg,q40,82353,33.92289255170978,1,1,1
3522d78c7.jpg,q30,72537,32.66231882795784,1,1,1
3522d78c7.jpg,q20,58266,30.813468837158112,1,1,1
359675a23.jpg,original,210157,inf,1,1,1
359675a23.jpg,q60,80741,37.59760274465342,1,1,1
359675a23.jpg,q40,65874,35.580078787015275,1,1,1
359675a23.jpg,q30,57705,34.206328455410166,1,1,1
359675a23.jpg,q20,45349,32.38037049048591,1,1,1
3612dbf3d.jpg,original,185307,inf,12,3,3
3612dbf3d.jpg,q60,71402,38.609361928976604,12,2,2
3612dbf3d.jpg,q40,58040,36.36958308700349,12,3,3
3612dbf3d.jpg,q30,50949,35.00422914104413,12,2,3
3612dbf3d.jpg,q20,39187,32.63109980282312,12,2,3
3618853e6.jpg,original,310897,inf,1,0,0
3618853e6.jpg,q60,108756,28.813088827969825,1,0,0
3618853e6.jpg,q40,85687,27.17316114244177,1,0,0
3618853e6.jpg,q30,73375,26.560378130927123,1,0,0
3618853e6.jpg,q20,54855,25.552839459650343,1,0,0
3628f44bb.jpg,original,163134,inf,0,0,0
3628f44bb.jpg,q60,59849,39.049477693268614,0,0,0
3628f44bb.jpg,q40,47723,36.80310517913028,0,0,0
3628f44bb.jpg,q30,40974,35.48655599481309,0,0,0
3628f44bb.jpg,q20,30974,33.3939730796188,0,0,0
3679c695e.jpg,original,321306,inf,1,0,1
3679c695e.jpg,q60,123711,27.892026515195482,1,0,1
3679c695e.jpg,q40,98069,25.463811519750365,1,0,1
3679c695e.jpg,q30,86167,24.420934555501603,1,0,0
3679c695e.jpg,q20,64403,22.728016068591824,1,0,2
371371749.jpg,original,129983,inf,2,2,2
371371749.jpg,q60,33561,35.98467881163479,2,2,2
371371749.jpg,q40,26535,34.09288661620657,2,2,2
371371749.jpg,q30,23915,33.29037397344954,2,2,2
371371749.jpg,q20,19990,32.003635196956274,2,2,2
373f6dcfb.jpg,original,182896,inf,12,7,7
373f6dcfb.jpg,q60,69633,38.27850744212661,12,6,7
373f6dcfb.jpg,q40,55958,36.11779983590361,12,5,7
373f6dcfb.jpg,q30,48654,34.76193249352767,12,6,6
373f6dcfb.jpg,q20,37664,32.77326290195533,12,3,3
37e4582b5.jpg,original,114329,inf,0,0,0
37e4582b5.jpg,q60,35046,41.28056763108718,0,0,0
37e4582b5.jpg,q40,24841,39.52008997722861,0,0,0
37e4582b5.jpg,q30,20226,37.92871228237264,0,0,0
37e4582b5.jpg,q20,15863,36.565887127709495,0,0,0
3818abe8a.jpg,original,92334,inf,5,4,4
3818abe8a.jpg,q60,25097,41.824566078063825,5,4,4
3818abe8a.jpg,q40,20160,40.377001657120736,5,4,4
3818abe8a.jpg,q30,17882,38.76022227486015,5,4,4
3818abe8a.jpg,q20,15011,36.698336542483204,5,3,3
383d74eed.jpg,original,143010,inf,4,3,5
383d74eed.jpg,q60,47795,39.53701362717954,4,3,4
383d74eed.jpg,q40,37044,37.417064896662154,4,3,4
383d74eed.jpg,q30,29809,36.06823100736336,4,3,3
383d74eed.jpg,q20,20309,34.12269702537766,4,2,2
388dea368.jpg,original,201114,inf,1,1,1
388dea368.jpg,q60,77530,37.58965251127848,1,1,1
388dea368.jpg,q40,62780,35.405939614261996,1,1,1
388dea368.jpg,q30,55377,33.82772468868555,1,1,1
388dea368.jpg,q20,42278,31.91869440929252,1,1,1
3a4ce6532.jpg,original,206408,inf,2,0,0
3a4ce6532.jpg,q60,79969,37.33631895341943,2,0,0
3a4ce6532.jpg,q40,64993,35.14788054999316,2,0,0
3a4ce6532.jpg,q30,57094,33.87824687540818,2,0,0
3a4ce6532.jpg,q20,44013,31.65073553694466,2,0,0
3b3cc8ea7.jpg,original,211908,inf,0,0,0
3b3cc8ea7.jpg,q60,82913,37.50221229282945,0,0,0
3b3cc8ea7.jpg,q40,67755,35.28960532066829,0,0,0
3b3cc8ea7.jpg,q30,59501,34.08359693479669,0,0,0
3b3cc8ea7.jpg,q20,46554,31.847666566549798,0,0,0
3bd478c53.jpg,original,407094,inf,1,1,1
3bd478c53.jpg,q60,149134,26.378009651051396,1,1,1
3bd478c53.jpg,q40,117133,24.24667072764833,1,1,1
3bd478c53.jpg,q30,98556,23.460163236633424,1,1,1
3bd478c53.jpg,q20,68160,22.279062354211568,1,1,1
3c9e785ff.jpg,original,219082,inf,0,0,0
3c9e785ff.jpg,q60,85680,37.132856348711265,0,0,0
3c9e785ff.jpg,q40,70136,34.98415870212878,0,0,0
3c9e785ff.jpg,q30,61630,33.53749472020059,0,0,0
3c9e785ff.jpg,q20,48673,31.35761610052608,0,0,0
3e0dd9c9b.jpg,original,234754,inf,1,1,1
3e0dd9c9b.jpg,q60,90533,35.96320777897136,1,1,1
3e0dd9c9b.jpg,q40,72945,34.06266887755918,1,1,1
3e0dd9c9b.jpg,q30,63512,32.80507997756538,1,1,1
3e0dd9c9b.jpg,q20,50455,31.319506225975697,1,1,1
3e4e7490d.jpg,original,194673,inf,1,1,1
3e4e7490d.jpg,q60,73873,37.892092723288265,1,1,1
3e4e7490d.jpg,q40,60140,35.75351478593832,1,1,1
3e4e7490d.jpg,q30,52139,34.540955222654624,1,1,1
3e4e7490d.jpg,q20,39761,32.15646751060167,1,1,1
3fd3e6246.jpg,original,264665,inf,1,1,1
3fd3e6246.jpg,q60,102686,34.456184049003284,1,1,1
3fd3e6246.jpg,q40,82100,32.45790942958231,1,1,1
3fd3e6246.jpg,q30,71013,31.366621003524045,1,1,1
3fd3e6246.jpg,q20,56031,29.587552268651613,1,1,1
3fe82fd2e.jpg,original,224882,inf,1,1,1
3fe82fd2e.jpg,q60,88625,36.64907255246018,1,1,1
3fe82fd2e.jpg,q40,71884,34.53191387202382,1,1,1
3fe82fd2e.jpg,q30,63043,33.344176025393615,1,1,1
3fe82fd2e.jpg,q20,49495,31.089449934991904,1,1,1
4021b56d6.jpg,original,193964,inf,0,0,0
4021b56d6.jpg,q60,73506,37.957727092848195,0,0,0
4021b56d6.jpg,q40,59906,35.62366933963571,0,0,0
4021b56d6.jpg,q30,52090,34.42056637781826,0,0,0
4021b56d6.jpg,q20,39710,32.13151260017396,0,0,0
402fa9eb2.jpg,original,236560,inf,1,1,1
402fa9eb2.jpg,q60,91854,35.906297400190354,1,1,1
402fa9eb2.jpg,q40,74037,33.76767785592589,1,1,1
402fa9eb2.jpg,q30,64658,32.64890971267516,1,1,1
402fa9eb2.jpg,q20,50806,30.614039772646592,1,1,1
40a3703ec.jpg,original,375326,inf,1,0,0
40a3703ec.jpg,q60,131829,27.13089803996946,1,0,0
40a3703ec.jpg,q40,103108,25.290578440321568,1,0,0
40a3703ec.jpg,q30,88281,24.601634501391448,1,0,0
40a3703ec.jpg,q20,64454,23.461618391246333,1,0,0
41b682e28.jpg,original,274866,inf,3,3,3
41b682e28.jpg,q60,108614,34.58172902912979,3,3,3
41b682e28.jpg,q40,87678,32.55140990991877,3,3,3
41b682e28.jpg,q30,76979,31.49711739909231,3,3,3
41b682e28.jpg,q20,61510,29.623498155880718,3,3,3
43c11e6f8.jpg,original,230944,inf,0,0,0
43c11e6f8.jpg,q60,89278,36.255775668889655,0,0,0
43c11e6f8.jpg,q40,72081,34.310267303224045,0,0,0
43c11e6f8.jpg,q30,62857,33.04241295578595,0,0,0
43c11e6f8.jpg,q20,50039,31.442220720859588,0,0,0
44aa7e83a.jpg,original,368638,inf,2,1,1
44aa7e83a.jpg,q60,128016,27.353516852580984,2,1,1
44aa7e83a.jpg,q40,100454,25.605420959551417,2,1,2
44aa7e83a.jpg,q30,84166,24.978113452736142,2,1,1
44aa7e83a.jpg,q20,61023,23.98814121121283,2,1,1
452350dfd.jpg,original,149126,inf,2,1,3
452350dfd.jpg,q60,53252,39.40009928773648,2,1,3
452350dfd.jpg,q40,41397,37.14815058889133,2,1,3
452350dfd.jpg,q30,34581,35.787955830354136,2,1,3
452350dfd.jpg,q20,24492,33.92080246351655,2,2,3
458aba0b4.jpg,original,331117,inf,1,0,0
458aba0b4.jpg,q60,104951,27.713764210145527,1,0,1
458aba0b4.jpg,q40,80652,26.383413260753677,1,0,1
458aba0b4.jpg,q30,66642,25.86737398933872,1,1,1
458aba0b4.jpg,q20,46113,25.111865148392084,1,0,1
459de5394.jpg,original,109671,inf,1,1,1
459de5394.jpg,q60,32092,41.20958856884049,1,1,1
459de5394.jpg,q40,21938,39.63353097969743,1,1,1
459de5394.jpg,q30,17672,38.21334959894978,1,1,1
459de5394.jpg,q20,13892,36.15836487432768,1,1,1
45a321911.jpg,original,228278,inf,0,0,0
45a321911.jpg,q60,88191,36.45520868705674,0,0,0
45a321911.jpg,q40,71340,34.294313399429505,0,0,0
45a321911.jpg,q30,62522,33.096611995129706,0,0,0
45a321911.jpg,q20,48902,30.96411792372247,0,0,0
45fe47755.jpg,original,145624,inf,10,7,9
45fe47755.jpg,q60,50349,39.84890555625244,10,6,8
45fe47755.jpg,q40,39752,37.45769480875726,10,5,6
45fe47755.jpg,q30,33012,36.34767580458943,10,3,5
45fe47755.jpg,q20,22999,34.11129613872927,10,5,7
47aecfd34.jpg,original,259078,inf,4,4,5
47aecfd34.jpg,q60,102110,35.19510973605948,4,4,5
47aecfd34.jpg,q40,82692,33.07325723953986,4,4,4
47aecfd34.jpg,q30,72956,31.906242530506013,4,4,5
47aecfd34.jpg,q20,57612,29.944373816150907,4,3,3
48bcbbac2.jpg,original,263989,inf,1,0,0
48bcbbac2.jpg,q60,92323,32.64775817493765,1,0,0
48bcbbac2.jpg,q40,72919,30.94495144992603,1,0,0
48bcbbac2.jpg,q30,61933,30.089366532433903,1,0,0
48bcbbac2.jpg,q20,45650,28.650554660893995,1,0,0
49c087fe9.jpg,original,170056,inf,5,4,5
49c087fe9.jpg,q60,63126,38.73378800689003,5,3,3
49c087fe9.jpg,q40,50744,36.48466565933361,5,4,5
49c087fe9.jpg,q30,43787,35.20098029444004,5,2,2
49c087fe9.jpg,q20,32981,32.90056350803256,5,2,2
4aa0dc3d9.jpg,original,325087,inf,1,1,1
4aa0dc3d9.jpg,q60,105988,28.338592120224135,1,1,1
4aa0dc3d9.jpg,q40,83248,26.9001847426485,1,1,3
4aa0dc3d9.jpg,q30,68716,26.3174431891065,1,1,4
4aa0dc3d9.jpg,q20,47924,25.327905711811635,1,1,2
4d42dee53.jpg,original,313113,inf,2,2,3
4d42dee53.jpg,q60,124573,33.142190678121544,2,2,3
4d42dee53.jpg,q40,100450,31.095626367421822,2,2,3
4d42dee53.jpg,q30,88264,30.068994626600634,2,1,2
4d42dee53.jpg,q20,70896,28.32700387042712,2,1,2
4d70f9947.jpg,original,196461,inf,1,1,1
4d70f9947.jpg,q60,73222,37.585224894959815,1,1,1
4d70f9947.jpg,q40,59219,35.610296331753204,1,1,1
4d70f9947.jpg,q30,51377,33.882794510941864,1,1,1
4d70f9947.jpg,q20,39552,32.052777314966846,1,1,1
4dc0c6800.jpg,original,191150,inf,1,1,2
4dc0c6800.jpg,q60,74422,38.5643003512876,1,1,2
4dc0c6800.jpg,q40,60324,36.07356786357609,1,1,2
4dc0c6800.jpg,q30,53292,34.806066050739666,1,1,2
4dc0c6800.jpg,q20,40818,31.79609011420618,1,1,1
4f6881caa.jpg,original,197377,inf,2,2,3
4f6881caa.jpg,q60,75844,37.572466303593814,2,2,3
4f6881caa.jpg,q40,60840,35.323535926483196,2,2,3
4f6881caa.jpg,q30,52720,34.12136187528744,2,2,2
4f6881caa.jpg,q20,41415,32.10572407542236,2,2,2
4fc021083.jpg,original,226002,inf,3,3,3
4fc021083.jpg,q60,87984,36.45053747438311,3,3,3
4fc021083.jpg,q40,71228,34.334144549869265,3,3,3
4fc021083.jpg,q30,62721,33.06410092648759,3,3,4
4fc021083.jpg,q20,48962,31.048983076225095,3,3,4
501446101.jpg,original,382608,inf,1,1,1
501446101.jpg,q60,136007,27.217579530730237,1,1,1
501446101.jpg,q40,106937,25.321049014151807,1,1,1
501446101.jpg,q30,89914,24.613151481067817,1,1,1
501446101.jpg,q20,64910,23.532236992828935,1,1,1
50f2d35e7.jpg,original,209726,inf,6,6,6
50f2d35e7.jpg,q60,81362,37.3785115697189,6,6,6
50f2d35e7.jpg,q40,65923,35.20048226764065,6,6,6
50f2d35e7.jpg,q30,58104,33.97584225211799,6,6,6
50f2d35e7.jpg,q20,45243,31.906630520815455,6,6,6
51c5269d8.jpg,original,209415,inf,0,0,0
51c5269d8.jpg,q60,78409,36.91294794526389,0,0,0
51c5269d8.jpg,q40,61775,34.87701617903935,0,0,0
51c5269d8.jpg,q30,53007,33.79305887614698,0,0,0
51c5269d8.jpg,q20,41653,31.674371230982324,0,0,0
5257540c4.jpg,original,195514,inf,1,0,1
5257540c4.jpg,q60,72585,37.62333992530837,1,0,1
5257540c4.jpg,q40,58583,35.4550669930038,1,0,1
5257540c4.jpg,q30,50482,34.36761329832572,1,0,1
5257540c4.jpg,q20,38627,32.138655871293814,1,0,1
52b8a6b7b.jpg,original,304405,inf,2,2,2
52b8a6b7b.jpg,q60,120468,33.40366682557561,2,2,2
52b8a6b7b.jpg,q40,97241,31.466374715846538,2,2,2
52b8a6b7b.jpg,q30,85394,30.45563881038417,2,2,2
52b8a6b7b.jpg,q20,68607,28.68974084892234,2,2,3
5479776f5.jpg,original,310008,inf,2,1,2
5479776f5.jpg,q60,122667,33.14651421131103,2,1,2
5479776f5.jpg,q40,98853,31.209154841469978,2,1,1
5479776f5.jpg,q30,86506,30.192156308138983,2,1,1
5479776f5.jpg,q20,69411,28.472893630116033,2,1,1
550e65871.jpg,original,282370,inf,3,3,3
550e65871.jpg,q60,94236,31.24150327025938,3,3,3
550e65871.jpg,q40,74393,29.90646262350232,3,3,3
550e65871.jpg,q30,62748,29.18877150778514,3,3,3
550e65871.jpg,q20,46376,27.9949905275674,3,3,3
57da7c3ba.jpg,original,177662,inf,1,0,0
57da7c3ba.jpg,q60,67083,39.11417941474468,1,1,1
57da7c3ba.jpg,q40,55153,37.06382614078075,1,1,1
57da7c3ba.jpg,q30,48170,35.10994955051737,1,1,1
57da7c3ba.jpg,q20,37055,33.15732082857162,1,1,1
580460a3c.jpg,original,133708,inf,1,1,1
580460a3c.jpg,q60,43581,39.85177547123472,1,1,1
580460a3c.jpg,q40,33364,37.76083428503829,1,1,1
580460a3c.jpg,q30,26738,36.73784982158367,1,1,1
580460a3c.jpg,q20,18954,34.605980545590384,1,1,1
58f8fb3e8.jpg,original,133520,inf,1,1,1
58f8fb3e8.jpg,q60,44984,40.32924105012894,1,1,1
58f8fb3e8.jpg,q40,35045,38.01354782704612,1,1,1
58f8fb3e8.jpg,q30,29282,36.51344290946249,1,1,1
58f8fb3e8.jpg,q20,20354,34.74886334826001,1,1,1
596092e66.jpg,original,289497,inf,1,0,4
596092e66.jpg,q60,103657,31.66263635398254,1,0,4
596092e66.jpg,q40,82345,29.90828906606463,1,0,4
596092e66.jpg,q30,70965,29.04336567560116,1,0,1
596092e66.jpg,q20,53548,27.6987983506425,1,0,0
5aaccbeb9.jpg,original,204582,inf,1,0,1
5aaccbeb9.jpg,q60,79220,37.49226381105619,1,0,1
5aaccbeb9.jpg,q40,64380,35.44739471562067,1,0,2
5aaccbeb9.jpg,q30,56765,33.94446333439328,1,0,1
5aaccbeb9.jpg,q20,43871,31.929136855767695,1,0,1
5b8d4908d.jpg,original,173793,inf,2,2,2
5b8d4908d.jpg,q60,65522,38.72915366174154,2,2,2
5b8d4908d.jpg,q40,52533,36.53840019354659,2,1,1
5b8d4908d.jpg,q30,45761,35.16716922848381,2,0,1
5b8d4908d.jpg,q20,35218,33.080051553309055,2,1,1
5ba9557ef.jpg,original,219269,inf,15,1,1
5ba9557ef.jpg,q60,84656,36.481753566233095,15,1,1
5ba9557ef.jpg,q40,67757,34.27267258109934,15,1,1
5ba9557ef.jpg,q30,58607,33.02553166443722,15,1,1
5ba9557ef.jpg,q20,45686,31.148290563271672,15,0,0
5bdbe7e78.jpg,original,194407,inf,0,0,0
5bdbe7e78.jpg,q60,75038,38.08901903725118,0,0,0
5bdbe7e78.jpg,q40,60661,35.90774131303676,0,0,0
5bdbe7e78.jpg,q30,53743,34.424796864782394,0,0,0
5bdbe7e78.jpg,q20,41546,31.997718247797838,0,0,0
5daf1913c.jpg,original,125408,inf,0,0,0
5daf1913c.jpg,q60,43275,40.902366661188765,0,0,0
5daf1913c.jpg,q40,34706,39.1106066322906,0,0,0
5daf1913c.jpg,q30,29522,37.688581183757485,0,0,0
5daf1913c.jpg,q20,22258,35.36599464947037,0,0,0
5dd4c8fcc.jpg,original,262784,inf,0,0,0
5dd4c8fcc.jpg,q60,102403,34.789286162500844,0,0,0
5dd4c8fcc.jpg,q40,82773,32.75135591610815,0,0,0
5dd4c8fcc.jpg,q30,72642,31.69543345801939,0,0,0
5dd4c8fcc.jpg,q20,57474,29.89485081631458,0,0,0
5e4b96122.jpg,original,355676,inf,1,1,1
5e4b96122.jpg,q60,123458,27.828645659428965,1,1,1
5e4b96122.jpg,q40,96962,26.05764036609716,1,1,1
5e4b96122.jpg,q30,81017,25.403280335920616,1,1,1
5e4b96122.jpg,q20,58170,24.274031808607013,1,1,1
5e57020b7.jpg,original,201334,inf,0,0,0
5e57020b7.jpg,q60,76820,38.05552204984415,0,0,0
5e57020b7.jpg,q40,62555,35.91652307998157,0,0,0
5e57020b7.jpg,q30,54757,34.5405908704348,0,0,0
5e57020b7.jpg,q20,42902,31.85581061284249,0,0,0
6084eb347.jpg,original,153855,inf,6,6,8
6084eb347.jpg,q60,53585,39.41034710433881,6,6,8
6084eb347.jpg,q40,41872,37.247809117589775,6,6,8
6084eb347.jpg,q30,35031,35.97785139784096,6,6,8
6084eb347.jpg,q20,25320,33.907809513584695,6,3,5
60fca886c.jpg,original,212669,inf,1,1,2
60fca886c.jpg,q60,82096,37.486904477499834,1,1,1
60fca886c.jpg,q40,67064,35.40984379893897,1,1,1
60fca886c.jpg,q30,58693,34.316027312844646,1,1,1
60fca886c.jpg,q20,46123,32.10063886659973,1,1,2
6109bea53.jpg,original,297640,inf,1,1,1
6109bea53.jpg,q60,116812,33.380750378919274,1,1,1
6109bea53.jpg,q40,93384,31.471740068720937,1,1,1
6109bea53.jpg,q30,81193,30.401017746440353,1,1,1
6109bea53.jpg,q20,64748,28.684917675372972,1,1,2
612475f72.jpg,original,190792,inf,0,0,0
612475f72.jpg,q60,73236,38.76160248450545,0,0,0
612475f72.jpg,q40,59525,36.31635054843199,0,0,0
612475f72.jpg,q30,52076,35.09619912398484,0,0,0
612475f72.jpg,q20,39928,32.03070844800564,0,0,0
61dc82daf.jpg,original,210706,inf,1,1,1
61dc82daf.jpg,q60,81716,37.4704100279548,1,1,1
61dc82daf.jpg,q40,66440,35.21382193661867,1,1,1
61dc82daf.jpg,q30,58396,34.02635142828618,1,1,1
61dc82daf.jpg,q20,45221,31.4884336185292,1,1,1
624499178.jpg,original,304064,inf,9,0,4
624499178.jpg,q60,105542,30.079269020222583,9,0,4
624499178.jpg,q40,83806,28.378437149839698,9,0,4
624499178.jpg,q30,71103,27.639150008460994,9,0,3
624499178.jpg,q20,52292,26.44864100352873,9,0,3
62dc7c9bc.jpg,original,202094,inf,7,2,2
62dc7c9bc.jpg,q60,77851,37.38813161938408,7,2,2
62dc7c9bc.jpg,q40,62641,35.13046890997479,7,2,2
62dc7c9bc.jpg,q30,54342,33.88882927671492,7,2,2
62dc7c9bc.jpg,q20,42385,31.81553492890687,7,2,2
644426a8d.jpg,original,339258,inf,0,0,0
644426a8d.jpg,q60,134786,32.38281200140872,0,0,0
644426a8d.jpg,q40,108991,30.43139089756416,0,0,0
644426a8d.jpg,q30,95815,29.434321314596513,0,0,0
644426a8d.jpg,q20,77222,27.781024102522025,0,0,0
649bc21de.jpg,original,157393,inf,1,0,0
649bc21de.jpg,q60,60014,39.774093961401924,1,0,0
649bc21de.jpg,q40,48779,37.43072386422322,1,0,0
649bc21de.jpg,q30,42423,36.195121755058054,1,0,0
649bc21de.jpg,q20,32349,33.64483612417731,1,0,0
64c745c64.jpg,original,124774,inf,0,0,0
64c745c64.jpg,q60,40829,40.41837647354265,0,0,0
64c745c64.jpg,q40,31829,38.523038045857184,0,0,0
64c745c64.jpg,q30,25987,37.42794850727106,0,0,0
64c745c64.jpg,q20,17596,35.43043410150105,0,0,0
66533ee72.jpg,original,253105,inf,1,1,1
66533ee72.jpg,q60,98401,35.148800806477055,1,1,1
66533ee72.jpg,q40,79695,33.14248686302351,1,1,1
66533ee72.jpg,q30,70103,32.1012383555284,1,1,1
66533ee72.jpg,q20,55832,30.214677187570196,1,1,1
665dd4cd2.jpg,original,216435,inf,2,2,2
665dd4cd2.jpg,q60,82235,36.67433526124736,2,2,2
665dd4cd2.jpg,q40,66135,34.66822668564286,2,2,2
665dd4cd2.jpg,q30,57234,33.48806370665233,2,2,2
665dd4cd2.jpg,q20,44989,31.35529868590556,2,2,2
66c7c3361.jpg,original,273941,inf,4,3,3
66c7c3361.jpg,q60,105422,34.55634150809336,4,3,3
66c7c3361.jpg,q40,84778,32.61132405186969,4,3,3
66c7c3361.jpg,q30,74332,31.53483397111522,4,3,3
66c7c3361.jpg,q20,59536,29.73617204087216,4,3,3
67577cbaf.jpg,original,145932,inf,5,4,6
67577cbaf.jpg,q60,48751,39.63627067626482,5,4,6
67577cbaf.jpg,q40,36281,37.60890540123141,5,4,6
67577cbaf.jpg,q30,29804,36.39701998696549,5,4,6
67577cbaf.jpg,q20,21626,34.408588683207995,5,2,3
67d0991d8.jpg,original,378933,inf,1,0,0
67d0991d8.jpg,q60,133384,27.247175012086036,1,0,0
67d0991d8.jpg,q40,104724,25.42357185081244,1,0,0
67d0991d8.jpg,q30,88138,24.757503847357782,1,0,0
67d0991d8.jpg,q20,63954,23.712189774768305,1,0,0
682897b9d.jpg,original,257169,inf,1,1,1
682897b9d.jpg,q60,100948,35.21500158499539,1,1,1
682897b9d.jpg,q40,81542,33.10712586744665,1,1,1
682897b9d.jpg,q30,71335,31.980388695240425,1,1,1
682897b9d.jpg,q20,56538,29.98025215987631,1,1,1
692db5693.jpg,original,220404,inf,1,1,1
692db5693.jpg,q60,84892,36.60328325335915,1,1,1
692db5693.jpg,q40,68385,34.4635379033593,1,1,1
692db5693.jpg,q30,59314,33.37760641433941,1,1,1
692db5693.jpg,q20,47389,31.47608115911251,1,1,1
69de5849b.jpg,original,213113,inf,2,2,2
69de5849b.jpg,q60,84216,37.13332137273811,2,2,2
69de5849b.jpg,q40,68533,35.13233929043945,2,2,2
69de5849b.jpg,q30,60743,33.60512945636114,2,2,2
69de5849b.jpg,q20,47548,31.89878454146854,2,2,2
6a75ef9a7.jpg,original,265238,inf,1,1,1
6a75ef9a7.jpg,q60,105666,35.13754733142817,1,1,1
6a75ef9a7.jpg,q40,86621,33.164831480694545,1,1,1
6a75ef9a7.jpg,q30,76499,32.080746845532644,1,1,1
6a75ef9a7.jpg,q20,61447,29.928182005441958,1,1,1
6bdf830e9.jpg,original,242771,inf,2,2,3
6bdf830e9.jpg,q60,81882,32.48980545106684,2,2,2
6bdf830e9.jpg,q40,62570,30.768476840023045,2,1,2
6bdf830e9.jpg,q30,52569,30.00609957447034,2,1,2
6bdf830e9.jpg,q20,39077,28.71166470617449,2,1,2
6bfed7f3a.jpg,original,232587,inf,1,1,2
6bfed7f3a.jpg,q60,74229,32.38010330087336,1,1,2
6bfed7f3a.jpg,q40,58109,30.88278023264397,1,1,1
6bfed7f3a.jpg,q30,47406,30.16059804905097,1,1,1
6bfed7f3a.jpg,q20,32310,29.034380907317075,1,0,0
6cc0bc1e3.jpg,original,226582,inf,1,1,1
6cc0bc1e3.jpg,q60,86271,35.40130299867782,1,1,1
6cc0bc1e3.jpg,q40,68711,33.39293334940931,1,1,1
6cc0bc1e3.jpg,q30,59320,32.29335602127661,1,1,1
6cc0bc1e3.jpg,q20,46616,30.39498076822255,1,1,1
6cd7b2641.jpg,original,206071,inf,1,0,0
6cd7b2641.jpg,q60,78111,37.68391231918181,1,0,0
6cd7b2641.jpg,q40,63717,35.675072750485896,1,0,0
6cd7b2641.jpg,q30,55630,34.24345608809907,1,0,0
6cd7b2641.jpg,q20,44045,32.57246919064616,1,0,0
6d0d66434.jpg,original,157198,inf,1,1,2
6d0d66434.jpg,q60,47455,35.01210010526497,1,1,3
6d0d66434.jpg,q40,37404,33.19887855739293,1,1,3
6d0d66434.jpg,q30,32647,32.436833516497735,1,1,2
6d0d66434.jpg,q20,25627,30.915758370017258,1,1,1
6d5ea41a0.jpg,original,212314,inf,1,1,1
6d5ea41a0.jpg,q60,82086,37.0532792249124,1,1,1
6d5ea41a0.jpg,q40,66542,34.935899202676886,1,1,1
6d5ea41a0.jpg,q30,58584,33.529366378931854,1,1,1
6d5ea41a0.jpg,q20,45293,31.551142888712413,1,1,1
6d80383eb.jpg,original,228128,inf,3,2,2
6d80383eb.jpg,q60,88493,36.35764249444865,3,2,2
6d80383eb.jpg,q40,71871,34.24976535013879,3,2,2
6d80383eb.jpg,q30,62646,32.95823695693117,3,2,2
6d80383eb.jpg,q20,49286,31.020256508820854,3,2,3
6dd0d5329.jpg,original,203507,inf,2,0,0
6dd0d5329.jpg,q60,78308,37.42565897245436,2,0,0
6dd0d5329.jpg,q40,63543,35.28195696898758,2,0,0
6dd0d5329.jpg,q30,55970,34.13092819873509,2,0,0
6dd0d5329.jpg,q20,43197,32.01376615076346,2,0,0
6de40f536.jpg,original,190856,inf,0,0,0
6de40f536.jpg,q60,73105,38.41812245572286,0,0,0
6de40f536.jpg,q40,59542,36.11024279032906,0,0,0
6de40f536.jpg,q30,52030,34.69869448648066,0,0,0
6de40f536.jpg,q20,39877,32.287660029743634,0,0,0
6e82bb580.jpg,original,236211,inf,0,0,0
6e82bb580.jpg,q60,93283,36.513668188112696,0,0,0
6e82bb580.jpg,q40,75841,34.36954547677606,0,0,0
6e82bb580.jpg,q30,66630,33.064500909071846,0,0,0
6e82bb580.jpg,q20,52917,31.052085171506324,0,0,0
6f2ab42b6.jpg,original,297342,inf,1,0,0
6f2ab42b6.jpg,q60,120040,34.11268784413798,1,0,0
6f2ab42b6.jpg,q40,98109,32.190973692811376,1,0,0
6f2ab42b6.jpg,q30,86451,31.17954705485807,1,0,0
6f2ab42b6.jpg,q20,69775,29.396200150000066,1,0,0
6fa13f6de.jpg,original,190229,inf,2,0,0
6fa13f6de.jpg,q60,72995,38.073988738760754,2,0,0
6fa13f6de.jpg,q40,59071,35.93787907933847,2,0,0
6fa13f6de.jpg,q30,51632,34.56577443164089,2,0,0
6fa13f6de.jpg,q20,39706,32.279488078498005,2,0,0
7478f46e9.jpg,original,202466,inf,1,0,0
7478f46e9.jpg,q60,77662,37.502476694415726,1,0,0
7478f46e9.jpg,q40,63107,35.3874414402062,1,0,0
7478f46e9.jpg,q30,55611,34.248745264236284,1,0,0
7478f46e9.jpg,q20,42766,32.17142587603438,1,0,0
74e975b02.jpg,original,247730,inf,1,1,1
74e975b02.jpg,q60,96839,35.69100196268973,1,1,1
74e975b02.jpg,q40,78658,33.75336765298836,1,1,1
74e975b02.jpg,q30,69388,32.6770327033288,1,1,1
74e975b02.jpg,q20,55135,30.639760754893913,1,1,1
7534e60ca.jpg,original,186446,inf,1,1,1
7534e60ca.jpg,q60,70599,37.92995882014107,1,1,1
7534e60ca.jpg,q40,57119,35.9484731896689,1,1,1
7534e60ca.jpg,q30,50110,34.34663665372479,1,1,1
7534e60ca.jpg,q20,37996,32.253307516533816,1,1,1
7540ceeac.jpg,original,389847,inf,1,0,0
7540ceeac.jpg,q60,145823,26.643742714267233,1,0,0
7540ceeac.jpg,q40,112542,24.194111023159472,1,0,0
7540ceeac.jpg,q30,97717,23.309706392323612,1,0,0
7540ceeac.jpg,q20,69332,21.897712048348307,1,0,0
7591b11a0.jpg,original,276190,inf,5,3,4
7591b11a0.jpg,q60,95830,31.905711156537212,5,3,4
7591b11a0.jpg,q40,74210,30.290605397875385,5,3,5
7591b11a0.jpg,q30,62577,29.440336938689708,5,3,4
7591b11a0.jpg,q20,45848,28.10024067060514,5,3,4
762874df7.jpg,original,188064,inf,0,0,0
762874df7.jpg,q60,70296,38.32611463074949,0,0,0
762874df7.jpg,q40,57652,36.443284942930134,0,0,0
762874df7.jpg,q30,50158,34.940093139864445,0,0,0
762874df7.jpg,q20,38969,32.82787766969572,0,0,0
7715a2fe3.jpg,original,123085,inf,0,0,0
7715a2fe3.jpg,q60,37808,40.61714321588293,0,0,0
7715a2fe3.jpg,q40,26762,38.75722160574166,0,0,0
7715a2fe3.jpg,q30,21387,37.9215144365746,0,0,0
7715a2fe3.jpg,q20,15650,35.0180421588239,0,0,0
777b1a4a2.jpg,original,184752,inf,0,0,0
777b1a4a2.jpg,q60,69442,38.600220633511704,0,0,0
777b1a4a2.jpg,q40,56260,36.46718784825484,0,0,0
777b1a4a2.jpg,q30,48897,34.872591279146015,0,0,0
777b1a4a2.jpg,q20,37098,32.665348623189736,0,0,0
77e8c8938.jpg,original,299397,inf,3,2,6
77e8c8938.jpg,q60,107622,30.52840805976921,3,2,7
77e8c8938.jpg,q40,85295,28.73066810863806,3,2,5
77e8c8938.jpg,q30,73155,27.915202825026245,3,2,5
77e8c8938.jpg,q20,55288,26.614462849760137,3,2,6
78d8769c3.jpg,original,208500,inf,1,1,1
78d8769c3.jpg,q60,81682,37.503537223337055,1,1,1
78d8769c3.jpg,q40,66437,35.3527457438591,1,1,1
78d8769c3.jpg,q30,58844,33.93721795706842,1,1,1
78d8769c3.jpg,q20,45813,32.057397810678054,1,1,1
790babfb2.jpg,original,357557,inf,1,0,0
790babfb2.jpg,q60,120541,27.527607824687095,1,0,0
790babfb2.jpg,q40,94195,26.003145659269848,1,0,0
790babfb2.jpg,q30,80277,25.419169150036836,1,0,0
790babfb2.jpg,q20,58437,24.528670897698696,1,0,0
79de961ca.jpg,original,232677,inf,1,1,1
79de961ca.jpg,q60,92027,36.42727007516191,1,1,1
79de961ca.jpg,q40,74970,34.35777048880494,1,1,1
79de961ca.jpg,q30,66168,33.07866067390388,1,1,1
79de961ca.jpg,q20,52286,31.20088546222938,1,1,1
79e96a7d6.jpg,original,211163,inf,0,0,0
79e96a7d6.jpg,q60,79479,36.82554066742664,0,0,0
79e96a7d6.jpg,q40,64022,34.7794474087955,0,0,0
79e96a7d6.jpg,q30,56326,33.17063485074065,0,0,0
79e96a7d6.jpg,q20,43095,31.525774861827145,0,0,0
7a16b9d82.jpg,original,256135,inf,1,1,1
7a16b9d82.jpg,q60,101166,35.65574667110988,1,1,1
7a16b9d82.jpg,q40,81641,33.69257297361276,1,1,1
7a16b9d82.jpg,q30,70985,32.39914824238144,1,1,1
7a16b9d82.jpg,q20,56511,30.593877364704184,1,1,1
7a33e8379.jpg,original,152831,inf,2,2,2
7a33e8379.jpg,q60,52641,39.080385694755634,2,2,2
7a33e8379.jpg,q40,41182,36.6950815419911,2,2,2
7a33e8379.jpg,q30,34055,35.62219300069357,2,2,2
7a33e8379.jpg,q20,25154,33.61831892772944,2,2,2
7a5383eb6.jpg,original,112815,inf,2,0,0
7a5383eb6.jpg,q60,34241,39.00796971564761,2,0,0
7a5383eb6.jpg,q40,27062,37.33060284330215,2,0,0
7a5383eb6.jpg,q30,23269,36.23162096712121,2,0,0
7a5383eb6.jpg,q20,18222,34.45973452084703,2,0,0
7af142518.jpg,original,257108,inf,1,0,0
7af142518.jpg,q60,103230,35.32696335442697,1,0,0
7af142518.jpg,q40,84354,33.26564358128233,1,0,0
7af142518.jpg,q30,74358,31.964874102641527,1,0,0
7af142518.jpg,q20,59188,30.164433405875258,1,0,0
7c9cac62a.jpg,original,205972,inf,1,0,0
7c9cac62a.jpg,q60,80255,37.12452751440677,1,0,0
7c9cac62a.jpg,q40,65359,34.96102300478067,1,0,0
7c9cac62a.jpg,q30,57170,33.64015616324717,1,0,0
7c9cac62a.jpg,q20,44408,31.435112755057503,1,0,0
815ddd80e.jpg,original,356122,inf,1,1,1
815ddd80e.jpg,q60,123919,27.850217509322363,1,1,1
815ddd80e.jpg,q40,97430,26.058864589050796,1,1,1
815ddd80e.jpg,q30,81393,25.382824912253838,1,1,1
815ddd80e.jpg,q20,58299,24.268371376783158,1,1,1
8181e0417.jpg,original,209056,inf,1,1,1
8181e0417.jpg,q60,80546,37.500454060121044,1,1,1
8181e0417.jpg,q40,65510,35.42999853612336,1,1,1
8181e0417.jpg,q30,57704,34.20415418982816,1,1,1
8181e0417.jpg,q20,44842,31.853048276426925,1,1,1
8214d47e2.jpg,original,221849,inf,1,1,1
8214d47e2.jpg,q60,85385,36.524656578327225,1,1,1
8214d47e2.jpg,q40,68744,34.409876970666396,1,1,1
8214d47e2.jpg,q30,59543,33.34059751800642,1,1,1
8214d47e2.jpg,q20,47722,31.37103549246357,1,0,0
82a698659.jpg,original,207305,inf,0,0,0
82a698659.jpg,q60,78677,37.469971976730044,0,0,0
82a698659.jpg,q40,63539,35.29679925455853,0,0,0
82a698659.jpg,q30,55199,34.22196910419502,0,0,0
82a698659.jpg,q20,43925,32.38489470588444,0,0,0
82e8cdaa5.jpg,original,178079,inf,1,1,1
82e8cdaa5.jpg,q60,67855,38.87368444258562,1,1,1
82e8cdaa5.jpg,q40,55016,36.64646908789536,1,1,1
82e8cdaa5.jpg,q30,48162,35.259954158418346,1,1,1
82e8cdaa5.jpg,q20,36958,32.73868960643518,1,1,1
83b872ea5.jpg,original,312963,inf,1,1,2
83b872ea5.jpg,q60,124676,33.21148984926999,1,1,2
83b872ea5.jpg,q40,100867,31.263736133798055,1,1,2
83b872ea5.jpg,q30,88692,30.263209877485796,1,1,2
83b872ea5.jpg,q20,71336,28.459048463000638,1,1,1
84714c017.jpg,original,251317,inf,1,0,2
84714c017.jpg,q60,98593,35.43487474777337,1,0,1
84714c017.jpg,q40,79821,33.353787321257606,1,0,2
84714c017.jpg,q30,70401,32.262616958654455,1,0,1
84714c017.jpg,q20,55951,30.230126220066502,1,0,2
847d6a872.jpg,original,101770,inf,2,2,9
847d6a872.jpg,q60,26871,38.32362560470335,2,2,9
847d6a872.jpg,q40,21890,36.71057850518244,2,2,8
847d6a872.jpg,q30,20275,35.68959265538898,2,2,11
847d6a872.jpg,q20,17596,34.12024624958862,2,2,9
853563069.jpg,original,185425,inf,0,0,0
853563069.jpg,q60,68755,37.96893632699156,0,0,0
853563069.jpg,q40,55098,35.755711551984525,0,0,0
853563069.jpg,q30,47353,34.57051329219435,0,0,0
853563069.jpg,q20,37204,32.63480519225971,0,0,0
8543e5205.jpg,original,188539,inf,1,0,0
8543e5205.jpg,q60,72646,38.536738573760026,1,0,0
8543e5205.jpg,q40,59192,36.24016556581567,1,0,1
8543e5205.jpg,q30,51464,34.93473970705058,1,0,0
8543e5205.jpg,q20,39801,32.30634550164818,1,0,0
86760f68d.jpg,original,266151,inf,1,1,2
86760f68d.jpg,q60,106008,35.07002805495767,1,1,2
86760f68d.jpg,q40,86490,33.04612587846764,1,0,2
86760f68d.jpg,q30,76147,31.931131572190075,1,0,2
86760f68d.jpg,q20,60954,29.87030802313228,1,1,2
87139470c.jpg,original,120434,inf,1,1,1
87139470c.jpg,q60,39967,41.297535551366316,1,1,1
87139470c.jpg,q40,31595,39.06253301749823,1,1,1
87139470c.jpg,q30,26020,37.60342178998109,1,1,1
87139470c.jpg,q20,18626,35.667141204512525,1,1,1
874bb3d0b.jpg,original,218515,inf,1,1,1
874bb3d0b.jpg,q60,85995,37.085581688706206,1,1,1
874bb3d0b.jpg,q40,70285,34.97792575600195,1,1,1
874bb3d0b.jpg,q30,61872,33.775051250724665,1,1,1
874bb3d0b.jpg,q20,48715,31.448802009530908,1,1,1
8802f9396.jpg,original,202883,inf,0,0,0
8802f9396.jpg,q60,75495,37.23100818456342,0,0,0
8802f9396.jpg,q40,59650,35.17622721106571,0,0,0
8802f9396.jpg,q30,51304,34.05449873834657,0,0,0
8802f9396.jpg,q20,40021,32.03205781549055,0,0,0
88a46e015.jpg,original,212220,inf,1,1,1
88a46e015.jpg,q60,80195,36.922199091776655,1,1,1
88a46e015.jpg,q40,64910,34.895012537731056,1,1,1
88a46e015.jpg,q30,56076,33.68674671331989,1,1,1
88a46e015.jpg,q20,43937,31.41453601145065,1,1,1
8a37200de.jpg,original,210943,inf,1,1,1
8a37200de.jpg,q60,83253,37.93921899523996,1,1,1
8a37200de.jpg,q40,67822,35.65551791079163,1,1,1
8a37200de.jpg,q30,59654,34.458977721421135,1,1,1
8a37200de.jpg,q20,47172,31.770275122659598,1,1,1
8ab0d9126.jpg,original,238639,inf,1,1,1
8ab0d9126.jpg,q60,92704,35.9884921817054,1,1,1
8ab0d9126.jpg,q40,75404,34.072373582437486,1,1,1
8ab0d9126.jpg,q30,66543,32.9848879497572,1,1,1
8ab0d9126.jpg,q20,52602,30.88257862125236,1,1,1
8ad018505.jpg,original,136799,inf,3,2,2
8ad018505.jpg,q60,46005,39.96992105836022,3,1,1
8ad018505.jpg,q40,36034,37.7912123671253,3,1,1
8ad018505.jpg,q30,29852,36.64019753058178,3,1,1
8ad018505.jpg,q20,21578,34.797041106940505,3,1,1
8b56662dc.jpg,original,226899,inf,1,1,1
8b56662dc.jpg,q60,88357,36.30644613591104,1,1,1
8b56662dc.jpg,q40,72026,34.348193698036276,1,1,1
8b56662dc.jpg,q30,63653,33.14919767903255,1,1,1
8b56662dc.jpg,q20,49952,31.073946638455084,1,1,1
8c02047a1.jpg,original,193677,inf,9,8,14
8c02047a1.jpg,q60,73997,37.81999284977717,9,8,13
8c02047a1.jpg,q40,59788,35.58670852162073,9,8,12
8c02047a1.jpg,q30,52363,34.3506769828111,9,8,11
8c02047a1.jpg,q20,40337,32.26354407510991,9,8,9
8c6280110.jpg,original,236197,inf,0,0,0
8c6280110.jpg,q60,93563,36.49908354673843,0,0,0
8c6280110.jpg,q40,76040,34.36012864041826,0,0,0
8c6280110.jpg,q30,66634,33.077416745761475,0,0,0
8c6280110.jpg,q20,53052,31.01075759286518,0,0,0
8d183ca66.jpg,original,255816,inf,1,1,2
8d183ca66.jpg,q60,84150,31.56508856094525,1,0,1
8d183ca66.jpg,q40,65670,29.92588495756715,1,0,1
8d183ca66.jpg,q30,56468,29.13844450673645,1,0,1
8d183ca66.jpg,q20,43735,27.841452173581484,1,0,1
8d2144e59.jpg,original,140109,inf,1,1,1
8d2144e59.jpg,q60,48721,39.92934301717523,1,1,1
8d2144e59.jpg,q40,38654,37.704585262155454,1,1,1
8d2144e59.jpg,q30,32366,36.459023366497924,1,1,1
8d2144e59.jpg,q20,24197,34.46487657526117,1,0,0
8d9b2cebb.jpg,original,199892,inf,0,0,0
8d9b2cebb.jpg,q60,75240,37.85900997821009,0,0,0
8d9b2cebb.jpg,q40,60835,35.467068777316264,0,0,0
8d9b2cebb.jpg,q30,53181,34.59395248895499,0,0,0
8d9b2cebb.jpg,q20,41102,32.31525192389989,0,0,0
8d9e3758d.jpg,original,221135,inf,0,0,0
8d9e3758d.jpg,q60,86289,37.080269296332204,0,0,0
8d9e3758d.jpg,q40,69192,34.79418505300939,0,0,0
8d9e3758d.jpg,q30,60368,33.491692402615165,0,0,0
8d9e3758d.jpg,q20,48177,31.701286932988182,0,0,0
8dfcc9a22.jpg,original,202436,inf,1,0,0
8dfcc9a22.jpg,q60,77752,37.67439252646481,1,0,0
8dfcc9a22.jpg,q40,63052,35.556236067908756,1,0,0
8dfcc9a22.jpg,q30,55595,34.03250413690577,1,0,0
8dfcc9a22.jpg,q20,42855,31.73401145863393,1,0,0
8e5b5e5ac.jpg,original,383726,inf,2,2,3
8e5b5e5ac.jpg,q60,133589,26.964487373096716,2,2,3
8e5b5e5ac.jpg,q40,103968,25.1928528000121,2,2,2
8e5b5e5ac.jpg,q30,88175,24.55095583159073,2,1,2
8e5b5e5ac.jpg,q20,64158,23.55618465046743,2,2,2
8f53ef08b.jpg,original,169185,inf,1,1,1
8f53ef08b.jpg,q60,61070,38.416600511887424,1,1,1
8f53ef08b.jpg,q40,48529,36.392590850853715,1,1,1
8f53ef08b.jpg,q30,41279,35.11656040583588,1,1,1
8f53ef08b.jpg,q20,31310,32.78480808271269,1,1,2
8f6f06029.jpg,original,400639,inf,3,3,3
8f6f06029.jpg,q60,147165,27.019205581587006,3,3,3
8f6f06029.jpg,q40,115967,25.055323102823408,3,3,3
8f6f06029.jpg,q30,98824,24.306412907521132,3,3,3
8f6f06029.jpg,q20,72661,23.21651963082118,3,3,3
9079d5390.jpg,original,277642,inf,0,0,0
9079d5390.jpg,q60,92033,31.65965430208082,0,0,0
9079d5390.jpg,q40,71593,30.289312021843536,0,0,0
9079d5390.jpg,q30,60740,29.56850212317526,0,0,0
9079d5390.jpg,q20,44352,28.357902669330066,0,0,0
90a805fe8.jpg,original,292237,inf,1,1,1
90a805fe8.jpg,q60,90084,28.998229419734276,1,1,1
90a805fe8.jpg,q40,68598,27.756310423586804,1,1,1
90a805fe8.jpg,q30,56415,27.25002127101974,1,1,1
90a805fe8.jpg,q20,38453,26.411227287766295,1,1,1
90d34f8ee.jpg,original,193524,inf,1,0,0
90d34f8ee.jpg,q60,74464,38.01432312476077,1,0,0
90d34f8ee.jpg,q40,60227,35.77472316796626,1,0,0
90d34f8ee.jpg,q30,52992,34.52136668287324,1,0,0
90d34f8ee.jpg,q20,40748,32.12076167205725,1,0,0
912f0ba38.jpg,original,217116,inf,0,0,0
912f0ba38.jpg,q60,84583,37.26556448114768,0,0,0
912f0ba38.jpg,q40,68759,35.09327617775463,0,0,0
912f0ba38.jpg,q30,60161,33.774366931045094,0,0,0
912f0ba38.jpg,q20,47698,31.520660522361883,0,0,0
915ee1e1a.jpg,original,124994,inf,4,0,2
915ee1e1a.jpg,q60,42653,41.140773710075266,4,0,1
915ee1e1a.jpg,q40,33535,38.978624665211186,4,0,0
915ee1e1a.jpg,q30,28092,37.601122391849906,4,0,1
915ee1e1a.jpg,q20,18845,35.20833320697268,4,0,0
919f8ee92.jpg,original,173678,inf,2,2,11
919f8ee92.jpg,q60,62706,37.79816955552064,2,2,9
919f8ee92.jpg,q40,49213,35.57265913897434,2,2,7
919f8ee92.jpg,q30,41625,34.357759472891075,2,2,7
919f8ee92.jpg,q20,31759,32.52831236352228,2,2,5
92ee3ad54.jpg,original,137135,inf,9,5,5
92ee3ad54.jpg,q60,46945,40.07799494847851,9,5,5
92ee3ad54.jpg,q40,36979,37.91784157780935,9,4,5
92ee3ad54.jpg,q30,31042,36.7235419694267,9,4,4
92ee3ad54.jpg,q20,23039,34.74855547580951,9,4,4
92f3f28f5.jpg,original,241009,inf,5,4,6
92f3f28f5.jpg,q60,76258,31.881541766504075,5,4,5
92f3f28f5.jpg,q40,56151,30.530491435387617,5,3,4
92f3f28f5.jpg,q30,46146,29.75935554506989,5,3,4
92f3f28f5.jpg,q20,31551,28.670238044398598,5,2,2
93489bd03.jpg,original,322645,inf,1,1,2
93489bd03.jpg,q60,113414,28.906040049264142,1,1,2
93489bd03.jpg,q40,88985,26.870653332936648,1,1,2
93489bd03.jpg,q30,75542,26.061100057378695,1,1,2
93489bd03.jpg,q20,53594,24.77927679449689,1,1,4
94866f627.jpg,original,223304,inf,1,1,1
94866f627.jpg,q60,88453,36.9154290084486,1,1,1
94866f627.jpg,q40,72259,34.83904583774667,1,1,1
94866f627.jpg,q30,63664,33.59836166507598,1,1,1
94866f627.jpg,q20,49893,31.32559808685948,1,1,1
952e1b767.jpg,original,170617,inf,4,3,3
952e1b767.jpg,q60,63556,38.56650794094695,4,3,3
952e1b767.jpg,q40,51521,36.36160935540796,4,3,3
952e1b767.jpg,q30,44749,35.04830162837606,4,2,3
952e1b767.jpg,q20,34539,32.85893816402436,4,2,2
95f1f92b4.jpg,original,339349,inf,0,0,0
95f1f92b4.jpg,q60,107214,27.230433558732518,0,0,0
95f1f92b4.jpg,q40,82963,25.95213988447643,0,0,0
95f1f92b4.jpg,q30,67669,25.523675432196065,0,0,0
95f1f92b4.jpg,q20,46984,24.719068296735376,0,0,0
96ac137df.jpg,original,134518,inf,0,0,0
96ac137df.jpg,q60,46702,39.901732379708584,0,0,0
96ac137df.jpg,q40,37191,37.877051812973946,0,0,0
96ac137df.jpg,q30,31772,36.66525841867621,0,0,0
96ac137df.jpg,q20,24376,34.58125198267294,0,0,0
9716875b9.jpg,original,261006,inf,7,5,5
9716875b9.jpg,q60,85875,31.657954540368003,7,6,6
9716875b9.jpg,q40,66590,30.1047392850139,7,4,4
9716875b9.jpg,q30,57204,29.343875824538546,7,4,4
9716875b9.jpg,q20,44088,28.060879147547308,7,4,4
97285a1b9.jpg,original,258030,inf,1,0,1
97285a1b9.jpg,q60,90545,33.450475528772174,1,1,2
97285a1b9.jpg,q40,69119,31.844919389813953,1,0,1
97285a1b9.jpg,q30,58189,30.97355994422321,1,0,1
97285a1b9.jpg,q20,43329,29.360334447944965,1,1,2
9867e68e8.jpg,original,131761,inf,3,3,4
9867e68e8.jpg,q60,31596,37.17017126591295,3,3,5
9867e68e8.jpg,q40,24450,35.44777526203668,3,2,4
9867e68e8.jpg,q30,21295,34.544119596295154,3,3,3
9867e68e8.jpg,q20,17925,32.75734328126346,3,2,2
99e084a60.jpg,original,200490,inf,1,1,1
99e084a60.jpg,q60,77089,37.659130105429334,1,1,1
99e084a60.jpg,q40,62325,35.428571426588846,1,1,1
99e084a60.jpg,q30,54931,34.2544710479325,1,1,1
99e084a60.jpg,q20,42144,32.05676046147678,1,1,1
9a11118f2.jpg,original,321035,inf,3,3,3
9a11118f2.jpg,q60,127903,32.88069242326904,3,3,3
9a11118f2.jpg,q40,103174,30.90941781752189,3,3,3
9a11118f2.jpg,q30,90349,29.885612193845038,3,2,2
9a11118f2.jpg,q20,72536,28.16169268307199,3,2,2
9a8cc57e3.jpg,original,301329,inf,0,0,0
9a8cc57e3.jpg,q60,122104,33.95630751015674,0,0,0
9a8cc57e3.jpg,q40,99838,31.995199825612023,0,0,0
9a8cc57e3.jpg,q30,88261,30.79462382298475,0,0,0
9a8cc57e3.jpg,q20,71279,29.089557635156517,0,0,0
9b09d5dc3.jpg,original,98050,inf,1,0,1
9b09d5dc3.jpg,q60,31188,42.63857153953441,1,0,1
9b09d5dc3.jpg,q40,24322,40.02202325715865,1,0,1
9b09d5dc3.jpg,q30,19204,38.87427974734716,1,0,0
9b09d5dc3.jpg,q20,13391,36.89128131771763,1,0,1
9bba328fa.jpg,original,144555,inf,8,7,7
9bba328fa.jpg,q60,40142,36.42971102077694,8,7,7
9bba328fa.jpg,q40,30436,34.84341710085995,8,7,7
9bba328fa.jpg,q30,25233,34.05611928176307,8,7,7
9bba328fa.jpg,q20,20071,32.83535342642751,8,5,5
9c0030e2e.jpg,original,257870,inf,1,1,1
9c0030e2e.jpg,q60,101029,35.05933826057131,1,1,1
9c0030e2e.jpg,q40,81419,32.963623871173155,1,1,1
9c0030e2e.jpg,q30,71079,31.83742827222062,1,1,1
9c0030e2e.jpg,q20,56198,29.860178189169112,1,1,1
9d74c2150.jpg,original,444045,inf,1,1,1
9d74c2150.jpg,q60,168023,26.051147438377427,1,1,2
9d74c2150.jpg,q40,132000,23.926764949727783,1,1,1
9d74c2150.jpg,q30,113025,23.13209048265437,1,0,1
9d74c2150.jpg,q20,82581,21.998024194530643,1,0,0
9ebe9182d.jpg,original,222349,inf,0,0,0
9ebe9182d.jpg,q60,85418,36.53114560508436,0,0,0
9ebe9182d.jpg,q40,68676,34.51652253878862,0,0,0
9ebe9182d.jpg,q30,59694,33.04705618506776,0,0,0
9ebe9182d.jpg,q20,46981,31.410904356589224,0,0,0
9f044ff4e.jpg,original,137479,inf,0,0,0
9f044ff4e.jpg,q60,47144,40.341929727646416,0,0,0
9f044ff4e.jpg,q40,37397,37.882951393281616,0,0,0
9f044ff4e.jpg,q30,30753,36.989736724175856,0,0,0
9f044ff4e.jpg,q20,21612,34.82940701344213,0,0,0
9f5d0a1a0.jpg,original,141300,inf,1,1,3
9f5d0a1a0.jpg,q60,48660,39.742165370266804,1,1,3
9f5d0a1a0.jpg,q40,38340,37.56365825438369,1,1,3
9f5d0a1a0.jpg,q30,32134,36.32961506500272,1,1,3
9f5d0a1a0.jpg,q20,23913,34.375604884578046,1,1,3
a077529df.jpg,original,233037,inf,1,1,1
a077529df.jpg,q60,89722,35.63728656420247,1,1,1
a077529df.jpg,q40,71862,33.51549571214859,1,1,1
a077529df.jpg,q30,62303,32.37426632122618,1,1,1
a077529df.jpg,q20,48601,30.43395589796319,1,1,1
a0d2a2993.jpg,original,331108,inf,1,0,0
a0d2a2993.jpg,q60,119057,30.248792638506316,1,0,0
a0d2a2993.jpg,q40,94782,28.529531099115037,1,0,0
a0d2a2993.jpg,q30,81172,27.726667771438525,1,0,0
a0d2a2993.jpg,q20,61726,26.41345722741937,1,0,0
a1b87d224.jpg,original,259035,inf,1,1,1
a1b87d224.jpg,q60,104343,35.75376694077525,1,1,1
a1b87d224.jpg,q40,85104,33.61634866646696,1,1,1
a1b87d224.jpg,q30,74842,32.363247603424654,1,1,1
a1b87d224.jpg,q20,60255,30.58495957875531,1,1,1
a280fe312.jpg,original,133816,inf,3,3,5
a280fe312.jpg,q60,45634,40.35889873282749,3,3,5
a280fe312.jpg,q40,35960,38.01124759629769,3,3,6
a280fe312.jpg,q30,29598,36.99779623329786,3,2,4
a280fe312.jpg,q20,20583,34.719693794418966,3,3,6
a2ac82f04.jpg,original,233389,inf,1,1,1
a2ac82f04.jpg,q60,91092,36.59214913543898,1,1,1
a2ac82f04.jpg,q40,74197,34.56484915650468,1,1,1
a2ac82f04.jpg,q30,65320,33.3314448189493,1,1,1
a2ac82f04.jpg,q20,51803,30.957936402917966,1,1,1
a2f3890a5.jpg,original,296188,inf,1,1,1
a2f3890a5.jpg,q60,117611,33.71923584024195,1,1,1
a2f3890a5.jpg,q40,95257,31.734008476431484,1,1,1
a2f3890a5.jpg,q30,83578,30.67674461969024,1,1,1
a2f3890a5.jpg,q20,66974,28.86548566892251,1,1,1
a33f0c919.jpg,original,192691,inf,0,0,0
a33f0c919.jpg,q60,74081,38.34914315424943,0,0,0
a33f0c919.jpg,q40,60490,36.08105273249047,0,0,0
a33f0c919.jpg,q30,52625,34.901846302951824,0,0,0
a33f0c919.jpg,q20,40751,32.37051899042824,0,0,0
a34fe6136.jpg,original,212865,inf,0,0,0
a34fe6136.jpg,q60,80570,36.80753205204031,0,0,0
a34fe6136.jpg,q40,64363,34.684263499631804,0,0,0
a34fe6136.jpg,q30,55462,33.57862742536577,0,0,0
a34fe6136.jpg,q20,43710,31.578552410307267,0,0,0
a3b343da9.jpg,original,232188,inf,1,1,1
a3b343da9.jpg,q60,91279,36.25751311500558,1,1,1
a3b343da9.jpg,q40,74791,34.22157388116157,1,1,1
a3b343da9.jpg,q30,65657,32.92086572447361,1,1,1
a3b343da9.jpg,q20,51713,30.943142883717275,1,1,1
a4ebb0a43.jpg,original,196445,inf,1,1,1
a4ebb0a43.jpg,q60,75519,37.9620901209399,1,1,1
a4ebb0a43.jpg,q40,61009,35.687534785755616,1,1,1
a4ebb0a43.jpg,q30,53567,34.265254694459244,1,1,1
a4ebb0a43.jpg,q20,41005,32.07020052869515,1,1,1
a5d8b7d8d.jpg,original,139138,inf,3,3,3
a5d8b7d8d.jpg,q60,33943,37.143138867983076,3,3,3
a5d8b7d8d.jpg,q40,26464,35.47323645887334,3,3,3
a5d8b7d8d.jpg,q30,22902,34.552312919197504,3,2,2
a5d8b7d8d.jpg,q20,18622,33.25619010855143,3,2,2
a6312e2f4.jpg,original,146679,inf,1,1,1
a6312e2f4.jpg,q60,53250,40.16532521582543,1,1,1
a6312e2f4.jpg,q40,42670,37.801806483225285,1,1,1
a6312e2f4.jpg,q30,36347,36.27307139497184,1,1,1
a6312e2f4.jpg,q20,26845,34.19881112099054,1,1,1
a7d7a8762.jpg,original,216582,inf,0,0,0
a7d7a8762.jpg,q60,81801,36.48699754741097,0,0,0
a7d7a8762.jpg,q40,65864,34.467414938610005,0,0,0
a7d7a8762.jpg,q30,57217,33.32552861610875,0,0,0
a7d7a8762.jpg,q20,44263,31.198509200347356,0,0,0
a80ec0bda.jpg,original,291835,inf,2,2,2
a80ec0bda.jpg,q60,96880,30.318263002526862,2,2,2
a80ec0bda.jpg,q40,77998,29.004252780396563,2,2,2
a80ec0bda.jpg,q30,66135,28.415829806872193,2,2,2
a80ec0bda.jpg,q20,48361,27.247293943622275,2,2,2
a89126e98.jpg,original,188344,inf,3,3,5
a89126e98.jpg,q60,73141,38.34783327672915,3,3,4
a89126e98.jpg,q40,59254,35.985432651394134,3,3,4
a89126e98.jpg,q30,52131,34.78073469127778,3,3,4
a89126e98.jpg,q20,39818,32.00425288044534,3,3,3
a9b1d6344.jpg,original,211997,inf,1,1,1
a9b1d6344.jpg,q60,82528,37.29063126636015,1,1,1
a9b1d6344.jpg,q40,67159,35.275332967640026,1,1,1
a9b1d6344.jpg,q30,59308,33.872478400600215,1,1,1
a9b1d6344.jpg,q20,46542,31.30323123949037,1,1,1
aa0cd2cba.jpg,original,213051,inf,1,1,1
aa0cd2cba.jpg,q60,83631,37.22036191228525,1,1,1
aa0cd2cba.jpg,q40,68265,35.04307564932207,1,1,1
aa0cd2cba.jpg,q30,60304,33.89952053430739,1,1,1
aa0cd2cba.jpg,q20,47100,31.6382009839705,1,1,1
aa10c13c1.jpg,original,185772,inf,1,0,0
aa10c13c1.jpg,q60,71818,38.90475076467223,1,0,0
aa10c13c1.jpg,q40,58522,36.435054941120626,1,0,0
aa10c13c1.jpg,q30,51337,35.019882957651255,1,0,0
aa10c13c1.jpg,q20,39596,32.565838852171105,1,0,0
aa58fcbb7.jpg,original,235499,inf,0,0,0
aa58fcbb7.jpg,q60,92132,36.16777727927957,0,0,0
aa58fcbb7.jpg,q40,75310,34.147139424327555,0,0,0
aa58fcbb7.jpg,q30,66769,33.04312058643353,0,0,0
aa58fcbb7.jpg,q20,52686,30.957883272261576,0,0,0
aa7156bc3.jpg,original,306581,inf,3,3,5
aa7156bc3.jpg,q60,100529,29.042747888727106,3,3,6
aa7156bc3.jpg,q40,79420,27.70959685407941,3,3,5
aa7156bc3.jpg,q30,66991,27.149572526011866,3,3,5
aa7156bc3.jpg,q20,49003,26.206958103988732,3,3,4
ab758680b.jpg,original,205153,inf,1,0,0
ab758680b.jpg,q60,78884,37.68059091745853,1,0,0
ab758680b.jpg,q40,63880,35.360147047941865,1,0,0
ab758680b.jpg,q30,56041,34.180990425755894,1,0,0
ab758680b.jpg,q20,43028,31.88757214226932,1,0,0
ad018aea0.jpg,original,307443,inf,1,0,0
ad018aea0.jpg,q60,125399,33.98435371665892,1,0,0
ad018aea0.jpg,q40,102001,31.880216766635282,1,0,0
ad018aea0.jpg,q30,89827,30.734678219916475,1,0,0
ad018aea0.jpg,q20,72613,28.980538748890915,1,0,0
ad42a2691.jpg,original,221451,inf,3,3,3
ad42a2691.jpg,q60,87147,36.84670951177901,3,3,4
ad42a2691.jpg,q40,71078,34.78504705834112,3,3,3
ad42a2691.jpg,q30,62708,33.59274132222871,3,3,4
ad42a2691.jpg,q20,49405,31.279782371448132,3,3,3
ad6da5c09.jpg,original,232550,inf,1,0,0
ad6da5c09.jpg,q60,92388,36.53229013592001,1,0,0
ad6da5c09.jpg,q40,75630,34.491069968760065,1,0,0
ad6da5c09.jpg,q30,66743,33.34776572441767,1,0,0
ad6da5c09.jpg,q20,53052,30.94231128238321,1,0,0
b1484acc7.jpg,original,378582,inf,3,3,3
b1484acc7.jpg,q60,132454,27.267480663179484,3,3,3
b1484acc7.jpg,q40,103838,25.569678576156587,3,1,1
b1484acc7.jpg,q30,88606,24.917740081938184,3,1,1
b1484acc7.jpg,q20,65440,23.89396145979305,3,2,3
b1b8e66b0.jpg,original,208447,inf,2,2,3
b1b8e66b0.jpg,q60,81965,37.58867841226508,2,2,3
b1b8e66b0.jpg,q40,66679,35.46302412808639,2,2,3
b1b8e66b0.jpg,q30,59076,33.845148603036634,2,2,3
b1b8e66b0.jpg,q20,46033,32.167194898939165,2,2,3
b25b7de54.jpg,original,200747,inf,0,0,0
b25b7de54.jpg,q60,76415,37.965816912215644,0,0,0
b25b7de54.jpg,q40,62321,35.85458036405979,0,0,0
b25b7de54.jpg,q30,54255,34.399627716832754,0,0,0
b25b7de54.jpg,q20,42573,32.26096666378435,0,0,0
b41775758.jpg,original,228054,inf,1,1,1
b41775758.jpg,q60,88425,36.44057291579632,1,1,1
b41775758.jpg,q40,71257,34.31333181536499,1,1,1
b41775758.jpg,q30,62519,33.19458719478053,1,1,1
b41775758.jpg,q20,49208,31.129912995733335,1,1,1
b4270c27a.jpg,original,203320,inf,8,7,8
b4270c27a.jpg,q60,67436,34.24310613181737,8,7,7
b4270c27a.jpg,q40,53771,32.69694930044914,8,6,6
b4270c27a.jpg,q30,46146,31.8327702606318,8,6,7
b4270c27a.jpg,q20,34706,30.47909333541046,8,4,6
b4e51b44b.jpg,original,173080,inf,1,1,4
b4e51b44b.jpg,q60,52960,35.43806245324073,1,1,4
b4e51b44b.jpg,q40,39066,33.84410390931638,1,1,4
b4e51b44b.jpg,q30,32372,33.09099054086185,1,1,3
b4e51b44b.jpg,q20,24043,31.675687293186506,1,1,4
b4f8f2177.jpg,original,170083,inf,3,3,6
b4f8f2177.jpg,q60,49605,35.43889351785721,3,3,7
b4f8f2177.jpg,q40,37596,33.95235817456832,3,3,5
b4f8f2177.jpg,q30,30280,33.21251154796383,3,3,6
b4f8f2177.jpg,q20,21253,31.91641796372876,3,3,6
b5bba50f6.jpg,original,247678,inf,1,1,1
b5bba50f6.jpg,q60,98511,35.82666740587246,1,1,1
b5bba50f6.jpg,q40,80333,33.832483876514736,1,1,1
b5bba50f6.jpg,q30,70989,32.52143416294254,1,1,1
b5bba50f6.jpg,q20,56515,30.815398151815693,1,1,1
b6230d8d1.jpg,original,209918,inf,3,2,2
b6230d8d1.jpg,q60,67050,33.46906882412871,3,2,2
b6230d8d1.jpg,q40,51354,31.536080351289726,3,2,3
b6230d8d1.jpg,q30,42107,30.698995349294705,3,2,2
b6230d8d1.jpg,q20,30475,29.306877698620845,3,2,4
b6a2cef21.jpg,original,226630,inf,1,0,0
b6a2cef21.jpg,q60,88201,36.894961739136335,1,1,1
b6a2cef21.jpg,q40,71833,34.84404923015322,1,0,0
b6a2cef21.jpg,q30,63256,33.596358964484445,1,0,0
b6a2cef21.jpg,q20,49917,31.119129727289376,1,0,0
b7779f95f.jpg,original,227639,inf,0,0,0
b7779f95f.jpg,q60,87251,35.93691440437537,0,0,0
b7779f95f.jpg,q40,68253,33.8974309198243,0,0,0
b7779f95f.jpg,q30,58174,32.70394973909702,0,0,0
b7779f95f.jpg,q20,45484,30.832146680243522,0,0,0
b86c8d3fe.jpg,original,225318,inf,1,1,1
b86c8d3fe.jpg,q60,86991,36.49954021459974,1,1,1
b86c8d3fe.jpg,q40,70021,34.33320498133706,1,1,1
b86c8d3fe.jpg,q30,60737,33.19204013551477,1,1,1
b86c8d3fe.jpg,q20,47775,31.140801344307512,1,1,1
b8cea4ad4.jpg,original,236302,inf,3,3,3
b8cea4ad4.jpg,q60,93085,36.12055500650663,3,3,3
b8cea4ad4.jpg,q40,76030,34.13165895925121,3,3,3
b8cea4ad4.jpg,q30,66882,32.99124593514054,3,3,3
b8cea4ad4.jpg,q20,52994,30.863007686360202,3,3,3
b8f954f45.jpg,original,109527,inf,1,1,2
b8f954f45.jpg,q60,31777,41.32664095319653,1,1,2
b8f954f45.jpg,q40,21087,39.65937146216743,1,1,1
b8f954f45.jpg,q30,16596,38.30329925366658,1,1,1
b8f954f45.jpg,q20,12913,36.52424795559368,1,0,0
b953d7546.jpg,original,241392,inf,1,1,2
b953d7546.jpg,q60,95975,36.41017089592494,1,1,1
b953d7546.jpg,q40,77067,34.21618294391608,1,1,2
b953d7546.jpg,q30,67161,32.99847245824096,1,1,1
b953d7546.jpg,q20,53759,31.09312726191442,1,0,0
b9d251c1e.jpg,original,217144,inf,1,1,1
b9d251c1e.jpg,q60,82925,36.51314898236756,1,1,1
b9d251c1e.jpg,q40,66568,34.390616425592626,1,1,1
b9d251c1e.jpg,q30,57378,33.408303315263176,1,1,1
b9d251c1e.jpg,q20,45022,31.49588204275679,1,1,1
bb711cfdd.jpg,original,182537,inf,7,5,5
bb711cfdd.jpg,q60,69234,38.37798578136532,7,5,5
bb711cfdd.jpg,q40,55602,36.182104890054205,7,5,5
bb711cfdd.jpg,q30,48176,34.8195678508291,7,3,3
bb711cfdd.jpg,q20,37192,32.80145059558584,7,2,4
bb9606665.jpg,original,229574,inf,2,2,2
bb9606665.jpg,q60,81603,33.49986876808589,2,2,2
bb9606665.jpg,q40,65096,31.59666705972578,2,2,2
bb9606665.jpg,q30,55663,30.643898419212718,2,2,2
bb9606665.jpg,q20,42169,29.065227656565035,2,2,2
bb982c78c.jpg,original,371510,inf,1,1,1
bb982c78c.jpg,q60,131568,27.441900530736074,1,1,1
bb982c78c.jpg,q40,103647,25.57645593373957,1,1,1
bb982c78c.jpg,q30,86607,24.867303481607102,1,1,1
bb982c78c.jpg,q20,62120,23.766325247993073,1,1,1
bce1634b2.jpg,original,186353,inf,0,0,0
bce1634b2.jpg,q60,69585,38.494645978286094,0,0,0
bce1634b2.jpg,q40,56612,36.340918928017906,0,0,0
bce1634b2.jpg,q30,49239,34.85049309953486,0,0,0
bce1634b2.jpg,q20,38148,32.638553868714276,0,0,0
bd95f66a1.jpg,original,146147,inf,0,0,0
bd95f66a1.jpg,q60,51473,39.62324799712554,0,0,0
bd95f66a1.jpg,q40,41209,37.60320659761062,0,0,0
bd95f66a1.jpg,q30,35200,36.15703975881808,0,0,0
bd95f66a1.jpg,q20,26345,34.2598520755371,0,0,0
bde74b103.jpg,original,185844,inf,9,4,6
bde74b103.jpg,q60,68279,37.23980603108195,9,2,5
bde74b103.jpg,q40,54655,34.98505680379152,9,1,2
bde74b103.jpg,q30,46427,33.7621081499698,9,5,6
bde74b103.jpg,q20,33940,31.80472707425576,9,2,3
be257a533.jpg,original,126443,inf,1,1,2
be257a533.jpg,q60,43382,40.84071741351134,1,1,2
be257a533.jpg,q40,34157,38.376761980526474,1,1,2
be257a533.jpg,q30,28203,37.23061297650711,1,1,2
be257a533.jpg,q20,19599,35.00248692307224,1,1,2
be32de034.jpg,original,133605,inf,1,1,1
be32de034.jpg,q60,45818,40.54926276892626,1,1,1
be32de034.jpg,q40,35896,38.252365901300855,1,1,1
be32de034.jpg,q30,30097,36.94043583773838,1,1,1
be32de034.jpg,q20,20422,34.41743561681808,1,1,1
bec85b193.jpg,original,221965,inf,0,0,0
bec85b193.jpg,q60,86254,37.1030233651398,0,0,0
bec85b193.jpg,q40,68959,34.86789137095233,0,0,0
bec85b193.jpg,q30,59837,33.62502546655157,0,0,0
bec85b193.jpg,q20,47730,31.695889237477992,0,0,0
beddd60c7.jpg,original,330266,inf,1,1,1
beddd60c7.jpg,q60,117535,28.800151230087504,1,1,1
beddd60c7.jpg,q40,92723,26.832505820900696,1,1,1
beddd60c7.jpg,q30,79212,26.04447007656976,1,1,1
beddd60c7.jpg,q20,57288,24.763536088379166,1,1,3
bf6f52611.jpg,original,193165,inf,0,0,0
bf6f52611.jpg,q60,71396,37.6785705434053,0,0,0
bf6f52611.jpg,q40,56977,35.52600463369534,0,0,0
bf6f52611.jpg,q30,48903,34.26971449890888,0,0,0
bf6f52611.jpg,q20,37865,32.418348736099965,0,0,0
bfb9f7dbe.jpg,original,104171,inf,1,0,0
bfb9f7dbe.jpg,q60,33631,41.449955263144545,1,0,0
bfb9f7dbe.jpg,q40,26505,39.69223059141239,1,0,0
bfb9f7dbe.jpg,q30,21860,38.26909006626711,1,0,0
bfb9f7dbe.jpg,q20,16124,36.371652961010774,1,0,0
bfe1fd01b.jpg,original,202023,inf,0,0,0
bfe1fd01b.jpg,q60,76979,37.812235599999354,0,0,0
bfe1fd01b.jpg,q40,62577,35.6340709656058,0,0,0
bfe1fd01b.jpg,q30,54842,34.52114742680526,0,0,0
bfe1fd01b.jpg,q20,42673,32.488267227689285,0,0,0
c02a1ee0a.jpg,original,269661,inf,15,12,13
c02a1ee0a.jpg,q60,86633,31.566652031056037,15,11,15
c02a1ee0a.jpg,q40,66583,30.061516588067803,15,11,13
c02a1ee0a.jpg,q30,55574,29.335668337904494,15,12,14
c02a1ee0a.jpg,q20,39804,28.03551797583943,15,11,13
c079fb878.jpg,original,199260,inf,0,0,0
c079fb878.jpg,q60,74182,37.42433255461591,0,0,0
c079fb878.jpg,q40,59044,35.217995972197954,0,0,0
c079fb878.jpg,q30,51048,33.99273395013664,0,0,0
c079fb878.jpg,q20,38961,32.118342963198536,0,0,0
c0bcdd3db.jpg,original,106456,inf,0,0,0
c0bcdd3db.jpg,q60,37624,41.50751733641533,0,0,0
c0bcdd3db.jpg,q40,30356,39.50700080996262,0,0,0
c0bcdd3db.jpg,q30,26039,38.22297465494737,0,0,0
c0bcdd3db.jpg,q20,19726,35.94708395778975,0,0,0
c2212d548.jpg,original,163676,inf,1,1,1
c2212d548.jpg,q60,43967,35.357406854068685,1,1,1
c2212d548.jpg,q40,32898,34.281208424665124,1,1,1
c2212d548.jpg,q30,26131,33.33877590517119,1,1,1
c2212d548.jpg,q20,18620,32.15899529301038,1,1,1
c26c45017.jpg,original,194975,inf,1,0,0
c26c45017.jpg,q60,73016,38.201644251850986,1,0,0
c26c45017.jpg,q40,59538,36.12984067996969,1,0,0
c26c45017.jpg,q30,52071,34.63248314708785,1,0,0
c26c45017.jpg,q20,40666,32.99522332649163,1,0,1
c299c4851.jpg,original,394308,inf,1,1,1
c299c4851.jpg,q60,142709,27.09746434855685,1,1,1
c299c4851.jpg,q40,112801,25.1617460082202,1,1,1
c299c4851.jpg,q30,95168,24.415350627942697,1,1,1
c299c4851.jpg,q20,69509,23.316787782308573,1,1,1
c3d82d7ff.jpg,original,201703,inf,0,0,0
c3d82d7ff.jpg,q60,76532,37.99295462663631,0,0,0
c3d82d7ff.jpg,q40,62320,35.90148933946529,0,0,0
c3d82d7ff.jpg,q30,54421,34.52224221396009,0,0,0
c3d82d7ff.jpg,q20,42699,31.899316412938994,0,0,0
c4f963b2d.jpg,original,198083,inf,12,4,6
c4f963b2d.jpg,q60,76232,37.860305620354026,12,4,6
c4f963b2d.jpg,q40,62013,35.56797394054704,12,5,6
c4f963b2d.jpg,q30,54116,34.27693082673156,12,5,5
c4f963b2d.jpg,q20,41564,32.04726839912124,12,6,6
c510ba6e3.jpg,original,302207,inf,2,1,1
c510ba6e3.jpg,q60,101215,29.04007556945901,2,1,1
c510ba6e3.jpg,q40,78546,27.261009955905386,2,0,0
c510ba6e3.jpg,q30,66134,26.557878693671228,2,1,1
c510ba6e3.jpg,q20,45414,25.458720625158836,2,0,0
c6079250b.jpg,original,96396,inf,1,0,0
c6079250b.jpg,q60,30912,42.03878107132856,1,0,0
c6079250b.jpg,q40,24989,40.316595832746856,1,0,0
c6079250b.jpg,q30,21585,38.84489405453029,1,0,0
c6079250b.jpg,q20,17404,36.78407141386658,1,0,0
c724fb7f2.jpg,original,313150,inf,2,1,1
c724fb7f2.jpg,q60,124388,33.149289263636014,2,1,1
c724fb7f2.jpg,q40,100235,31.18792516761808,2,1,1
c724fb7f2.jpg,q30,87863,30.156313181154644,2,1,1
c724fb7f2.jpg,q20,70579,28.413072440635332,2,1,1
c7bcc1e3e.jpg,original,205547,inf,3,2,2
c7bcc1e3e.jpg,q60,76744,37.15903001650244,3,2,2
c7bcc1e3e.jpg,q40,61461,35.011945224744835,3,1,2
c7bcc1e3e.jpg,q30,53501,33.75813774431869,3,1,2
c7bcc1e3e.jpg,q20,40603,32.00870440327216,3,1,1
c7d376304.jpg,original,305620,inf,5,4,5
c7d376304.jpg,q60,100929,29.257056069772144,5,3,6
c7d376304.jpg,q40,78411,27.8716625567639,5,2,4
c7d376304.jpg,q30,65529,27.26158745650426,5,3,5
c7d376304.jpg,q20,47051,26.31144745290463,5,2,3
c808204d4.jpg,original,192734,inf,3,3,3
c808204d4.jpg,q60,74104,38.21337611460764,3,3,3
c808204d4.jpg,q40,60282,35.975326902773425,3,3,3
c808204d4.jpg,q30,53130,34.48109206240318,3,3,3
c808204d4.jpg,q20,40869,32.09339588614331,3,3,3
c8150e004.jpg,original,398280,inf,1,1,1
c8150e004.jpg,q60,143853,26.864273214790426,1,1,1
c8150e004.jpg,q40,112950,24.881456126401268,1,1,1
c8150e004.jpg,q30,95434,24.143629658951852,1,1,1
c8150e004.jpg,q20,68712,23.00434806845026,1,1,1
c83bce795.jpg,original,232807,inf,1,1,1
c83bce795.jpg,q60,91253,36.56616615746866,1,1,2
c83bce795.jpg,q40,74214,34.45583000383874,1,1,1
c83bce795.jpg,q30,65412,33.186168019536545,1,1,1
c83bce795.jpg,q20,51655,31.15236896173672,1,1,1
c8611efe9.jpg,original,192092,inf,0,0,0
c8611efe9.jpg,q60,72401,38.58587795521031,0,0,0
c8611efe9.jpg,q40,59331,36.36337414934636,0,0,0
c8611efe9.jpg,q30,51936,34.99516423427321,0,0,0
c8611efe9.jpg,q20,40485,32.93007608261287,0,0,0
c8bad25f9.jpg,original,348788,inf,1,1,1
c8bad25f9.jpg,q60,119083,27.653711919846188,1,1,2
c8bad25f9.jpg,q40,93293,25.99541109497601,1,1,2
c8bad25f9.jpg,q30,79438,25.337188252726392,1,1,1
c8bad25f9.jpg,q20,56646,24.29246784225135,1,1,2
c9b5d67ae.jpg,original,221102,inf,1,1,1
c9b5d67ae.jpg,q60,86797,37.074279035033406,1,1,1
c9b5d67ae.jpg,q40,70701,34.9082895009385,1,1,1
c9b5d67ae.jpg,q30,62210,33.7768304283069,1,1,1
c9b5d67ae.jpg,q20,49008,31.55282029097746,1,1,1
c9ef774de.jpg,original,232798,inf,1,0,0
c9ef774de.jpg,q60,92167,36.852271805776276,1,0,0
c9ef774de.jpg,q40,74998,34.645042433262134,1,0,0
c9ef774de.jpg,q30,65958,33.376515565865105,1,0,0
c9ef774de.jpg,q20,52701,31.5965707303614,1,0,0
ca8f71cc3.jpg,original,270968,inf,2,2,2
ca8f71cc3.jpg,q60,107397,34.76882389586691,2,2,2
ca8f71cc3.jpg,q40,87028,32.77282467816528,2,2,2
ca8f71cc3.jpg,q30,76621,31.689285056684803,2,2,2
ca8f71cc3.jpg,q20,61279,29.779681200637683,2,2,3
cb5b36f4b.jpg,original,196438,inf,0,0,0
cb5b36f4b.jpg,q60,74207,38.46016868782818,0,0,0
cb5b36f4b.jpg,q40,60825,36.341275386212324,0,0,0
cb5b36f4b.jpg,q30,53282,34.53539104264955,0,0,0
cb5b36f4b.jpg,q20,41637,33.10971612585119,0,0,0
cb859b033.jpg,original,242653,inf,0,0,0
cb859b033.jpg,q60,96463,36.29808585879268,0,0,0
cb859b033.jpg,q40,78365,34.1015220232222,0,0,0
cb859b033.jpg,q30,68601,33.00930340481575,0,0,0
cb859b033.jpg,q20,54779,30.924449690658385,0,0,0
cc28b3bff.jpg,original,415531,inf,1,1,1
cc28b3bff.jpg,q60,154134,26.291270785206112,1,1,1
cc28b3bff.jpg,q40,121173,24.13003397107157,1,1,1
cc28b3bff.jpg,q30,102759,23.305684028683736,1,1,1
cc28b3bff.jpg,q20,71041,22.12588635633478,1,1,1
cc6bf218a.jpg,original,142828,inf,1,1,1
cc6bf218a.jpg,q60,50116,39.70111017961976,1,0,1
cc6bf218a.jpg,q40,39103,37.60382916312028,1,1,1
cc6bf218a.jpg,q30,32869,36.08004455535122,1,1,1
cc6bf218a.jpg,q20,22874,34.08287112371441,1,0,1
cd2e27eb6.jpg,original,200044,inf,1,0,1
cd2e27eb6.jpg,q60,62718,33.485376701545825,1,0,1
cd2e27eb6.jpg,q40,48891,31.978792627452847,1,1,2
cd2e27eb6.jpg,q30,40832,31.283571711733636,1,0,0
cd2e27eb6.jpg,q20,29227,30.13910419968948,1,0,0
cdc67e294.jpg,original,101788,inf,1,1,1
cdc67e294.jpg,q60,32841,42.09568093396249,1,1,1
cdc67e294.jpg,q40,25388,39.81582114186975,1,1,1
cdc67e294.jpg,q30,20532,38.61727569220298,1,1,1
cdc67e294.jpg,q20,14774,36.90334901788282,1,0,0
ce0f3a682.jpg,original,236998,inf,1,0,0
ce0f3a682.jpg,q60,92136,36.022368735738674,1,0,0
ce0f3a682.jpg,q40,74430,33.88686174180275,1,1,1
ce0f3a682.jpg,q30,65234,32.70708884129684,1,0,0
ce0f3a682.jpg,q20,51275,30.710968772591862,1,0,0
ce671f28d.jpg,original,292550,inf,1,1,1
ce671f28d.jpg,q60,115828,33.89962012660528,1,1,1
ce671f28d.jpg,q40,93850,31.94909143040226,1,1,2
ce671f28d.jpg,q30,82516,30.916662748444903,1,1,2
ce671f28d.jpg,q20,66356,29.11335232431791,1,1,1
ce8e6fa68.jpg,original,83974,inf,1,1,1
ce8e6fa68.jpg,q60,17594,42.1431469777164,1,1,1
ce8e6fa68.jpg,q40,14618,40.08343991512425,1,1,1
ce8e6fa68.jpg,q30,13589,39.80605038281025,1,1,1
ce8e6fa68.jpg,q20,12215,37.65593628196423,1,1,2
cf5dee855.jpg,original,211519,inf,1,0,1
cf5dee855.jpg,q60,81263,36.85758254649919,1,1,1
cf5dee855.jpg,q40,66078,34.88954364569309,1,0,1
cf5dee855.jpg,q30,58092,33.64607576656382,1,0,1
cf5dee855.jpg,q20,45312,31.667718315466686,1,0,1
cfddcbd4a.jpg,original,214557,inf,0,0,0
cfddcbd4a.jpg,q60,83373,37.424391377397924,0,0,0
cfddcbd4a.jpg,q40,68180,35.19885120471447,0,0,0
cfddcbd4a.jpg,q30,59735,34.02996147007627,0,0,0
cfddcbd4a.jpg,q20,46650,31.904930517095956,0,0,0
d14eb5f92.jpg,original,195633,inf,0,0,0
d14eb5f92.jpg,q60,73335,37.609273673967124,0,0,0
d14eb5f92.jpg,q40,58804,35.55850438442106,0,0,0
d14eb5f92.jpg,q30,50664,34.396838396286526,0,0,0
d14eb5f92.jpg,q20,40239,32.04525928823029,0,0,0
d1b5ae2ac.jpg,original,202544,inf,0,0,0
d1b5ae2ac.jpg,q60,76271,37.678450673378336,0,0,0
d1b5ae2ac.jpg,q40,62298,35.67656899160575,0,0,0
d1b5ae2ac.jpg,q30,54497,34.34917134699117,0,0,0
d1b5ae2ac.jpg,q20,43329,32.45453107759473,0,0,0
d21b2fcef.jpg,original,424895,inf,2,0,0
d21b2fcef.jpg,q60,160911,26.117548360550835,2,0,0
d21b2fcef.jpg,q40,124941,23.639253042357787,2,0,0
d21b2fcef.jpg,q30,107388,22.746254277320126,2,0,0
d21b2fcef.jpg,q20,76583,21.385682632700615,2,0,0
d297b2a96.jpg,original,198496,inf,9,9,9
d297b2a96.jpg,q60,65749,34.03939637674678,9,9,9
d297b2a96.jpg,q40,50898,32.224806217070174,9,9,9
d297b2a96.jpg,q30,43233,31.389823004557243,9,9,9
d297b2a96.jpg,q20,32654,29.892357574334774,9,8,8
d345a3a9d.jpg,original,197194,inf,1,0,0
d345a3a9d.jpg,q60,75885,38.00665030947285,1,0,0
d345a3a9d.jpg,q40,61447,35.699874779316076,1,0,0
d345a3a9d.jpg,q30,53991,34.35481850296598,1,0,0
d345a3a9d.jpg,q20,41171,32.04510097625516,1,0,0
d4cbb37c1.jpg,original,212772,inf,1,1,1
d4cbb37c1.jpg,q60,79975,36.78197476471544,1,1,1
d4cbb37c1.jpg,q40,62850,34.6910820137943,1,1,1
d4cbb37c1.jpg,q30,53813,33.571947253938575,1,1,1
d4cbb37c1.jpg,q20,42097,31.743254470810133,1,1,1
d4d776488.jpg,original,194455,inf,1,1,1
d4d776488.jpg,q60,75289,38.03607607768012,1,1,1
d4d776488.jpg,q40,61084,35.726049023928624,1,0,0
d4d776488.jpg,q30,53860,34.185962261262006,1,0,0
d4d776488.jpg,q20,41208,32.33310689813356,1,0,0
d54882ad6.jpg,original,383852,inf,1,1,1
d54882ad6.jpg,q60,135898,27.00579463371788,1,1,1
d54882ad6.jpg,q40,106456,25.119636436738983,1,1,1
d54882ad6.jpg,q30,89542,24.440042888751815,1,1,1
d54882ad6.jpg,q20,64718,23.418148676188274,1,1,1
d658180e6.jpg,original,203717,inf,1,1,1
d658180e6.jpg,q60,76168,37.20496499842708,1,1,1
d658180e6.jpg,q40,60738,35.10541793885465,1,1,1
d658180e6.jpg,q30,52467,34.01314973282919,1,1,1
d658180e6.jpg,q20,40803,31.871558786796367,1,1,1
d6c509605.jpg,original,221475,inf,8,5,5
d6c509605.jpg,q60,85643,36.82084943088257,8,6,6
d6c509605.jpg,q40,69582,34.75353965385269,8,7,7
d6c509605.jpg,q30,61294,33.59967682038825,8,5,6
d6c509605.jpg,q20,47993,31.535322278170852,8,4,4
d74a679af.jpg,original,205593,inf,1,1,1
d74a679af.jpg,q60,77982,37.64736764427296,1,1,1
d74a679af.jpg,q40,63595,35.706431936062295,1,0,0
d74a679af.jpg,q30,55416,34.323510135524266,1,1,1
d74a679af.jpg,q20,43835,32.418009051954954,1,0,0
d79f7224d.jpg,original,197880,inf,0,0,0
d79f7224d.jpg,q60,74322,37.88537368545231,0,0,0
d79f7224d.jpg,q40,61138,35.98030511060822,0,0,0
d79f7224d.jpg,q30,53019,34.823570660360225,0,0,0
d79f7224d.jpg,q20,42038,32.48818964469532,0,0,0
d7bc33409.jpg,original,202861,inf,2,2,2
d7bc33409.jpg,q60,79329,37.71823803197029,2,2,2
d7bc33409.jpg,q40,64463,35.4843333446072,2,2,2
d7bc33409.jpg,q30,56877,34.21136334254577,2,2,2
d7bc33409.jpg,q20,44092,32.14469093721891,2,2,2
d7bed5c3c.jpg,original,302852,inf,1,1,1
d7bed5c3c.jpg,q60,119723,33.42856471258653,1,1,1
d7bed5c3c.jpg,q40,96622,31.494244321683635,1,1,1
d7bed5c3c.jpg,q30,84739,30.47275096723296,1,1,1
d7bed5c3c.jpg,q20,67971,28.771276054318253,1,1,1
d7d7a0d82.jpg,original,206925,inf,2,2,6
d7d7a0d82.jpg,q60,66935,32.96575555268624,2,2,6
d7d7a0d82.jpg,q40,52513,31.003535207630875,2,2,5
d7d7a0d82.jpg,q30,45594,30.120628710249235,2,2,5
d7d7a0d82.jpg,q20,35848,28.688453553853442,2,2,4
d84cfdb99.jpg,original,302264,inf,0,0,0
d84cfdb99.jpg,q60,102651,30.663327371930734,0,0,0
d84cfdb99.jpg,q40,79664,29.313017678732223,0,0,0
d84cfdb99.jpg,q30,67638,28.68824897600744,0,0,0
d84cfdb99.jpg,q20,50543,27.344248692547023,0,0,0
d8cf4003a.jpg,original,200419,inf,0,0,0
d8cf4003a.jpg,q60,75944,37.37322452986147,0,0,0
d8cf4003a.jpg,q40,60824,35.164850093395394,0,0,0
d8cf4003a.jpg,q30,52808,33.886920122116834,0,0,0
d8cf4003a.jpg,q20,41221,31.979979649203717,0,0,0
d904353a3.jpg,original,262477,inf,0,0,0
d904353a3.jpg,q60,104744,35.41286615935328,0,0,0
d904353a3.jpg,q40,85321,33.33580040752165,0,0,0
d904353a3.jpg,q30,75138,32.26783018273957,0,0,0
d904353a3.jpg,q20,60140,30.33851942620376,0,0,0
d9762ef5e.jpg,original,139004,inf,12,6,7
d9762ef5e.jpg,q60,46819,40.21909512511594,12,6,7
d9762ef5e.jpg,q40,36495,37.84235076082605,12,6,6
d9762ef5e.jpg,q30,29947,36.597087154596025,12,5,5
d9762ef5e.jpg,q20,21175,34.71988268553036,12,3,3
da0eff198.jpg,original,131153,inf,0,0,0
da0eff198.jpg,q60,45774,40.67436594653124,0,0,0
da0eff198.jpg,q40,36719,38.64378283250309,0,0,0
da0eff198.jpg,q30,31246,37.362180302413314,0,0,0
da0eff198.jpg,q20,23389,35.24827233087411,0,0,0
dc1cec72f.jpg,original,237453,inf,1,1,1
dc1cec72f.jpg,q60,93854,36.14125163683266,1,1,1
dc1cec72f.jpg,q40,76478,34.17912095754219,1,1,1
dc1cec72f.jpg,q30,67475,32.991249392486615,1,1,1
dc1cec72f.jpg,q20,53544,30.920389965247367,1,1,1
dc24140d7.jpg,original,218125,inf,1,0,1
dc24140d7.jpg,q60,85240,36.76531049569967,1,0,1
dc24140d7.jpg,q40,69096,34.51057801288093,1,0,1
dc24140d7.jpg,q30,60501,33.34164165767997,1,0,1
dc24140d7.jpg,q20,46991,31.145883534278585,1,0,0
dc4ee69ba.jpg,original,144266,inf,1,1,1
dc4ee69ba.jpg,q60,56793,37.88893351557347,1,1,1
dc4ee69ba.jpg,q40,46665,35.88492147005221,1,1,1
dc4ee69ba.jpg,q30,41386,34.862872709990604,1,1,1
dc4ee69ba.jpg,q20,33848,33.20248423677884,1,1,1
dc88648bc.jpg,original,333088,inf,1,1,1
dc88648bc.jpg,q60,115452,29.079944933606082,1,1,1
dc88648bc.jpg,q40,90950,27.247309844128363,1,1,1
dc88648bc.jpg,q30,75460,26.531631777297157,1,1,1
dc88648bc.jpg,q20,54306,25.392981265217088,1,1,1
dcd29c585.jpg,original,104359,inf,0,0,0
dcd29c585.jpg,q60,33545,41.73908264491509,0,0,0
dcd29c585.jpg,q40,26671,39.887529706979656,0,0,0
dcd29c585.jpg,q30,22384,38.69606535989272,0,0,0
dcd29c585.jpg,q20,16971,36.50568739744914,0,0,0
dce120eb0.jpg,original,305019,inf,1,1,1
dce120eb0.jpg,q60,104331,30.45458150012795,1,1,1
dce120eb0.jpg,q40,81760,29.111599959713477,1,1,1
dce120eb0.jpg,q30,69959,28.420834672784352,1,1,1
dce120eb0.jpg,q20,52551,27.19488804940604,1,1,1
dd9316d80.jpg,original,365478,inf,1,1,1
dd9316d80.jpg,q60,127988,27.630653241545765,1,1,1
dd9316d80.jpg,q40,100709,25.801146714169462,1,1,1
dd9316d80.jpg,q30,84086,25.154332244641594,1,1,1
dd9316d80.jpg,q20,60613,24.058983041280566,1,1,1
e06ff97ef.jpg,original,196621,inf,1,1,1
e06ff97ef.jpg,q60,74976,38.2712440617432,1,1,1
e06ff97ef.jpg,q40,61005,35.9831118007684,1,1,1
e06ff97ef.jpg,q30,53428,34.47968368831127,1,1,1
e06ff97ef.jpg,q20,41619,32.335647676070096,1,1,1
e0a7cfcae.jpg,original,251626,inf,1,1,1
e0a7cfcae.jpg,q60,99399,35.83680564238286,1,1,1
e0a7cfcae.jpg,q40,80260,33.861006717106434,1,1,1
e0a7cfcae.jpg,q30,69758,32.57774414594308,1,1,1
e0a7cfcae.jpg,q20,55425,30.69516030963245,1,1,1
e13b506d5.jpg,original,209820,inf,0,0,0
e13b506d5.jpg,q60,80324,37.15588776070324,0,0,0
e13b506d5.jpg,q40,65090,35.09651471488202,0,0,0
e13b506d5.jpg,q30,57282,33.64270709292511,0,0,0
e13b506d5.jpg,q20,44265,31.748036990242987,0,0,0
e13ddafbf.jpg,original,226490,inf,4,3,3
e13ddafbf.jpg,q60,87628,36.49808794464728,4,2,2
e13ddafbf.jpg,q40,71051,34.43896734560819,4,3,3
e13ddafbf.jpg,q30,62754,33.25909851078332,4,1,1
e13ddafbf.jpg,q20,49131,31.22745535743755,4,3,3
e1719ebde.jpg,original,213192,inf,2,1,1
e1719ebde.jpg,q60,80655,36.852813797599815,2,1,2
e1719ebde.jpg,q40,64580,34.69850584652822,2,1,1
e1719ebde.jpg,q30,56285,33.42785989401692,2,1,1
e1719ebde.jpg,q20,42989,31.71908790543381,2,0,1
e1bbb896e.jpg,original,276892,inf,0,0,0
e1bbb896e.jpg,q60,108493,34.18155675167235,0,0,0
e1bbb896e.jpg,q40,87680,32.17863465516552,0,0,0
e1bbb896e.jpg,q30,77000,31.09140360947359,0,0,0
e1bbb896e.jpg,q20,61278,29.26113512487522,0,0,0
e1fb831df.jpg,original,175352,inf,12,5,5
e1fb831df.jpg,q60,66065,38.595662654417765,12,5,5
e1fb831df.jpg,q40,53035,36.43460766085314,12,5,6
e1fb831df.jpg,q30,46030,35.07949933918907,12,5,5
e1fb831df.jpg,q20,35497,33.08220110557059,12,1,1
e215280c6.jpg,original,206834,inf,1,0,1
e215280c6.jpg,q60,79663,37.768293813968235,1,0,1
e215280c6.jpg,q40,64860,35.67614275652316,1,0,1
e215280c6.jpg,q30,56788,34.42087097062487,1,0,1
e215280c6.jpg,q20,45062,31.82891381025759,1,0,0
e2ee21385.jpg,original,128079,inf,0,0,0
e2ee21385.jpg,q60,41648,40.80297520869606,0,0,0
e2ee21385.jpg,q40,31046,38.77778480684492,0,0,0
e2ee21385.jpg,q30,25369,37.61048492819418,0,0,0
e2ee21385.jpg,q20,18056,35.64242800990386,0,0,0
e36bd03c3.jpg,original,138106,inf,1,1,1
e36bd03c3.jpg,q60,46767,39.830584688579684,1,1,1
e36bd03c3.jpg,q40,36426,37.55737770979004,1,1,1
e36bd03c3.jpg,q30,30271,36.46564498650247,1,1,1
e36bd03c3.jpg,q20,23139,34.448775866009356,1,1,1
e3ce21827.jpg,original,230608,inf,0,0,0
e3ce21827.jpg,q60,90252,36.436213632817925,0,0,0
e3ce21827.jpg,q40,73636,34.47792119024204,0,0,0
e3ce21827.jpg,q30,65287,33.312197553387975,0,0,0
e3ce21827.jpg,q20,51625,31.11837482840101,0,0,0
e3d173076.jpg,original,137993,inf,3,1,2
e3d173076.jpg,q60,43426,37.377034610242134,3,1,2
e3d173076.jpg,q40,34365,35.80014660933168,3,2,2
e3d173076.jpg,q30,29546,34.70917821104847,3,2,2
e3d173076.jpg,q20,22736,33.147030766266454,3,2,2
e3dc2e61c.jpg,original,119299,inf,0,0,0
e3dc2e61c.jpg,q60,37740,41.27066459368101,0,0,0
e3dc2e61c.jpg,q40,26759,39.19273204993673,0,0,0
e3dc2e61c.jpg,q30,20901,37.00156353453344,0,0,0
e3dc2e61c.jpg,q20,14178,36.699947744878806,0,0,0
e43f3ec8b.jpg,original,209946,inf,2,1,1
e43f3ec8b.jpg,q60,78556,36.99476259900408,2,0,0
e43f3ec8b.jpg,q40,62923,34.879967303080356,2,1,1
e43f3ec8b.jpg,q30,55064,33.514938254788966,2,1,1
e43f3ec8b.jpg,q20,41708,31.956937096305303,2,0,0
e44ce8314.jpg,original,234334,inf,2,2,3
e44ce8314.jpg,q60,92894,36.40603487937028,2,2,3
e44ce8314.jpg,q40,75953,34.27335195993057,2,2,3
e44ce8314.jpg,q30,67155,32.89121450206898,2,2,3
e44ce8314.jpg,q20,52923,30.993807260777633,2,2,3
e69e4a0c7.jpg,original,309425,inf,1,1,1
e69e4a0c7.jpg,q60,123089,33.321504691825965,1,1,1
e69e4a0c7.jpg,q40,99530,31.354789109284514,1,1,1
e69e4a0c7.jpg,q30,87575,30.342353962534435,1,1,1
e69e4a0c7.jpg,q20,70343,28.57570113505366,1,1,1
e6bd8b093.jpg,original,129322,inf,0,0,0
e6bd8b093.jpg,q60,44596,40.707546887103156,0,0,0
e6bd8b093.jpg,q40,35632,38.59445242485269,0,0,0
e6bd8b093.jpg,q30,29993,37.20553658143665,0,0,0
e6bd8b093.jpg,q20,22032,35.191955548667025,0,0,0
e73f6c491.jpg,original,205332,inf,1,1,1
e73f6c491.jpg,q60,79536,37.703531212344515,1,1,1
e73f6c491.jpg,q40,64576,35.367465509926674,1,1,1
e73f6c491.jpg,q30,56689,34.15593951011176,1,1,1
e73f6c491.jpg,q20,43523,31.432234934817437,1,1,1
e773aced7.jpg,original,227447,inf,2,2,2
e773aced7.jpg,q60,89341,36.42868027617658,2,2,2
e773aced7.jpg,q40,72920,34.45155393991041,2,2,2
e773aced7.jpg,q30,64517,33.089704634921404,2,2,2
e773aced7.jpg,q20,50661,31.28872060696178,2,2,3
e7a5315de.jpg,original,216110,inf,1,0,1
e7a5315de.jpg,q60,83686,37.137017782464866,1,0,1
e7a5315de.jpg,q40,67058,34.82739190278937,1,0,1
e7a5315de.jpg,q30,58241,33.3890675062288,1,0,1
e7a5315de.jpg,q20,46147,31.867772203301634,1,0,1
e8f556fcb.jpg,original,108688,inf,0,0,0
e8f556fcb.jpg,q60,35780,41.51164084258346,0,0,0
e8f556fcb.jpg,q40,28253,39.643492736135244,0,0,0
e8f556fcb.jpg,q30,23441,38.34998642273114,0,0,0
e8f556fcb.jpg,q20,17005,36.60181037872793,0,0,0
e9439b864.jpg,original,227047,inf,0,0,0
e9439b864.jpg,q60,88346,36.921050536935915,0,0,0
e9439b864.jpg,q40,72519,34.83921468707502,0,0,0
e9439b864.jpg,q30,63754,33.516478262898836,0,0,0
e9439b864.jpg,q20,51089,31.292460422756445,0,0,0
e9a7dd8f0.jpg,original,295511,inf,1,1,1
e9a7dd8f0.jpg,q60,92113,28.94468050694035,1,1,1
e9a7dd8f0.jpg,q40,69822,27.691631960489566,1,1,1
e9a7dd8f0.jpg,q30,57381,27.16588896427846,1,1,1
e9a7dd8f0.jpg,q20,39445,26.368415388731705,1,1,1
ebf7e53a1.jpg,original,225770,inf,1,1,1
ebf7e53a1.jpg,q60,87676,36.450590816058046,1,1,1
ebf7e53a1.jpg,q40,71440,34.492364483293635,1,1,1
ebf7e53a1.jpg,q30,63102,33.28620083428892,1,1,1
ebf7e53a1.jpg,q20,49565,31.261563495630675,1,1,1
edb4bb3ac.jpg,original,292244,inf,1,1,1
edb4bb3ac.jpg,q60,116305,33.95195645272295,1,1,1
edb4bb3ac.jpg,q40,94097,31.97085304398916,1,1,1
edb4bb3ac.jpg,q30,82502,30.920406434533728,1,1,1
edb4bb3ac.jpg,q20,66182,29.116430558210773,1,1,1
edc072db1.jpg,original,217238,inf,0,0,0
edc072db1.jpg,q60,82932,36.74583301984675,0,0,0
edc072db1.jpg,q40,66450,34.674974085467966,0,0,0
edc072db1.jpg,q30,57848,33.24067938574406,0,0,0
edc072db1.jpg,q20,45407,31.464425123584636,0,0,0
eec04e7a8.jpg,original,150496,inf,15,0,0
eec04e7a8.jpg,q60,52163,39.591908284974544,15,0,0
eec04e7a8.jpg,q40,40754,37.527269949954125,15,0,0
eec04e7a8.jpg,q30,34343,36.18453270460228,15,0,0
eec04e7a8.jpg,q20,25274,34.24643075178957,15,0,0
eefabbd8e.jpg,original,189477,inf,1,0,0
eefabbd8e.jpg,q60,73666,38.2890610698395,1,0,0
eefabbd8e.jpg,q40,59629,36.095243911184845,1,0,0
eefabbd8e.jpg,q30,52697,34.6452584646143,1,0,0
eefabbd8e.jpg,q20,40562,32.29778301467087,1,0,0
ef8928055.jpg,original,149432,inf,1,1,12
ef8928055.jpg,q60,53133,39.48143394740358,1,1,11
ef8928055.jpg,q40,42285,37.25103023997028,1,1,12
ef8928055.jpg,q30,36063,35.964299029907025,1,1,12
ef8928055.jpg,q20,27192,33.913623652464985,1,1,10
eff5057b2.jpg,original,197583,inf,1,0,0
eff5057b2.jpg,q60,76797,38.111937870643466,1,0,0
eff5057b2.jpg,q40,62540,35.75025413573038,1,0,0
eff5057b2.jpg,q30,55169,34.53680515630396,1,0,0
eff5057b2.jpg,q20,42596,32.01098543284322,1,0,0
f06543ef1.jpg,original,319454,inf,1,1,1
f06543ef1.jpg,q60,127275,33.016858084325754,1,1,1
f06543ef1.jpg,q40,103096,31.054384075016653,1,1,1
f06543ef1.jpg,q30,90537,30.047010826156722,1,1,1
f06543ef1.jpg,q20,73013,28.309858658795104,1,1,1
f0a108e91.jpg,original,196674,inf,2,2,2
f0a108e91.jpg,q60,75953,37.81723932447355,2,1,1
f0a108e91.jpg,q40,61618,35.60351585569667,2,1,1
f0a108e91.jpg,q30,54067,34.1298742947226,2,2,2
f0a108e91.jpg,q20,41683,32.19291422294467,2,1,1
f0aa3211d.jpg,original,201850,inf,0,0,0
f0aa3211d.jpg,q60,77678,37.95902940719867,0,0,0
f0aa3211d.jpg,q40,63524,35.692773060360224,0,0,0
f0aa3211d.jpg,q30,55645,34.440184619044174,0,0,0
f0aa3211d.jpg,q20,43202,32.04923288019304,0,0,0
f0c4a2ead.jpg,original,115444,inf,1,0,1
f0c4a2ead.jpg,q60,38410,41.47869717179116,1,1,2
f0c4a2ead.jpg,q40,30393,39.38339756977908,1,0,1
f0c4a2ead.jpg,q30,25404,38.158488389826914,1,0,1
f0c4a2ead.jpg,q20,18868,36.04493748657581,1,0,2
f162579a1.jpg,original,199881,inf,1,1,1
f162579a1.jpg,q60,75831,37.69540640147745,1,1,1
f162579a1.jpg,q40,61410,35.401147997675054,1,1,1
f162579a1.jpg,q30,53259,34.202360152117365,1,1,1
f162579a1.jpg,q20,41109,32.15800175883392,1,1,1
f169a1d4d.jpg,original,124164,inf,5,4,4
f169a1d4d.jpg,q60,39328,40.86800822571035,5,4,5
f169a1d4d.jpg,q40,30506,38.68837603024555,5,4,4
f169a1d4d.jpg,q30,24703,37.41321975889716,5,4,4
f169a1d4d.jpg,q20,17340,35.538898177147956,5,2,2
f4b36f4fc.jpg,original,326275,inf,1,0,0
f4b36f4fc.jpg,q60,117591,28.45891873213442,1,0,0
f4b36f4fc.jpg,q40,92580,26.621594415003855,1,0,0
f4b36f4fc.jpg,q30,79560,25.942911021926335,1,0,0
f4b36f4fc.jpg,q20,59476,24.85414278768532,1,0,0
f51076a80.jpg,original,180444,inf,2,2,2
f51076a80.jpg,q60,67580,38.61600645677216,2,2,2
f51076a80.jpg,q40,54288,36.41113993632739,2,2,2
f51076a80.jpg,q30,46953,35.1068766516355,2,2,2
f51076a80.jpg,q20,36125,33.04673438803736,2,2,2
f5424907d.jpg,original,273601,inf,4,4,4
f5424907d.jpg,q60,89684,31.083135896125885,4,4,4
f5424907d.jpg,q40,71164,29.74382667321523,4,4,4
f5424907d.jpg,q30,59690,29.088400000509118,4,4,4
f5424907d.jpg,q20,43210,27.894713120706026,4,4,4
f54314324.jpg,original,354056,inf,7,6,6
f54314324.jpg,q60,112645,27.070932328409008,7,6,6
f54314324.jpg,q40,87583,25.805975593477992,7,5,5
f54314324.jpg,q30,73585,25.326753743522886,7,5,5
f54314324.jpg,q20,53096,24.581651653208446,7,6,6
f74e84709.jpg,original,381777,inf,1,1,1
f74e84709.jpg,q60,136128,27.30942193833721,1,1,1
f74e84709.jpg,q40,107163,25.454143165421353,1,1,1
f74e84709.jpg,q30,90142,24.753950919951766,1,1,1
f74e84709.jpg,q20,65598,23.6682041945004,1,1,1
f7657ae07.jpg,original,140963,inf,11,6,8
f7657ae07.jpg,q60,47614,40.16205126953071,11,6,7
f7657ae07.jpg,q40,37275,37.80024703705396,11,5,6
f7657ae07.jpg,q30,30733,36.58405629745294,11,5,5
f7657ae07.jpg,q20,21943,34.60801707414463,11,3,3
f7c020891.jpg,original,218571,inf,1,1,1
f7c020891.jpg,q60,75085,33.632334023637725,1,1,1
f7c020891.jpg,q40,59309,31.94161928931186,1,1,1
f7c020891.jpg,q30,50573,31.086654594908588,1,1,1
f7c020891.jpg,q20,37701,29.609412189840437,1,1,1
f7c15c838.jpg,original,209991,inf,0,0,0
f7c15c838.jpg,q60,78974,36.93587967237444,0,0,0
f7c15c838.jpg,q40,63162,34.79108948197172,0,0,0
f7c15c838.jpg,q30,54420,33.70842201227831,0,0,0
f7c15c838.jpg,q20,42792,31.762628680870414,0,0,0
f7e3fcf8b.jpg,original,369021,inf,1,1,1
f7e3fcf8b.jpg,q60,129312,27.564740423760696,1,1,1
f7e3fcf8b.jpg,q40,101995,25.750976291734624,1,1,1
f7e3fcf8b.jpg,q30,85386,25.095294740172342,1,1,1
f7e3fcf8b.jpg,q20,61737,24.010211678134418,1,1,1
f80a8b091.jpg,original,189218,inf,1,0,0
f80a8b091.jpg,q60,72876,38.397789811934516,1,0,0
f80a8b091.jpg,q40,59083,36.022383537859504,1,0,0
f80a8b091.jpg,q30,52022,34.7931693013652,1,0,0
f80a8b091.jpg,q20,39778,32.23210245606138,1,0,0
f8339e72f.jpg,original,209329,inf,3,0,0
f8339e72f.jpg,q60,80884,37.39721371706837,3,0,0
f8339e72f.jpg,q40,65672,35.30714236838574,3,0,0
f8339e72f.jpg,q30,57863,33.78918300899453,3,0,0
f8339e72f.jpg,q20,44933,31.61385148272293,3,0,0
f87a3f556.jpg,original,261381,inf,3,2,2
f87a3f556.jpg,q60,102908,35.0644411465957,3,2,2
f87a3f556.jpg,q40,83332,32.961005298551704,3,2,2
f87a3f556.jpg,q30,73297,31.82047180034153,3,2,2
f87a3f556.jpg,q20,58120,29.86014324825845,3,2,2
f8cbed833.jpg,original,210406,inf,4,4,7
f8cbed833.jpg,q60,80490,37.246945789198804,4,3,7
f8cbed833.jpg,q40,64763,34.94607393091212,4,4,8
f8cbed833.jpg,q30,56285,33.71568368074173,4,4,7
f8cbed833.jpg,q20,43654,31.6928387913265,4,3,6
f98ba09af.jpg,original,169297,inf,2,1,1
f98ba09af.jpg,q60,59971,38.326410647186364,2,1,1
f98ba09af.jpg,q40,47389,36.205036251214565,2,1,1
f98ba09af.jpg,q30,40219,34.96344929997968,2,1,1
f98ba09af.jpg,q20,30120,33.07046205514942,2,1,1
f9be636e1.jpg,original,291439,inf,0,0,0
f9be636e1.jpg,q60,98352,29.98434317094073,0,0,1
f9be636e1.jpg,q40,78332,28.526879679819018,0,0,0
f9be636e1.jpg,q30,66530,27.876916498832376,0,0,0
f9be636e1.jpg,q20,47337,26.69186936795921,0,0,0
fb05dd5a8.jpg,original,128578,inf,1,1,1
fb05dd5a8.jpg,q60,41662,40.56566907795961,1,1,1
fb05dd5a8.jpg,q40,32291,38.54997533290803,1,1,1
fb05dd5a8.jpg,q30,26222,37.15262942738191,1,1,1
fb05dd5a8.jpg,q20,18073,35.08144968700022,1,1,1
fc46f4ec0.jpg,original,172416,inf,2,1,1
fc46f4ec0.jpg,q60,64238,38.398237448693706,2,0,0
fc46f4ec0.jpg,q40,51752,36.28656420390286,2,0,0
fc46f4ec0.jpg,q30,44556,35.00107777283238,2,0,0
fc46f4ec0.jpg,q20,33658,32.799938055125956,2,0,0
fd31cc8d9.jpg,original,186309,inf,1,1,1
fd31cc8d9.jpg,q60,69573,38.56348303026055,1,1,1
fd31cc8d9.jpg,q40,56380,36.46231352573152,1,1,1
fd31cc8d9.jpg,q30,49368,34.744023276455714,1,1,1
fd31cc8d9.jpg,q20,37544,33.30140149364865,1,1,1
fd5a78090.jpg,original,179929,inf,1,0,2
fd5a78090.jpg,q60,66483,38.36334748170684,1,0,2
fd5a78090.jpg,q40,52772,36.12666743892104,1,0,2
fd5a78090.jpg,q30,45301,34.85709657199241,1,0,2
fd5a78090.jpg,q20,34487,32.821217359989696,1,0,1
fe86a8ad4.jpg,original,138431,inf,11,3,4
fe86a8ad4.jpg,q60,48298,39.62862570742845,11,2,2
fe86a8ad4.jpg,q40,37969,37.337560075318095,11,2,3
fe86a8ad4.jpg,q30,31749,35.98933572181727,11,2,3
fe86a8ad4.jpg,q20,23104,34.299256667777115,11,2,2
ffecdeb53.jpg,original,341476,inf,1,0,0
ffecdeb53.jpg,q60,116785,28.09707215186667,1,0,0
ffecdeb53.jpg,q40,91403,26.422016101288797,1,0,0
ffecdeb53.jpg,q30,77537,25.79210911554075,1,0,0
ffecdeb53.jpg,q20,56245,24.79946077624854,1,0,0
