load,seed,signal,ship_recall,dark_recall,MB_offered,MB_sent,latency_med_h,gated
40000,0,classic,0.6798978095283152,0.6792893875642824,178.60882937289006,178.53871097096354,4.673820214719196,5187
40000,0,learned gate,0.6798978095283152,0.6792893875642824,174.51982937289006,174.47565894502247,4.643067169008579,10809
40000,1,classic,0.6848124215517642,0.6822966507177034,175.1745507536505,175.0080275323614,4.490788150378056,5083
40000,1,learned gate,0.6848124215517642,0.6822966507177034,171.16455075365047,171.07380927426817,4.453404867028684,10604
40000,2,classic,0.6904410407824322,0.6753367394333488,175.37861772778535,175.25140210878362,4.456056735166122,5098
40000,2,learned gate,0.6904410407824322,0.6753367394333488,171.43761772778535,171.34613754121565,4.437635378372246,10627
160000,0,classic,0.634078601808167,0.6733904069426527,699.0139915767077,188.1036404713169,4.865274172371792,20412
160000,0,learned gate,0.634078601808167,0.6733904069426527,682.8739915767077,188.0486404713169,4.865274172371792,42602
160000,1,classic,0.6350816655164482,0.6934489842501712,702.444665727276,188.26428273614854,4.855148055735537,20060
160000,1,learned gate,0.6350816655164482,0.6934489842501712,685.8636657272759,188.19328273614852,4.855148055735537,42688
160000,2,classic,0.6368352187858226,0.6813531736805394,695.8711523481694,187.14407510877828,4.957164061924928,20323
160000,2,learned gate,0.6368352187858226,0.6813531736805394,679.5661523481695,187.09807510877823,4.957164061924928,42625
