swath_id,source_tile,size_px,straddles_seam,found_whole,found_naive,found_sahi,found_edge
swath_000,2ee6eee21.jpg,108.99993600000003,True,True,True,True,True
swath_000,63b70edf2.jpg,20.00025600000004,False,True,True,True,True
swath_000,63b70edf2.jpg,71.00006400000007,False,True,True,True,True
swath_000,3b9a9b124.jpg,71.00006400000001,False,True,True,True,True
swath_000,3b9a9b124.jpg,21.00019199999997,False,True,True,True,True
swath_000,e759ce27c.jpg,78.99993600000005,False,True,True,True,True
swath_000,7f27e468c.jpg,37.999872000000096,False,True,True,True,True
swath_000,7f27e468c.jpg,85.99987199999998,True,True,True,True,True
swath_000,7f27e468c.jpg,21.00019199999997,False,True,True,True,True
swath_000,7f27e468c.jpg,145.99987199999987,False,True,True,True,True
swath_000,881f75cc1.jpg,43.0003200000001,False,True,True,True,True
swath_000,195f6f0e5.jpg,80.00025599999992,False,True,True,True,True
swath_000,195f6f0e5.jpg,25.99987199999987,False,False,False,False,False
swath_000,01933be65.jpg,20.00025599999981,False,True,True,True,True
swath_000,a46d1044c.jpg,71.00006399999984,False,True,True,True,True
swath_000,a46d1044c.jpg,20.00025600000004,False,True,True,True,True
swath_000,effa2866c.jpg,19.000319999999878,False,False,False,False,False
swath_000,1dfce9923.jpg,13.999871999999868,True,False,False,False,False
swath_000,1dfce9923.jpg,12.0,False,False,False,True,False
swath_000,1dfce9923.jpg,10.000127999999904,False,True,True,True,True
swath_000,1dfce9923.jpg,8.000256000000036,False,True,True,True,True
swath_000,1dfce9923.jpg,12.0,False,False,False,False,False
swath_000,3bf554155.jpg,14.99980800000003,False,False,False,True,False
swath_000,e722c8808.jpg,12.0,False,False,False,False,False
swath_000,eaef6a679.jpg,46.00012800000013,True,False,False,False,False
swath_000,0bde4207e.jpg,19.0003200000001,False,False,False,True,False
swath_000,32ccf0d88.jpg,14.99980800000003,False,True,True,True,True
swath_001,6d746707f.jpg,182.99980800000003,False,True,True,True,True
swath_001,e47738640.jpg,90.00038399999994,False,True,True,True,True
swath_001,277c74f86.jpg,244.99968,False,True,True,True,True
swath_001,c84d74fb9.jpg,140.0002559999998,False,True,True,True,True
swath_001,cc5ffaebd.jpg,108.0,True,True,True,True,True
swath_001,1d6d38c25.jpg,84.99993600000016,True,True,False,True,True
swath_001,6a76143a3.jpg,20.000256000000263,False,True,True,False,True
swath_001,9d0664af5.jpg,20.00025600000004,False,False,False,False,False
swath_001,4482d89c5.jpg,26.99980800000003,False,True,True,True,True
swath_001,93e0cf198.jpg,12.999935999999934,False,True,True,True,True
swath_001,49dfe969e.jpg,16.9996799999999,False,True,True,True,True
swath_001,83dfd98f4.jpg,86.99980800000003,False,True,True,True,True
swath_001,9d8cfce03.jpg,48.0,False,True,True,True,True
swath_001,9d8cfce03.jpg,105.00019199999996,False,True,True,True,True
swath_001,9d8cfce03.jpg,88.9996799999999,False,True,True,False,True
swath_001,94beb35a9.jpg,87.99974399999974,False,True,True,True,True
swath_001,94beb35a9.jpg,70.00012800000013,False,True,True,True,True
swath_001,1696a45bc.jpg,8.000255999999808,False,False,True,True,True
swath_001,48cffba29.jpg,19.0003200000001,False,True,True,True,True
swath_001,48cffba29.jpg,23.00006399999984,False,True,True,True,True
swath_002,3d6cccde2.jpg,24.0,False,True,True,True,True
swath_002,d885a0cfa.jpg,23.00006400000001,False,False,False,False,False
swath_002,d885a0cfa.jpg,67.00031999999999,False,True,True,True,True
swath_002,dddc57439.jpg,153.00019199999997,False,True,True,True,True
swath_002,99d552cd3.jpg,40.99968000000001,False,True,True,True,True
swath_002,4140138cd.jpg,12.999936000000003,False,True,True,True,True
swath_002,252fb3868.jpg,22.000128000000014,False,False,False,False,False
swath_002,252fb3868.jpg,46.00012800000013,False,True,True,True,True
swath_002,d0d987446.jpg,158.99980800000003,True,True,True,True,True
swath_002,c5d5af9b5.jpg,166.00012799999968,False,True,True,True,True
swath_002,d65ebcc15.jpg,47.00006399999998,False,True,True,True,True
swath_002,d65ebcc15.jpg,35.000064000000066,False,True,True,True,True
swath_002,d65ebcc15.jpg,47.00006400000007,False,True,True,True,True
swath_002,d65ebcc15.jpg,47.00006399999998,False,True,True,False,True
swath_002,d65ebcc15.jpg,46.00012800000002,False,True,True,True,False
swath_002,d65ebcc15.jpg,45.00019199999997,False,True,True,True,True
swath_002,963a81be4.jpg,68.00025600000026,True,True,True,True,True
swath_002,963a81be4.jpg,18.000384000000054,False,True,True,True,True
swath_002,17c234248.jpg,189.000192,False,True,True,True,True
swath_002,611b87d1b.jpg,151.0003200000001,True,True,True,False,True
swath_002,611b87d1b.jpg,210.00038399999997,True,True,True,True,True
swath_002,814c2a312.jpg,75.99974400000019,True,True,False,True,True
swath_002,9614bdf34.jpg,34.000127999999904,False,True,True,True,True
swath_002,9614bdf34.jpg,33.00019199999997,False,True,True,True,True
swath_002,38956b250.jpg,33.00019199999997,False,True,True,False,True
swath_002,e6ccabbcf.jpg,241.99987199999987,False,True,True,True,True
swath_002,e6ccabbcf.jpg,164.0002559999998,True,True,True,True,True
swath_003,173d98541.jpg,64.99968000000001,False,True,True,True,True
swath_003,173d98541.jpg,24.99993599999999,False,True,False,True,False
swath_003,ee11856e2.jpg,13.999872000000323,False,False,False,False,False
swath_003,ff3f6dae7.jpg,77.999616,False,True,True,True,True
swath_003,ff3f6dae7.jpg,116.00025600000004,False,True,True,True,True
swath_003,ff3f6dae7.jpg,173.99961600000006,False,True,True,True,True
swath_003,a273f009e.jpg,19.00032,False,True,True,True,True
swath_003,a9fec07fb.jpg,250.00012800000013,True,True,False,True,True
swath_003,a7fd7b8d4.jpg,18.00038399999994,False,True,False,False,False
swath_003,67c7f5fc8.jpg,159.99974399999996,False,True,True,True,True
swath_003,d1f4649a8.jpg,35.00006399999984,False,False,False,False,False
swath_003,3d3aebc0a.jpg,84.0,False,True,True,True,True
swath_003,6749af8c4.jpg,76.99968000000013,False,True,True,True,True
swath_003,6749af8c4.jpg,192.99993600000016,False,True,True,True,True
swath_003,6749af8c4.jpg,14.99980800000003,False,True,True,True,True
swath_003,6749af8c4.jpg,87.99974400000019,False,True,True,True,True
swath_003,9bc45db83.jpg,14.99980800000003,False,True,True,True,True
swath_003,32f5686a7.jpg,23.00006399999984,False,False,False,False,False
swath_003,e9a28af7f.jpg,194.99980800000003,False,False,False,False,False
swath_003,17f6ab7cd.jpg,74.99980800000003,False,True,True,True,True
swath_003,17f6ab7cd.jpg,87.99974400000019,False,True,True,True,True
swath_003,a5d8b7d8d.jpg,74.99980800000003,False,True,True,True,True
swath_003,a5d8b7d8d.jpg,91.0003200000001,False,True,True,True,True
swath_003,a5d8b7d8d.jpg,10.000127999999904,False,True,True,True,True
swath_003,c7e435e40.jpg,101.99961600000006,False,True,True,True,True
swath_004,d1badb0bc.jpg,168.0,False,True,True,True,True
swath_004,6e6f35c97.jpg,52.9996799999999,False,True,True,True,True
swath_004,a462d0e90.jpg,14.99980800000003,False,True,False,True,True
swath_004,2c1e9cdd3.jpg,165.00019199999997,False,True,True,True,True
swath_004,0ae71fbc2.jpg,129.00019199999997,False,True,True,True,True
swath_004,403213db3.jpg,48.99993600000016,False,True,True,False,True
swath_004,f7657ae07.jpg,29.99961600000006,False,True,False,True,True
swath_004,f7657ae07.jpg,11.000063999999838,False,False,False,False,False
swath_004,f7657ae07.jpg,18.00038399999994,False,False,False,False,False
swath_004,f7657ae07.jpg,9.00019199999997,False,True,True,True,True
swath_004,f7657ae07.jpg,24.999935999999707,False,True,True,True,True
swath_004,f7657ae07.jpg,5.99961600000006,False,False,False,False,False
swath_004,f7657ae07.jpg,22.000127999999904,False,True,False,True,True
swath_004,f7657ae07.jpg,24.99993600000016,False,False,False,True,False
swath_004,f7657ae07.jpg,29.999615999999836,True,True,False,True,True
swath_004,f7657ae07.jpg,24.99993600000016,False,True,True,True,True
swath_004,f7657ae07.jpg,28.9996799999999,False,False,False,False,False
swath_004,f2d4c7959.jpg,16.999680000000012,False,True,True,True,True
swath_004,5088fbed2.jpg,92.00025600000004,False,True,True,True,True
swath_004,ce0f3a682.jpg,28.9996799999999,False,False,False,False,False
swath_004,b80232332.jpg,14.99980800000003,False,True,True,True,True
swath_004,e44af9630.jpg,57.00019199999997,False,True,True,True,True
swath_004,b19febc41.jpg,187.0003200000001,False,True,True,True,True
swath_004,b19febc41.jpg,252.99993600000005,False,True,True,True,True
swath_004,b19febc41.jpg,91.00032,False,True,True,True,True
swath_004,0ec6df41c.jpg,22.00012800000013,False,True,True,True,True
swath_004,1fedfea51.jpg,191.00006399999984,False,True,True,True,True
swath_004,75f4880cd.jpg,21.00019199999997,False,True,True,True,True
swath_005,8f3be518d.jpg,40.9996799999999,False,True,True,True,True
swath_005,cbbfbb22d.jpg,71.00006399999995,False,True,True,True,True
swath_005,cbbfbb22d.jpg,228.99993600000005,False,True,True,True,True
swath_005,cbbfbb22d.jpg,241.99987199999995,False,True,True,True,True
swath_005,d2c5b7ffc.jpg,214.00012800000013,True,True,True,True,True
swath_005,e97e8df40.jpg,24.999936000000048,False,True,False,False,True
swath_005,d54485dae.jpg,35.00006400000001,False,True,True,True,True
swath_005,bffb50d92.jpg,15.999743999999964,False,True,True,True,True
swath_005,8c629b8b5.jpg,29.999615999999836,False,True,True,True,True
swath_005,8c629b8b5.jpg,60.0,False,True,True,True,True
swath_005,c6105f8b3.jpg,173.99961600000006,False,True,True,True,True
swath_005,c6105f8b3.jpg,164.0002559999998,False,True,True,True,True
swath_005,f31d20a4a.jpg,14.99980800000003,True,True,True,True,True
swath_005,f31d20a4a.jpg,15.999743999999964,False,True,True,True,True
swath_005,f31d20a4a.jpg,18.00038399999994,False,True,True,True,True
swath_005,92f3f28f5.jpg,22.000128000000014,False,True,True,True,True
swath_005,92f3f28f5.jpg,12.0,False,True,True,True,True
swath_005,92f3f28f5.jpg,8.000256000000263,False,True,True,True,True
swath_005,92f3f28f5.jpg,11.000064000000066,False,False,False,True,False
swath_005,92f3f28f5.jpg,10.000128000000018,False,True,True,True,True
swath_005,f6bfe1d4f.jpg,13.999872000000323,False,False,False,False,False
swath_005,6dd0d5329.jpg,16.9996799999999,False,False,False,False,False
swath_005,6dd0d5329.jpg,12.0,False,False,False,False,False
swath_005,4fc021083.jpg,23.000064000000062,False,True,True,True,True
swath_005,4fc021083.jpg,158.99980800000003,False,True,True,False,True
swath_005,4fc021083.jpg,103.00032000000004,True,True,False,True,True
swath_005,031101e01.jpg,96.99993600000016,False,True,True,True,True
swath_005,237ae75c3.jpg,15.999744000000192,False,True,True,True,True
swath_005,585d347ae.jpg,3.999744000000192,False,False,False,False,False
swath_005,585d347ae.jpg,13.999872000000323,False,True,True,True,True
swath_006,a7ab60610.jpg,23.000064000000062,False,True,True,True,True
swath_006,9c505a723.jpg,16.9996799999999,False,False,False,False,False
swath_006,9c505a723.jpg,11.000063999999838,False,False,False,False,False
swath_006,649bc21de.jpg,23.000064000000062,False,False,False,False,False
swath_006,6f77d6a15.jpg,95.00006400000008,True,True,True,True,True
swath_006,6f77d6a15.jpg,178.00012800000002,True,True,True,True,True
swath_006,d4d26f700.jpg,160.99968,False,True,True,True,True
swath_006,b9d251c1e.jpg,94.00012800000002,False,True,True,True,True
swath_006,b56fad4b6.jpg,12.999936000000048,False,True,True,True,True
swath_006,b56fad4b6.jpg,26.99980800000003,False,True,True,True,True
swath_006,b56fad4b6.jpg,16.999680000000126,False,True,True,True,True
swath_006,b56fad4b6.jpg,14.999807999999916,False,False,False,True,False
swath_006,b56fad4b6.jpg,12.999936000000048,False,True,True,True,True
swath_006,b56fad4b6.jpg,12.999936000000162,False,True,True,True,True
swath_006,b56fad4b6.jpg,16.9996799999999,False,True,True,True,True
swath_006,b56fad4b6.jpg,12.999936000000048,False,True,True,True,True
swath_006,b56fad4b6.jpg,9.000192000000084,False,True,True,True,True
swath_006,b56fad4b6.jpg,13.999872000000096,False,True,True,True,True
swath_006,5a243dfc1.jpg,6.999936000000048,False,False,False,False,False
swath_006,8d52d1710.jpg,13.999872000000096,False,True,True,True,True
swath_006,670786bb5.jpg,8.000255999999808,False,True,True,True,True
swath_006,8b2291ad4.jpg,12.999935999999934,False,True,False,True,True
swath_006,8b2291ad4.jpg,20.00025599999981,False,True,True,True,True
swath_006,ed56586cf.jpg,21.00019199999997,False,True,True,True,True
swath_006,d09408af3.jpg,9.00019199999997,False,False,False,False,False
swath_006,d09408af3.jpg,9.00019199999997,False,False,False,False,False
swath_006,d09408af3.jpg,11.000063999999952,False,False,False,False,False
swath_006,d09408af3.jpg,10.000128000000132,False,False,False,False,False
swath_006,d09408af3.jpg,9.000192000000425,False,False,False,False,False
swath_006,d09408af3.jpg,8.000255999999808,False,False,False,False,False
swath_006,d09408af3.jpg,10.000127999999677,False,False,False,False,False
swath_006,d09408af3.jpg,9.00019199999997,False,False,False,False,False
swath_006,d09408af3.jpg,10.000128000000132,False,False,False,False,False
swath_006,d09408af3.jpg,9.00019199999997,False,False,False,False,False
swath_006,d09408af3.jpg,10.000128000000018,False,False,False,False,False
swath_006,d09408af3.jpg,10.000128000000132,False,False,False,False,False
swath_006,7c9cac62a.jpg,12.999936000000162,False,False,False,False,False
swath_006,22086d8ba.jpg,33.00019199999997,False,True,True,True,True
swath_006,22086d8ba.jpg,48.0,False,True,True,True,True
swath_006,22086d8ba.jpg,16.999680000000126,False,False,False,True,False
swath_006,22086d8ba.jpg,37.99987199999987,False,True,True,True,True
swath_006,22086d8ba.jpg,16.9996799999999,False,False,False,False,False
swath_006,22086d8ba.jpg,61.99987200000032,False,True,True,False,True
swath_006,22086d8ba.jpg,38.99980800000003,False,True,True,True,True
swath_006,22086d8ba.jpg,38.99980800000003,False,False,False,True,False
swath_006,22086d8ba.jpg,48.99993600000016,True,True,True,True,True
swath_006,22086d8ba.jpg,61.99987199999987,False,False,False,True,False
swath_006,22086d8ba.jpg,33.00019199999997,False,True,True,False,True
swath_006,22086d8ba.jpg,24.0,False,True,True,True,True
swath_006,22086d8ba.jpg,46.00012800000013,False,False,False,True,False
swath_006,22086d8ba.jpg,19.0003200000001,False,False,False,False,False
swath_006,3e4e7490d.jpg,160.9996799999999,False,True,True,True,True
swath_007,b29477b25.jpg,151.00032000000004,False,True,True,True,True
swath_007,c975acc83.jpg,16.9996799999999,False,True,True,True,True
swath_007,c975acc83.jpg,15.999743999999964,False,True,True,True,True
swath_007,c975acc83.jpg,16.9996799999999,False,True,True,True,True
swath_007,f1bd73e43.jpg,7.000319999999874,False,True,True,True,True
swath_007,63d15cc3f.jpg,22.00012800000013,False,True,True,True,True
swath_007,b2a5edf70.jpg,124.9996799999999,False,True,True,True,True
swath_007,383a66e13.jpg,19.0003200000001,False,False,False,True,False
swath_007,383a66e13.jpg,12.0,False,False,False,False,False
swath_007,383a66e13.jpg,12.0,False,False,False,False,False
swath_007,383a66e13.jpg,12.0,False,False,False,False,False
swath_007,383a66e13.jpg,12.999935999999934,False,False,False,False,False
swath_007,383a66e13.jpg,18.000384000000167,False,True,False,True,True
swath_007,383a66e13.jpg,50.99980800000003,False,True,True,True,True
swath_007,383a66e13.jpg,67.00031999999987,False,True,True,True,True
swath_007,383a66e13.jpg,12.999936000000162,False,False,False,False,False
swath_007,383a66e13.jpg,15.999743999999737,False,False,False,False,False
swath_007,383a66e13.jpg,12.0,False,False,False,False,False
swath_007,383a66e13.jpg,15.999743999999737,False,False,False,False,False
swath_007,383a66e13.jpg,52.999680000000126,False,True,True,True,True
swath_007,383a66e13.jpg,24.0,False,False,False,False,False
swath_007,64c6a0837.jpg,180.0,True,True,False,True,True
swath_007,3fe17e276.jpg,132.99993600000016,False,True,True,True,True
swath_007,3fe17e276.jpg,97.99987199999988,False,True,True,True,True
swath_007,3fe17e276.jpg,33.00019199999997,False,True,True,True,True
swath_007,3fe17e276.jpg,22.00012800000013,True,True,True,True,True
swath_007,200ec548f.jpg,13.999872000000096,False,True,True,True,True
swath_007,dd3a40a04.jpg,99.99974399999996,True,True,True,True,True
swath_007,11374fdd1.jpg,9.000191999999515,False,False,False,False,False
swath_007,11374fdd1.jpg,91.0003200000001,True,True,True,True,True
swath_007,0546baefb.jpg,28.9996799999999,False,True,True,True,True
swath_007,c9b5d67ae.jpg,130.00012800000013,False,True,True,True,True
swath_007,aa10c13c1.jpg,28.99968000000001,False,False,False,False,False
swath_007,fe358c0cd.jpg,23.000064000000062,False,True,True,True,True
swath_007,c062957f2.jpg,107.0000640000003,False,True,True,True,True
swath_008,e5030f4e2.jpg,20.00025599999998,False,True,True,True,True
swath_008,e5030f4e2.jpg,19.000319999999988,False,False,True,True,True
swath_008,e5030f4e2.jpg,71.00006400000007,False,True,True,True,True
swath_008,e5030f4e2.jpg,71.00006400000001,False,True,True,True,True
swath_008,63948cf16.jpg,14.99980800000003,False,True,True,True,True
swath_008,63948cf16.jpg,16.9996799999999,False,True,True,True,True
swath_008,63948cf16.jpg,15.999743999999737,False,False,False,False,False
swath_008,63948cf16.jpg,16.9996799999999,False,True,True,True,True
swath_008,8ab996730.jpg,12.99993600000002,False,True,True,True,True
swath_008,d4d1cd099.jpg,83.0000640000003,False,True,True,True,True
swath_008,b244ed1a2.jpg,15.999743999999964,False,True,True,True,True
swath_008,bb64b45cd.jpg,16.9996799999999,False,True,True,True,True
swath_008,bb64b45cd.jpg,11.000063999999838,False,True,True,False,True
swath_008,3ec9cde7f.jpg,144.99993599999993,False,True,True,True,True
swath_008,3ec9cde7f.jpg,109.9998720000001,False,True,True,True,True
swath_008,3ec9cde7f.jpg,87.99974399999974,False,True,True,True,True
swath_008,3ec9cde7f.jpg,16.999680000000126,False,True,True,True,True
swath_008,0e845b123.jpg,38.99980800000003,False,True,True,True,True
swath_008,f98f65d64.jpg,14.99980800000003,False,True,True,True,True
swath_008,087072320.jpg,83.00006399999984,False,True,True,True,True
swath_008,df309259f.jpg,29.99961600000006,False,True,True,True,True
swath_008,88212dbc7.jpg,20.00025600000004,False,True,True,True,True
swath_008,bff440d09.jpg,76.9996799999999,False,True,True,True,True
swath_008,bff440d09.jpg,81.00019199999997,False,True,True,True,True
swath_008,affd25253.jpg,31.000319999999988,False,True,True,True,True
swath_008,affd25253.jpg,18.000384000000167,False,True,True,True,True
swath_008,8b68319d0.jpg,110.99980800000004,True,True,False,True,True
swath_008,8b68319d0.jpg,31.0003200000001,False,True,True,True,True
swath_008,8b68319d0.jpg,98.99980800000004,False,True,True,True,True
swath_008,8b68319d0.jpg,21.00019199999997,False,False,False,False,False
swath_008,895ee3fac.jpg,19.000319999999647,False,True,True,True,True
swath_009,92bfbcf50.jpg,12.0,False,True,True,True,True
swath_009,4d395184a.jpg,38.99980800000003,False,True,True,True,True
swath_009,ae17679d4.jpg,91.0003200000001,False,True,True,True,True
swath_009,9b2bb1791.jpg,37.99987200000032,False,True,True,True,True
swath_009,e2a2ed1df.jpg,49.99987199999987,False,True,True,True,True
swath_009,bb79f34a6.jpg,58.00012800000002,False,True,True,True,True
swath_009,a7f2415df.jpg,168.99993600000005,True,True,True,True,True
swath_009,18acc0aeb.jpg,83.00006399999984,False,True,True,True,True
swath_009,7e1957a39.jpg,193.99987199999987,True,True,False,True,True
swath_009,6ac3552aa.jpg,50.99980800000003,False,True,True,True,True
swath_009,6ac3552aa.jpg,45.00019199999997,False,True,True,True,True
swath_009,97b01cb5f.jpg,14.999807999999575,False,True,True,False,True
swath_009,43374827b.jpg,88.99968000000013,False,True,True,True,True
swath_009,7ff7b8801.jpg,11.000063999999838,False,False,False,False,False
swath_009,7ff7b8801.jpg,14.99980800000003,False,True,True,False,True
swath_009,7ff7b8801.jpg,12.999935999999993,False,True,True,True,True
swath_009,7ff7b8801.jpg,8.000256000000263,False,False,False,True,False
swath_009,7ff7b8801.jpg,13.999871999999982,False,False,False,True,False
swath_009,7ff7b8801.jpg,14.999807999999971,False,False,False,False,False
swath_009,7ff7b8801.jpg,12.0,False,False,False,True,False
swath_009,7ff7b8801.jpg,16.999680000000012,False,True,True,True,True
swath_009,7ff7b8801.jpg,12.999935999999993,False,False,False,False,False
swath_009,7ff7b8801.jpg,11.000064000000007,False,False,True,True,True
swath_009,7ff7b8801.jpg,12.0,False,False,False,True,False
swath_009,7ff7b8801.jpg,20.00025600000004,False,True,False,True,True
swath_009,7ff7b8801.jpg,12.0,False,False,False,False,False
swath_009,7ff7b8801.jpg,15.999743999999964,False,True,True,True,True
swath_009,79a518103.jpg,16.9996799999999,False,True,True,True,True
swath_009,da7127fce.jpg,166.00012799999968,False,True,True,True,True
swath_009,deb7cf470.jpg,14.99980800000003,False,True,True,True,True
swath_010,4589cba92.jpg,29.999616000000003,False,True,True,True,True
swath_010,82fa6feb0.jpg,23.000064000000062,False,True,True,True,True
swath_010,cc36cf02d.jpg,15.999743999999993,False,False,False,False,False
swath_010,5a51097a5.jpg,59.00006399999995,False,True,True,True,True
swath_010,9759c2eae.jpg,20.00025600000004,True,True,False,True,True
swath_010,eac759ca6.jpg,107.00006399999984,False,True,True,True,True
swath_010,eac759ca6.jpg,27.99974400000019,False,False,False,False,False
swath_010,eac759ca6.jpg,25.999872000000096,False,False,True,False,True
swath_010,eac759ca6.jpg,13.999871999999982,False,True,True,True,True
swath_010,eac759ca6.jpg,219.99974400000008,True,True,True,True,True
swath_010,eac759ca6.jpg,296.0002560000001,True,True,False,True,True
swath_010,0aefb4539.jpg,176.00025600000004,False,True,True,True,True
swath_010,7cac6dc5f.jpg,20.00025600000004,False,True,True,True,True
swath_010,59bb7d5b8.jpg,59.00006399999984,False,True,True,True,True
swath_010,acd9a6662.jpg,14.99980800000003,False,False,False,True,False
swath_010,116dc2a67.jpg,272.0002559999998,False,True,True,True,True
swath_010,116dc2a67.jpg,84.99993599999993,False,True,True,True,True
swath_010,e344ff87a.jpg,191.00006399999984,False,True,True,True,True
swath_010,e344ff87a.jpg,12.999936000000162,False,True,True,False,True
swath_010,6df5e4fd7.jpg,188.000256,False,True,True,True,True
swath_010,bd7cde303.jpg,49.99987200000032,False,True,True,True,True
swath_010,3b9a770a7.jpg,107.00006399999984,False,True,True,True,True
swath_010,b54016b1b.jpg,196.9996799999999,False,True,True,True,True
swath_011,015369fd9.jpg,74.99980800000003,False,True,True,True,True
swath_011,015369fd9.jpg,112.99968,False,True,True,True,True
swath_011,015369fd9.jpg,84.0,False,True,True,True,True
swath_011,015369fd9.jpg,93.00019199999996,True,True,False,False,True
swath_011,c0f49631a.jpg,18.00038399999994,False,True,True,True,True
swath_011,c0f49631a.jpg,19.0003200000001,False,True,True,True,True
swath_011,a3426c6ca.jpg,144.0,False,True,True,True,True
swath_011,2cee0b7fc.jpg,15.999743999999737,False,True,True,True,True
swath_011,2cee0b7fc.jpg,194.99980800000003,False,True,True,True,True
swath_011,2cee0b7fc.jpg,131.00006400000007,False,True,True,True,True
swath_011,62fbfe8e6.jpg,158.99980800000003,False,True,True,True,True
swath_011,6ae2803e7.jpg,53.99961600000006,False,True,True,True,True
swath_011,6ae2803e7.jpg,52.9996799999999,False,True,True,True,True
swath_011,b6f3cef73.jpg,24.999935999999707,False,True,True,False,True
swath_011,317216526.jpg,7.000320000000102,False,False,False,False,False
swath_011,317216526.jpg,8.000256000000263,False,False,False,False,False
swath_011,317216526.jpg,7.000320000000102,False,False,False,False,False
swath_011,396ec75fd.jpg,8.000256000000036,False,False,False,False,False
swath_011,90b04356e.jpg,21.00019199999997,False,False,False,True,False
swath_011,b01957a2b.jpg,239.0000640000003,False,True,True,True,True
swath_011,74c697c9e.jpg,153.00019199999997,False,True,True,True,True
swath_011,84714c017.jpg,14.99980800000003,False,False,False,False,False
swath_011,6f6453d33.jpg,15.999743999999737,False,True,False,True,True
swath_011,adeca4b75.jpg,12.0,False,True,True,True,True
swath_011,adeca4b75.jpg,283.0003200000001,False,True,True,True,True
swath_011,bdc25fbd9.jpg,45.00019199999997,False,True,False,True,False
swath_012,2f5cb64eb.jpg,74.99980800000003,False,True,True,True,True
swath_012,9bdd25f0f.jpg,182.99980800000003,True,True,True,True,True
swath_012,ca78eac88.jpg,46.00012800000002,False,True,True,True,True
swath_012,ca78eac88.jpg,68.00025599999998,False,True,True,False,True
swath_012,ca78eac88.jpg,53.999616,False,True,True,True,True
swath_012,ca78eac88.jpg,49.99987199999998,False,True,True,False,True
swath_012,ca78eac88.jpg,56.00025599999981,False,True,True,True,True
swath_012,ca78eac88.jpg,37.99987199999987,False,False,False,False,False
swath_012,ca78eac88.jpg,29.99961600000006,False,False,False,False,False
swath_012,ca78eac88.jpg,33.00019199999997,False,False,False,False,False
swath_012,ca78eac88.jpg,64.99968000000001,False,True,True,False,True
swath_012,ca78eac88.jpg,27.999743999999964,False,False,False,False,False
swath_012,ca78eac88.jpg,45.00019199999997,False,True,True,False,True
swath_012,ca78eac88.jpg,53.99961600000003,False,True,True,True,True
swath_012,70ed79d90.jpg,227.00006399999984,False,True,True,True,True
swath_012,55de990d5.jpg,18.00038399999994,False,True,True,True,True
swath_012,0884ca333.jpg,15.999743999999964,False,True,True,True,True
swath_012,0884ca333.jpg,55.0003200000001,True,True,True,True,True
swath_012,24760ac60.jpg,62.99980800000003,False,True,True,True,True
swath_012,24760ac60.jpg,157.9998720000001,True,True,True,True,True
swath_012,5c1c6a22d.jpg,55.000319999999874,False,True,True,True,True
swath_012,5c1c6a22d.jpg,53.99961600000006,False,True,True,True,True
swath_012,ffec95ea3.jpg,21.00019199999997,False,True,True,True,True
swath_012,95e677479.jpg,70.00012800000002,False,True,True,True,True
swath_012,95e677479.jpg,19.000319999999988,False,True,True,True,True
swath_012,e00b26d45.jpg,8.000256000000036,False,False,False,False,False
swath_012,e00b26d45.jpg,66.00038400000017,False,True,True,True,True
swath_012,e00b26d45.jpg,7.000320000000102,False,True,True,True,True
swath_012,f52a12445.jpg,8.000256000000036,False,False,False,False,False
swath_012,a6553448a.jpg,12.999935999999998,False,True,True,True,True
swath_012,a6553448a.jpg,15.999744000000192,False,True,True,True,True
swath_012,a6553448a.jpg,18.00038399999994,False,True,True,True,True
swath_012,a6553448a.jpg,14.99980800000003,False,True,True,True,True
swath_012,f1a9b75bc.jpg,59.00006400000029,False,True,False,True,True
swath_012,f1a9b75bc.jpg,20.00025599999981,False,True,True,True,True
swath_012,f1a9b75bc.jpg,57.00019199999997,True,True,False,True,True
swath_012,f1a9b75bc.jpg,18.00038399999994,True,False,False,True,False
swath_012,d035102d9.jpg,60.99993599999971,True,True,False,True,True
swath_012,d035102d9.jpg,16.999680000000126,False,True,True,True,True
swath_012,d035102d9.jpg,64.9996799999999,False,True,True,True,True
swath_012,d035102d9.jpg,20.000256000000263,False,True,True,True,True
swath_012,d035102d9.jpg,47.00006400000029,False,True,True,True,True
swath_012,b1f1eeebb.jpg,169.99987199999987,False,True,True,True,True
swath_013,fe930020c.jpg,217.99987199999995,False,True,True,True,True
swath_013,0624ddeef.jpg,35.00006399999995,False,False,False,False,False
swath_013,0624ddeef.jpg,4.999680000000012,False,False,False,False,False
swath_013,4a8d2399e.jpg,55.00031999999999,True,True,True,True,True
swath_013,fd9876268.jpg,69.00019199999997,False,True,True,True,True
swath_013,cc79330c9.jpg,14.999807999999971,False,True,True,True,True
swath_013,6a42583d4.jpg,108.0,False,True,True,True,True
swath_013,40bc60e5d.jpg,67.0003200000001,False,True,True,True,True
swath_013,6fa2625e1.jpg,192.99993600000016,False,True,True,True,True
swath_013,6fa2625e1.jpg,59.00006400000029,False,True,True,True,True
swath_013,e71380836.jpg,86.99980800000003,False,True,True,True,True
swath_013,ade3b9d4d.jpg,10.000127999999677,False,False,False,False,False
swath_013,056949650.jpg,133.99987200000032,False,True,True,True,True
swath_013,869396711.jpg,96.99993600000016,False,True,True,True,True
swath_013,869396711.jpg,22.00012800000013,False,False,False,True,False
swath_013,3c9ffb788.jpg,13.999871999999982,False,True,True,True,True
swath_013,4a7342a52.jpg,262.00012800000013,True,True,True,True,True
swath_013,4a7342a52.jpg,88.9996799999999,False,True,True,True,True
swath_013,83f6011e3.jpg,131.00006399999984,True,True,True,True,True
swath_013,ac0d5f667.jpg,14.99980800000003,False,False,False,False,False
swath_013,ac0d5f667.jpg,39.99974399999974,False,True,True,True,True
swath_014,7d85effad.jpg,176.00025600000004,False,True,True,True,True
swath_014,0198713b4.jpg,120.99993600000003,False,True,True,True,True
swath_014,6e72ef098.jpg,110.99980800000004,True,True,True,True,True
swath_014,b121194b4.jpg,158.99980800000003,True,True,True,True,True
swath_014,7694b5649.jpg,27.999743999999996,False,True,True,True,True
swath_014,7694b5649.jpg,72.99993599999999,False,True,True,True,True
swath_014,a97971e23.jpg,9.00019199999997,False,False,False,False,False
swath_014,aab9542c1.jpg,16.9996799999999,False,False,False,False,False
swath_014,aab9542c1.jpg,26.99980800000003,False,False,False,False,False
swath_014,aab9542c1.jpg,15.999743999999737,False,False,False,False,False
swath_014,b94d2bfd1.jpg,16.999680000000353,False,True,True,True,True
swath_014,b94d2bfd1.jpg,24.99993600000016,False,True,True,True,True
swath_014,5a5e8d038.jpg,76.99968000000001,True,True,True,True,True
swath_014,5a5e8d038.jpg,19.000319999999988,False,False,False,True,False
swath_014,beede0422.jpg,25.999872000000323,False,True,True,True,True
swath_014,beede0422.jpg,23.000064000000062,False,True,True,True,True
swath_014,eeda07894.jpg,169.99987200000032,True,True,True,True,True
swath_014,c05d43143.jpg,61.99987199999987,False,True,True,True,True
swath_014,700fc6a4a.jpg,284.00025600000004,True,True,True,True,True
swath_014,6754809e8.jpg,24.99993599999993,False,True,True,True,True
swath_014,0e3c1baba.jpg,160.9996799999999,False,True,True,True,True
swath_014,575f08435.jpg,226.00012799999968,True,True,False,True,True
swath_014,575f08435.jpg,68.00025599999981,False,True,True,True,True
swath_015,beddd60c7.jpg,32.00025599999999,False,True,True,True,True
swath_015,210a4223e.jpg,33.00019199999997,False,True,True,True,True
swath_015,52b8a6b7b.jpg,82.00012800000013,False,True,True,True,True
swath_015,52b8a6b7b.jpg,260.00025600000026,True,True,False,True,False
swath_015,44286579d.jpg,138.00038399999994,False,True,True,True,True
swath_015,91026f37f.jpg,21.00019199999997,False,True,True,True,True
swath_015,40f0e9509.jpg,25.99987199999987,False,True,True,True,True
swath_015,9643a7a2b.jpg,66.00038399999994,False,True,True,True,True
swath_015,70b5ab7c6.jpg,201.000192,True,True,True,True,True
swath_015,4f9cd41b8.jpg,158.99980800000003,False,True,True,True,True
swath_015,4f9cd41b8.jpg,68.00025599999998,True,True,True,True,True
swath_015,4f9cd41b8.jpg,13.999871999999982,False,True,True,True,True
swath_015,21afbfaa5.jpg,24.0,False,True,True,True,True
swath_015,97285a1b9.jpg,45.00019199999997,True,False,False,False,False
swath_015,3d51043d5.jpg,15.999743999999737,False,True,True,True,True
swath_015,3d51043d5.jpg,10.000128000000132,False,False,False,False,False
swath_015,3d51043d5.jpg,20.000256000000263,False,False,False,False,False
swath_015,3d51043d5.jpg,10.000127999999904,False,True,True,True,True
swath_015,3d51043d5.jpg,11.000064000000291,False,False,False,True,False
swath_015,3d51043d5.jpg,20.00025600000004,False,False,False,False,False
swath_015,3d51043d5.jpg,14.999808000000485,False,True,True,True,True
swath_015,a9b1d6344.jpg,94.00012799999968,False,True,True,True,True
swath_015,ff6df12de.jpg,38.99980799999992,False,True,True,True,True
swath_015,ff6df12de.jpg,73.99987199999998,False,True,True,True,True
swath_015,310a28e3f.jpg,38.99980800000003,False,True,True,True,True
swath_015,e47c5350d.jpg,98.99980800000004,False,True,True,True,True
swath_016,2e1d8beed.jpg,8.000255999999993,False,True,True,True,True
swath_016,2e1d8beed.jpg,10.000128000000018,False,True,True,True,True
swath_016,b9e5d1bd2.jpg,25.999871999999986,False,True,False,False,False
swath_016,bd373a745.jpg,24.99993599999993,False,False,False,False,False
swath_016,b197a9b9a.jpg,162.00038399999994,True,True,True,True,True
swath_016,8395e055c.jpg,90.00038399999994,False,True,True,True,True
swath_016,427ac1c45.jpg,164.00025600000004,False,True,True,True,True
swath_016,f8339e72f.jpg,11.000063999999838,False,False,False,False,False
swath_016,f8339e72f.jpg,20.00025600000004,True,False,False,False,False
swath_016,f8339e72f.jpg,10.000128000000132,False,False,False,False,False
swath_016,e05d0385a.jpg,7.000320000000102,False,False,False,False,False
swath_016,cc286f825.jpg,204.99993599999996,False,True,True,True,True
swath_016,cc286f825.jpg,178.00012800000002,False,True,True,True,True
swath_016,ea2b77c43.jpg,4.999679999999898,False,False,True,False,True
swath_016,927652547.jpg,111.99974399999996,False,True,True,True,True
swath_016,88f91b5d5.jpg,58.00012799999968,False,True,True,True,True
swath_016,259c985dd.jpg,171.99974400000002,True,True,True,True,True
swath_016,3818abe8a.jpg,9.00019199999997,False,True,True,True,True
swath_016,3818abe8a.jpg,57.00019199999997,False,True,True,True,True
swath_016,3818abe8a.jpg,61.99987199999998,False,True,True,True,True
swath_016,3818abe8a.jpg,47.00006400000007,False,True,True,True,True
swath_016,3818abe8a.jpg,60.0,False,False,False,False,False
swath_016,cc6bf218a.jpg,12.999936000000162,False,True,True,True,True
swath_016,f721c8317.jpg,76.9996799999999,True,True,True,True,True
swath_017,874bb3d0b.jpg,75.99974399999996,True,True,True,True,True
swath_017,0d2255fcd.jpg,31.00032,False,False,False,False,False
swath_017,010cbbfa0.jpg,21.00019199999997,False,False,False,True,False
swath_017,010cbbfa0.jpg,20.00025600000004,False,False,False,False,False
swath_017,010cbbfa0.jpg,9.000191999999515,False,False,False,False,False
swath_017,ef9d3506d.jpg,83.00006399999984,False,True,True,True,True
swath_017,9f6192719.jpg,16.999680000000126,False,True,True,True,True
swath_017,7f4c800cf.jpg,156.99993600000005,False,True,True,True,True
swath_017,fef62c4c6.jpg,15.999744000000192,False,True,True,True,True
swath_017,fef62c4c6.jpg,60.999935999999934,False,True,True,True,True
swath_017,fef62c4c6.jpg,60.999935999999934,False,True,True,True,True
swath_017,fef62c4c6.jpg,20.000256000000263,False,True,True,True,True
swath_017,8f6f06029.jpg,95.0000640000003,False,True,True,True,True
swath_017,8f6f06029.jpg,192.99993600000016,False,True,True,True,True
swath_017,8f6f06029.jpg,70.00012800000002,False,True,True,True,True
swath_017,759635210.jpg,28.99968000000001,False,True,True,True,True
swath_017,648bca076.jpg,25.999872000000096,False,True,True,False,True
swath_017,3398b4f45.jpg,18.00038399999994,False,False,False,False,False
swath_017,951012287.jpg,7.000320000000102,False,True,False,True,True
swath_017,951012287.jpg,9.00019199999997,False,True,True,True,True
swath_017,951012287.jpg,8.000256000000263,False,True,True,True,True
swath_017,951012287.jpg,8.000256000000036,False,False,False,True,False
swath_017,951012287.jpg,8.000256000000036,False,True,True,True,True
swath_017,951012287.jpg,8.000255999999808,False,False,False,True,False
swath_017,951012287.jpg,7.000320000000102,False,True,True,True,True
swath_017,951012287.jpg,9.00019199999997,False,True,False,True,True
swath_017,951012287.jpg,8.000256000000263,False,True,True,True,True
swath_017,951012287.jpg,7.000320000000102,False,True,False,False,True
swath_017,951012287.jpg,8.000255999999808,False,True,True,True,True
swath_017,951012287.jpg,8.000256000000263,False,True,False,False,True
swath_017,951012287.jpg,8.000255999999808,False,False,True,True,True
swath_017,dd7a0bae9.jpg,25.999871999999986,True,True,True,True,True
swath_017,dd7a0bae9.jpg,23.00006399999998,False,True,True,True,True
swath_017,d7da8d2eb.jpg,10.000127999999904,False,False,True,True,True
swath_017,f7409c994.jpg,12.999935999999709,False,False,False,False,False
swath_017,ebd3b067b.jpg,242.99980800000003,True,True,True,True,True
swath_018,180ff73ff.jpg,111.99974399999996,False,True,True,True,True
swath_018,fda9e0b01.jpg,14.999807999999916,False,True,True,True,True
swath_018,cb2ff053a.jpg,109.99987199999998,True,True,True,True,True
swath_018,521b76192.jpg,12.999935999999709,False,True,True,True,True
swath_018,521b76192.jpg,16.999680000000012,True,False,True,True,False
swath_018,b8b614d20.jpg,175.00032,False,True,True,True,True
swath_018,30c4213b6.jpg,241.9998720000001,False,True,True,True,True
swath_018,5225440ac.jpg,23.00006399999984,True,True,True,True,True
swath_018,5225440ac.jpg,45.00019199999997,False,True,True,True,True
swath_018,5225440ac.jpg,55.0003200000001,False,True,True,True,True
swath_018,5225440ac.jpg,43.0003200000001,False,True,True,True,True
swath_018,5225440ac.jpg,56.00025599999981,False,True,True,True,True
swath_018,5225440ac.jpg,61.999872000000096,False,True,True,True,True
swath_018,5225440ac.jpg,21.00019199999997,False,False,False,True,False
swath_018,5225440ac.jpg,45.00019199999997,False,False,False,False,False
swath_018,19e27883d.jpg,141.00019199999952,False,True,True,True,True
swath_018,8d61218a3.jpg,11.000063999999838,False,True,True,False,True
swath_018,8d61218a3.jpg,77.99961600000006,False,True,True,True,True
swath_018,9e2a69e33.jpg,15.999743999999964,False,False,False,False,False
swath_018,9e2a69e33.jpg,20.000256000000263,False,False,False,False,False
swath_018,9e2a69e33.jpg,19.0003200000001,False,False,False,False,False
swath_018,992c4184d.jpg,26.99980800000003,False,True,False,False,True
swath_018,67147851e.jpg,186.00038399999997,True,True,True,True,True
swath_018,26959c163.jpg,80.999808,False,True,False,False,True
swath_018,26959c163.jpg,59.00006400000029,False,True,True,True,True
swath_018,5d34a48b8.jpg,152.00025600000026,True,True,True,True,True
swath_018,5d34a48b8.jpg,26.99980800000003,False,True,True,True,True
swath_018,5d34a48b8.jpg,74.99980800000003,False,True,True,True,True
swath_018,5d34a48b8.jpg,72.99993600000016,True,True,True,True,True
swath_018,5d34a48b8.jpg,70.00012800000013,False,True,True,True,True
swath_018,5d34a48b8.jpg,72.9999359999997,False,True,True,True,True
swath_018,185e9982c.jpg,193.99987200000032,False,True,True,True,True
swath_018,9200d4030.jpg,277.99987199999987,True,True,False,True,True
swath_019,a5e4145a0.jpg,92.000256,False,True,True,True,True
swath_019,7a1678c2f.jpg,18.000384000000167,False,True,True,True,True
swath_019,7a1678c2f.jpg,28.9996799999999,True,True,False,True,True
swath_019,7a1678c2f.jpg,15.999743999999964,False,True,True,True,True
swath_019,7a1678c2f.jpg,8.000255999999979,False,False,False,False,False
swath_019,c2212d548.jpg,208.99968000000035,False,True,True,True,True
swath_019,19e2fd98c.jpg,66.00038399999994,False,True,True,True,True
swath_019,df9631438.jpg,32.00025600000004,False,True,True,True,True
swath_019,df9631438.jpg,34.00012800000002,False,False,False,False,False
swath_019,f87a3f556.jpg,84.0,False,True,True,True,True
swath_019,f87a3f556.jpg,51.99974399999974,False,True,True,True,True
swath_019,f87a3f556.jpg,44.00025600000026,False,False,False,False,False
swath_019,7a70c9016.jpg,26.99980800000003,False,True,True,True,True
swath_019,7a70c9016.jpg,50.999807999999575,False,True,True,True,True
swath_019,01c99b29b.jpg,32.00025599999981,False,True,True,True,True
swath_019,775a97bc6.jpg,36.0,False,True,True,True,True
swath_019,775a97bc6.jpg,178.00012800000013,False,True,True,True,True
swath_019,3fd3e6246.jpg,194.99980800000003,False,True,True,True,True
swath_019,912625b71.jpg,19.000319999999878,False,True,True,True,True
swath_019,d671e0676.jpg,31.0003200000001,False,True,True,True,True
swath_019,d671e0676.jpg,64.9996799999999,False,True,True,True,True
swath_019,d671e0676.jpg,91.0003200000001,False,True,True,True,True
swath_019,d671e0676.jpg,59.00006399999984,False,True,True,True,True
swath_019,73515a344.jpg,158.99980800000003,True,True,True,True,True
swath_019,9dd3a2c50.jpg,42.00038399999994,False,True,True,True,True
swath_019,0098456ff.jpg,155.00006399999984,False,True,True,True,True
swath_019,0098456ff.jpg,19.0003200000001,False,True,True,True,True
swath_019,0098456ff.jpg,73.99987200000032,False,False,False,True,False
swath_019,0098456ff.jpg,225.000192,False,True,True,True,True
swath_019,6341a8392.jpg,19.0003200000001,False,True,True,True,True
swath_020,59f4e4cf9.jpg,11.000063999999997,False,True,True,True,True
swath_020,59f4e4cf9.jpg,4.999680000000012,False,False,False,False,False
swath_020,61d58ee7b.jpg,67.0003200000001,False,True,True,True,True
swath_020,963ff8592.jpg,21.00019199999997,False,True,False,False,False
swath_020,71ea66a39.jpg,18.000383999999997,False,False,True,True,True
swath_020,71ea66a39.jpg,18.000383999999997,False,True,True,True,True
swath_020,71ea66a39.jpg,14.99980800000003,False,True,True,True,True
swath_020,71ea66a39.jpg,47.00006400000029,False,True,True,True,True
swath_020,71ea66a39.jpg,19.000319999999988,False,True,True,True,True
swath_020,71ea66a39.jpg,22.00012800000013,False,True,True,True,True
swath_020,71ea66a39.jpg,10.000127999999677,False,True,True,True,True
swath_020,5960c09d9.jpg,204.0,False,True,True,True,True
swath_020,5960c09d9.jpg,272.00025600000004,False,True,True,True,True
swath_020,e4f4bf1f0.jpg,14.99980800000003,False,False,False,False,False
swath_020,b335b3837.jpg,16.9996799999999,False,True,False,True,True
swath_020,194ee5699.jpg,116.0002559999998,False,True,True,True,True
swath_020,c50cd8cef.jpg,11.000064000000002,False,False,False,True,False
swath_020,c50cd8cef.jpg,11.000064000000002,False,False,False,True,False
swath_020,c50cd8cef.jpg,12.000000000000004,False,True,False,True,True
swath_020,c50cd8cef.jpg,10.000127999999997,False,False,False,False,False
swath_020,0cefc8948.jpg,26.99980800000003,False,True,True,True,True
swath_020,0cefc8948.jpg,67.0003200000001,False,True,True,True,True
swath_020,f3abe94fb.jpg,130.00012800000013,False,True,True,True,True
swath_020,f3abe94fb.jpg,114.00038399999973,True,True,False,True,True
swath_020,f3abe94fb.jpg,52.9996799999999,False,True,True,True,True
swath_020,f3abe94fb.jpg,127.00031999999987,False,True,True,True,True
swath_020,f3abe94fb.jpg,99.99974399999996,False,True,True,True,True
swath_020,71ad40c62.jpg,48.99993600000016,False,True,True,True,True
swath_020,71ad40c62.jpg,49.99987199999987,False,True,True,True,True
swath_020,71ad40c62.jpg,58.00012800000013,False,True,True,True,True
swath_020,71ad40c62.jpg,68.00025599999981,False,True,True,False,True
swath_020,71ad40c62.jpg,15.999744000000192,False,False,False,False,False
swath_020,71ad40c62.jpg,27.999743999999964,False,True,True,True,True
swath_020,4a566b7c3.jpg,25.999872000000323,False,False,False,False,False
swath_020,4a566b7c3.jpg,62.99980800000003,False,True,True,True,True
swath_020,dbea9bce8.jpg,24.99993600000016,False,True,True,True,True
swath_020,c811ba74f.jpg,84.0,False,True,True,True,True
swath_020,c811ba74f.jpg,28.9996799999999,False,True,True,True,True
swath_020,04823f766.jpg,179.0000640000003,True,True,True,True,True
swath_021,ffae6c2e5.jpg,31.000319999999988,False,False,False,False,False
swath_021,75e4ea5bc.jpg,21.00019199999997,False,True,True,True,True
swath_021,75e4ea5bc.jpg,66.00038399999994,True,True,True,True,True
swath_021,37d593f07.jpg,36.0,False,True,True,True,True
swath_021,37d593f07.jpg,79.0003200000001,False,False,False,False,False
swath_021,37d593f07.jpg,39.99974399999997,False,False,False,False,False
swath_021,37d593f07.jpg,32.00025599999981,False,False,False,False,False
swath_021,37d593f07.jpg,27.99974400000019,False,False,False,False,False
swath_021,37d593f07.jpg,59.00006400000007,False,False,True,False,True
swath_021,2f19e0b50.jpg,45.00019199999952,False,True,True,True,True
swath_021,1baf4d5e3.jpg,82.0001279999999,False,True,True,True,True
swath_021,7b7fe4b0f.jpg,204.99993600000005,False,True,True,True,True
swath_021,b52c4c1cd.jpg,28.9996799999999,False,True,True,False,True
swath_021,b52c4c1cd.jpg,27.999743999999964,False,True,True,False,True
swath_021,5223daf26.jpg,24.0,False,True,True,True,True
swath_021,381c6060f.jpg,256.99968,True,True,True,True,True
swath_021,56317f238.jpg,44.00025599999981,False,True,True,True,True
swath_021,7178a5302.jpg,25.999872000000323,False,False,False,False,False
swath_021,b5f922d64.jpg,16.9996799999999,False,True,True,True,True
swath_021,b5f922d64.jpg,24.0,False,True,True,True,True
swath_021,c8bad25f9.jpg,12.999936000000048,False,True,True,True,True
swath_021,9ce6b289c.jpg,27.999743999999964,True,False,False,False,False
swath_021,583975b3c.jpg,42.00038399999994,False,True,True,False,True
swath_021,583975b3c.jpg,48.0,False,True,True,True,True
swath_021,583975b3c.jpg,50.99980800000003,False,True,False,False,True
swath_021,583975b3c.jpg,50.99980800000003,False,True,True,False,True
swath_021,583975b3c.jpg,21.00019199999997,False,False,False,False,False
swath_021,583975b3c.jpg,23.000064000000062,False,True,True,True,True
swath_021,80c991d08.jpg,134.99980800000003,False,True,True,True,True
swath_022,573cd511c.jpg,72.0,False,True,True,True,True
swath_022,573cd511c.jpg,250.000128,True,True,True,True,True
swath_022,682897b9d.jpg,139.0003200000001,False,True,True,True,True
swath_022,dfe9ee27b.jpg,72.99993600000016,False,True,True,True,True
swath_022,9e97ff4fd.jpg,11.000064000000291,False,True,True,True,True
swath_022,9e97ff4fd.jpg,9.000192000000027,False,True,True,True,True
swath_022,e5e4c25b5.jpg,319.999872,False,True,True,True,True
swath_022,c89f7bcc3.jpg,141.00019199999997,True,True,True,True,True
swath_022,6c69361f0.jpg,24.999935999999707,False,True,True,True,True
swath_022,6c69361f0.jpg,24.0,False,False,False,False,False
swath_022,6c69361f0.jpg,36.0,False,True,True,True,True
swath_022,6c69361f0.jpg,157.9998720000001,False,True,True,True,True
swath_022,6d2ec8273.jpg,46.000127999999904,False,True,True,True,True
swath_022,6d2ec8273.jpg,10.000128000000018,False,True,True,False,True
swath_022,6d2ec8273.jpg,31.0003200000001,False,True,True,True,True
swath_022,402fa9eb2.jpg,110.99980800000004,False,True,True,True,True
swath_022,81b78ecff.jpg,148.99968000000013,False,True,True,True,True
swath_022,ed0a57221.jpg,11.000064000000291,False,True,True,True,True
swath_022,88ab00019.jpg,11.000063999999838,False,False,False,True,False
swath_022,88ab00019.jpg,14.99980800000003,False,True,True,True,True
swath_022,c292ca881.jpg,27.999743999999964,False,True,True,True,True
swath_022,c292ca881.jpg,74.99980800000003,False,True,True,True,True
swath_022,463be5d05.jpg,205.99987199999987,False,True,True,True,True
swath_022,463be5d05.jpg,139.0003200000001,False,True,True,True,True
swath_022,927a27586.jpg,13.999872000000323,False,True,True,True,True
swath_022,927a27586.jpg,15.999743999999737,False,True,True,True,True
swath_022,927a27586.jpg,13.999872000000323,False,True,True,True,True
swath_022,b24c85d36.jpg,68.00025599999981,False,True,True,True,True
swath_023,6487b626e.jpg,62.99980800000003,False,True,True,True,True
swath_023,6487b626e.jpg,15.999743999999964,False,True,True,True,True
swath_023,cce4454eb.jpg,131.00006399999998,False,True,True,True,True
swath_023,354cd2d58.jpg,285.0001920000002,True,True,True,True,True
swath_023,89cd711b2.jpg,251.99999999999957,False,True,True,True,True
swath_023,1e4407baa.jpg,16.999680000000012,False,True,True,True,True
swath_023,4888422cb.jpg,72.99993600000005,False,True,True,True,True
swath_023,4888422cb.jpg,48.0,False,True,True,True,True
swath_023,1ee566913.jpg,32.00025600000004,False,True,True,True,True
swath_023,ce5f2ee8f.jpg,16.9996799999999,False,True,True,False,True
swath_023,ce5f2ee8f.jpg,9.000192000000425,False,True,True,True,True
swath_023,9f9fe4dbc.jpg,45.00019199999997,False,True,True,True,True
swath_023,9f9fe4dbc.jpg,71.00006399999984,False,True,True,True,True
swath_023,3a4ce6532.jpg,20.00025599999981,False,False,False,False,False
swath_023,3a4ce6532.jpg,9.00019199999997,False,False,False,False,False
swath_023,7459da01f.jpg,9.00019199999997,False,True,True,True,True
swath_023,7459da01f.jpg,11.000063999999838,False,False,False,True,False
swath_023,7459da01f.jpg,4.999680000000126,False,False,False,False,False
swath_023,7459da01f.jpg,16.999680000000126,False,True,True,True,True
swath_023,7459da01f.jpg,8.000256000000036,False,True,True,True,False
swath_023,7459da01f.jpg,20.00025600000004,False,False,False,False,False
swath_023,7459da01f.jpg,11.000063999999838,False,True,True,True,True
swath_023,7459da01f.jpg,24.0,False,True,True,True,True
swath_023,6bd0c95e1.jpg,7.000320000000102,False,False,False,False,False
swath_023,6bd0c95e1.jpg,5.99961600000006,False,False,False,False,False
swath_023,6bd0c95e1.jpg,12.999936000000162,False,False,False,False,False
swath_023,770c007c9.jpg,323.00006399999995,True,True,True,True,True
swath_023,6c5fd8ca4.jpg,183.999744,True,True,False,False,False
swath_023,0e0827831.jpg,229.9998720000001,True,True,True,True,True
swath_023,35bbc3d7b.jpg,24.99993600000016,False,True,False,False,False
