start,end,duration_s,min_range_km,mean_range_km
2026-09-18T00:16:40.000022+00:00,2026-09-18T00:30:40.000012+00:00,840.0,1252.3,2660.6
2026-09-18T01:03:50+00:00,2026-09-18T01:18:10.000003+00:00,860.0,1255.0,2702.4
2026-09-18T01:51:20.000032+00:00,2026-09-18T02:05:20.000022+00:00,840.0,1252.3,2660.6
2026-09-18T02:38:30.000011+00:00,2026-09-18T02:52:50.000013+00:00,860.0,1255.1,2702.4
2026-09-18T03:26:00.000002+00:00,2026-09-18T03:40:10.000018+00:00,850.0,1252.4,2682.9
2026-09-18T04:13:10.000021+00:00,2026-09-18T04:27:40.000009+00:00,870.0,1255.1,2724.7
2026-09-18T05:00:40.000012+00:00,2026-09-18T05:14:50.000028+00:00,850.0,1252.5,2682.9
2026-09-18T05:47:50.000031+00:00,2026-09-18T06:02:20.000019+00:00,870.0,1255.3,2724.6
2026-09-18T06:35:20.000022+00:00,2026-09-18T06:49:29.999998+00:00,850.0,1252.6,2682.8
2026-09-18T07:22:30.000001+00:00,2026-09-18T07:37:00.000029+00:00,870.0,1255.4,2724.6
2026-09-18T08:10:00.000032+00:00,2026-09-18T08:24:10.000008+00:00,850.0,1252.8,2682.8
2026-09-18T08:57:10.000011+00:00,2026-09-18T09:11:39.999999+00:00,870.0,1255.6,2724.6
2026-09-18T09:44:40.000002+00:00,2026-09-18T09:58:50.000018+00:00,850.0,1253.0,2682.8
2026-09-18T10:31:50.000021+00:00,2026-09-18T10:46:20.000009+00:00,870.0,1255.8,2724.6
2026-09-18T11:19:20.000012+00:00,2026-09-18T11:33:30.000029+00:00,850.0,1253.2,2682.8
2026-09-18T12:06:30.000031+00:00,2026-09-18T12:21:00.000020+00:00,870.0,1256.0,2724.6
2026-09-18T12:54:00.000022+00:00,2026-09-18T13:08:09.999998+00:00,850.0,1253.4,2682.8
2026-09-18T13:41:10.000001+00:00,2026-09-18T13:55:40.000030+00:00,870.0,1256.0,2724.6
2026-09-18T14:28:40.000032+00:00,2026-09-18T14:42:50.000009+00:00,850.0,1253.2,2682.8
2026-09-18T15:15:50.000011+00:00,2026-09-18T15:30:20+00:00,870.0,1255.7,2724.6
2026-09-18T16:03:20.000002+00:00,2026-09-18T16:17:30.000019+00:00,850.0,1252.9,2682.8
2026-09-18T16:50:30.000021+00:00,2026-09-18T17:05:00.000010+00:00,870.0,1255.5,2724.6
2026-09-18T17:38:00.000012+00:00,2026-09-18T17:52:10.000029+00:00,850.0,1252.7,2682.8
2026-09-18T18:25:10.000031+00:00,2026-09-18T18:39:40.000020+00:00,870.0,1255.4,2724.6
2026-09-18T19:12:40.000023+00:00,2026-09-18T19:26:49.999999+00:00,850.0,1252.6,2682.8
2026-09-18T19:59:50.000001+00:00,2026-09-18T20:14:20.000030+00:00,870.0,1255.2,2724.7
2026-09-18T20:47:20.000033+00:00,2026-09-18T21:01:30.000009+00:00,850.0,1252.5,2682.9
2026-09-18T21:34:30.000012+00:00,2026-09-18T21:49:00+00:00,870.0,1255.1,2724.7
2026-09-18T22:22:00.000003+00:00,2026-09-18T22:36:10.000019+00:00,850.0,1252.4,2682.9
2026-09-18T23:09:20.000008+00:00,2026-09-18T23:23:40.000010+00:00,860.0,1255.1,2702.4
2026-09-18T23:56:49.999999+00:00,2026-09-19T00:10:50.000029+00:00,840.0,1252.3,2660.6
2026-09-19T00:44:00.000018+00:00,2026-09-19T00:58:20.000020+00:00,860.0,1255.0,2702.4
2026-09-19T01:31:30.000009+00:00,2026-09-19T01:45:29.999999+00:00,840.0,1252.3,2660.6
2026-09-19T02:18:40.000028+00:00,2026-09-19T02:33:00.000030+00:00,860.0,1255.0,2702.4
2026-09-19T03:06:10.000019+00:00,2026-09-19T03:20:10.000009+00:00,840.0,1252.3,2660.6
2026-09-19T03:53:19.999998+00:00,2026-09-19T04:07:40+00:00,860.0,1255.1,2702.4
2026-09-19T04:40:50.000029+00:00,2026-09-19T04:55:00.000005+00:00,850.0,1252.4,2682.9
2026-09-19T05:28:00.000008+00:00,2026-09-19T05:42:29.999996+00:00,870.0,1255.1,2724.7
2026-09-19T06:15:29.999999+00:00,2026-09-19T06:29:40.000015+00:00,850.0,1252.5,2682.9
2026-09-19T07:02:40.000018+00:00,2026-09-19T07:17:10.000006+00:00,870.0,1255.2,2724.7
2026-09-19T07:50:10.000009+00:00,2026-09-19T08:04:20.000026+00:00,850.0,1252.6,2682.8
2026-09-19T08:37:20.000028+00:00,2026-09-19T08:51:50.000017+00:00,870.0,1255.4,2724.6
2026-09-19T09:24:50.000019+00:00,2026-09-19T09:38:59.999995+00:00,850.0,1252.7,2682.8
2026-09-19T10:11:59.999998+00:00,2026-09-19T10:26:30.000027+00:00,870.0,1255.5,2724.6
2026-09-19T10:59:30.000029+00:00,2026-09-19T11:13:40.000006+00:00,850.0,1252.9,2682.8
2026-09-19T11:46:40.000008+00:00,2026-09-19T12:00:00.000014+00:00,800.0,1255.7,2582.7
