image,jpeg_q40_baseline_B,jpeg_q40_progressive_B,packet_B
001bcf222.jpg,31014,26476,31096
0022f64e5.jpg,69735,65379,69897
009c1116c.jpg,35411,32173,35501
00b3e6991.jpg,72362,68016,72524
010cbbfa0.jpg,63048,58819,63194
010e15afe.jpg,31654,27472,31736
014c589c5.jpg,59158,54260,59296
022ecd2ce.jpg,65171,60879,65317
02765ce9b.jpg,47810,44027,47924
02ae62f2c.jpg,77177,72753,77347
02bd946c3.jpg,70844,66100,71006
02e9b1860.jpg,71325,67347,71487
02fa41846.jpg,62079,57422,62225
03007ae96.jpg,70156,66345,70318
0318e0afc.jpg,26905,22646,26979
03204a586.jpg,68281,64181,68435
0325c0ae2.jpg,119319,110973,119577
03aba0a7c.jpg,50207,47041,50329
03b1bb0da.jpg,73743,70061,73913
03e984e0d.jpg,86735,82177,86929
03f00631b.jpg,37560,33197,37658
043693d8f.jpg,72101,67594,72263
04cb74d0a.jpg,30151,26331,30233
05201af27.jpg,46825,43016,46939
05320baaa.jpg,78721,74933,78899
053b2aee5.jpg,42965,39042,43071
0546baefb.jpg,68145,61519,68299
054b37244.jpg,100463,95960,100681
056f0d58d.jpg,56261,54282,56391
0586bf2da.jpg,30400,26082,30482
05d407505.jpg,72198,68944,72360
05d523c71.jpg,74616,70740,74786
05fa5fdb6.jpg,60717,56054,60855
06042c03e.jpg,66052,61443,66206
060da5393.jpg,63408,59624,63554
063c4aa67.jpg,48170,43765,48284
063de49ca.jpg,70010,66356,70172
063e5628f.jpg,55392,52255,55522
06b6b6570.jpg,94855,90089,95065
07ec57541.jpg,66918,63258,67072
080334c8e.jpg,79651,76053,79829
080fc5847.jpg,56647,51825,56777
08218d8a0.jpg,27115,22945,27189
083a42e6d.jpg,80944,76455,81122
084501564.jpg,66798,63229,66952
0846c1f88.jpg,32257,27854,32339
08692dd80.jpg,70860,65847,71022
0878ca34d.jpg,59528,54835,59666
0884a8c44.jpg,58601,55237,58739
0890f05fd.jpg,66527,62210,66681
089f21dd9.jpg,104431,99035,104657
08bec270e.jpg,67728,64013,67882
090c44412.jpg,37677,33458,37775
0919e159e.jpg,23483,19976,23549
09525b367.jpg,33437,29028,33527
0967e5ea0.jpg,65736,62058,65890
096f867ec.jpg,75575,71102,75745
09d8bdfe6.jpg,100036,94985,100254
0a09da25f.jpg,100497,92307,100715
0a2c6480e.jpg,87468,81701,87662
0a467e92a.jpg,78515,68467,78693
0a4ad0982.jpg,56220,53767,56350
0a94e5dd1.jpg,79986,73192,80164
0a975dc66.jpg,83732,79618,83918
0ac4c59c7.jpg,60353,56773,60491
0acfb1627.jpg,59443,55567,59581
0ad7c2758.jpg,84494,75431,84680
0ae3c476e.jpg,61911,58101,62057
0aefb4539.jpg,71757,65564,71919
0b15ad41b.jpg,40350,37524,40448
0bc11ad09.jpg,59995,55752,60133
0c7e7a597.jpg,60691,57090,60829
0ca6d4877.jpg,85547,81285,85733
0d291df5e.jpg,108805,100855,109039
0d71e6b72.jpg,24508,19454,24574
0d7c1d566.jpg,21149,15869,21215
0dadcb924.jpg,87203,82597,87397
0ddc8badf.jpg,68607,64092,68761
0e011db65.jpg,33976,30950,34066
0e4a5ae51.jpg,68902,64733,69056
0e6445a14.jpg,59382,56328,59520
0e845b123.jpg,70187,67259,70349
0ebbee9f9.jpg,70403,66056,70565
0efbf3431.jpg,28913,25371,28995
0f5b253f0.jpg,68882,65217,69036
0f6f01e69.jpg,22184,18038,22250
0f7a3efdf.jpg,35729,32040,35819
0f7aba2e0.jpg,25103,21252,25177
0f81bc382.jpg,66561,62159,66715
0f8b47d44.jpg,24860,19693,24934
0fa4ddf64.jpg,30739,25587,30821
10213647d.jpg,75248,71068,75418
1093ebba2.jpg,68482,64193,68636
1097748b8.jpg,66136,61538,66290
10e334e8d.jpg,20995,17291,21061
11319bd4d.jpg,63309,60134,63455
11374fdd1.jpg,99006,90737,99224
118992fba.jpg,64919,60520,65065
11ef28b6d.jpg,44666,42482,44772
11f1398df.jpg,96544,91137,96754
125fb4347.jpg,29567,25471,29649
127ede551.jpg,39042,36048,39140
1286d5f8e.jpg,71417,67257,71579
12c41b236.jpg,88430,84104,88624
12d2ca743.jpg,70342,65831,70504
12d7e1a24.jpg,22845,18419,22911
13038001c.jpg,31992,27493,32074
133e519f7.jpg,87408,82979,87602
135f22189.jpg,30630,25098,30712
136c2dbcd.jpg,54364,51207,54494
1453e0557.jpg,55639,51023,55769
1469c3a5a.jpg,65730,61510,65884
14814c9cd.jpg,58142,53494,58280
149f806bd.jpg,49702,45992,49824
14d37f915.jpg,33066,28856,33156
1508c94ab.jpg,79298,75441,79476
1523f641a.jpg,53460,49945,53590
1582eecfe.jpg,40125,36617,40223
15acbd70e.jpg,26767,23013,26841
15b6f3223.jpg,75896,71771,76066
15c1347cd.jpg,36738,33565,36828
1603a3ccb.jpg,44835,40158,44941
1622e4344.jpg,104704,98837,104930
162af9297.jpg,69433,65884,69587
1635616e4.jpg,37515,34203,37613
163ae7fca.jpg,57516,52804,57654
16623c042.jpg,76793,72597,76963
1676c8e96.jpg,125627,117134,125893
168f1d71b.jpg,72950,68389,73112
16b620c6d.jpg,72783,69248,72945
170db3f05.jpg,81187,76849,81365
1721f5d2f.jpg,101237,95722,101455
178bec095.jpg,32646,29546,32728
17980f5e4.jpg,28532,23805,28606
17d340b7c.jpg,33538,29934,33628
17e60f700.jpg,67303,62555,67457
180ff73ff.jpg,98313,89810,98531
1818c134a.jpg,106025,97627,106251
1837bdb41.jpg,36727,32146,36817
184004e89.jpg,76731,72439,76901
18722fb07.jpg,106763,98155,106997
18f538988.jpg,97906,92604,98116
1908aba09.jpg,89192,79849,89386
192bd6793.jpg,61589,57410,61735
196ee962f.jpg,77241,74365,77411
19acbe356.jpg,50935,48042,51057
19e2fd98c.jpg,77100,71285,77270
19e954db4.jpg,65584,61203,65738
19f41b89f.jpg,58156,55099,58294
1a116c81a.jpg,70935,66372,71097
1a8944c02.jpg,59096,54479,59234
1a8d8df1c.jpg,62638,58749,62784
1ae955a67.jpg,67191,62765,67345
1b45008a3.jpg,68643,62578,68797
1b5dbf730.jpg,76625,72882,76795
1be2043f6.jpg,35281,31572,35371
1bed86771.jpg,73305,68808,73467
1befd25a3.jpg,52383,48871,52505
1bfbbc7fe.jpg,66618,62617,66772
1c4fef539.jpg,66409,62979,66563
1ca6b86e9.jpg,126663,117172,126929
1d321bdfa.jpg,64284,59827,64430
1d3a33ab8.jpg,55392,51403,55522
1d47d390b.jpg,104921,96588,105147
1d5241461.jpg,48767,45917,48881
1d9a0bc29.jpg,105078,99860,105304
1dfce9923.jpg,78903,72655,79081
1e061c5a6.jpg,104784,97186,105010
1e4407baa.jpg,71549,67227,71711
1ec5ea69b.jpg,83571,79646,83757
1f2defddc.jpg,80513,72583,80691
1ffa69995.jpg,72614,68449,72776
20131eb6a.jpg,68932,64709,69086
2027e5d0d.jpg,98817,93231,99035
206fa123f.jpg,133821,124363,134103
209631ac6.jpg,75187,71063,75357
209f69e03.jpg,69589,65263,69751
20ba82685.jpg,85311,76303,85497
20d26c027.jpg,80480,70895,80658
20d79dd2f.jpg,64308,60973,64454
20dbbb702.jpg,62551,58451,62697
2103fe959.jpg,80092,77545,80270
21125597b.jpg,79625,76012,79803
21133ac70.jpg,37786,34480,37884
213d473fa.jpg,71913,67535,72075
213f9167f.jpg,82523,78991,82709
214d4bf28.jpg,88502,84140,88696
218da0bdb.jpg,27209,23205,27283
21ad21ac2.jpg,32949,27914,33039
21afbfaa5.jpg,108583,98910,108817
21eb38456.jpg,31288,28298,31370
21f54d20d.jpg,47626,44552,47740
21fbda3ac.jpg,42868,38683,42974
22086d8ba.jpg,32511,29521,32593
220a6c93c.jpg,68923,64685,69077
2241c0623.jpg,26113,22452,26187
224813566.jpg,71888,68111,72050
22555f286.jpg,75326,71081,75496
229e2c773.jpg,62167,57423,62313
22d18a90b.jpg,64189,60733,64335
2320d17dc.jpg,60613,57105,60751
232da691a.jpg,62062,57648,62208
23aee43b3.jpg,77112,71158,77282
23ce668dc.jpg,61299,57946,61437
23dd5b605.jpg,28224,23847,28298
23eed698b.jpg,66763,62653,66917
25584dc84.jpg,65949,62755,66103
25e83a857.jpg,60976,56179,61114
262429314.jpg,60368,56042,60506
2627d789a.jpg,34601,30744,34691
267c0a26e.jpg,56542,52996,56672
26ac0de33.jpg,75343,70792,75513
26f7651dc.jpg,77053,72749,77223
26fa39178.jpg,71672,68114,71834
26fb78845.jpg,90291,84839,90493
274288a4a.jpg,73190,67720,73352
27a4aaf93.jpg,66197,61663,66351
27d5155de.jpg,67362,65237,67516
2806919ab.jpg,62272,57563,62418
281703513.jpg,84541,80754,84727
2822a6b62.jpg,75649,71461,75819
283984a02.jpg,36273,31555,36363
28d73ba1c.jpg,33235,29577,33325
292a2f22b.jpg,67589,64035,67743
2932bd7ef.jpg,40444,36533,40542
298554c67.jpg,38608,35178,38706
2a0f1a5cd.jpg,80543,75971,80721
2aea51424.jpg,73978,67067,74148
2b81cf769.jpg,68947,64523,69101
2bcb022a0.jpg,69734,65578,69896
2c7dcb355.jpg,79575,75062,79753
2cd9a46b1.jpg,77500,73448,77670
2cdb83b1c.jpg,85818,80739,86004
2cf6a8330.jpg,71847,67696,72009
2d732b2c2.jpg,101744,93667,101962
2d9a55ed9.jpg,79476,75377,79654
2e7940360.jpg,67682,63701,67836
2e8ab5e46.jpg,70509,66151,70671
2eee5b48f.jpg,59102,56598,59240
2f5cb64eb.jpg,102395,97184,102621
2f6449e53.jpg,103213,95923,103439
305c600f2.jpg,70894,68353,71056
305cd8864.jpg,49466,45597,49588
3077323f1.jpg,60902,56691,61040
3087ddd59.jpg,70096,65334,70258
30b5e7713.jpg,54996,51741,55126
30c4213b6.jpg,70321,66012,70483
30e0ec084.jpg,65644,61903,65798
311423f79.jpg,83128,78998,83314
313b581e9.jpg,31171,27170,31253
3143e72f0.jpg,80384,76583,80562
3147eef20.jpg,20734,16708,20800
317216526.jpg,30377,27029,30459
3187bddf0.jpg,108172,99744,108406
31dce9e4f.jpg,79851,75240,80029
3224933c1.jpg,65545,60993,65699
329575712.jpg,102649,94813,102875
3298c4dbb.jpg,77053,70805,77223
32f5686a7.jpg,47386,43986,47500
332556767.jpg,67620,63142,67774
336d03a6d.jpg,72474,67506,72636
33bf5dcb6.jpg,65685,61115,65839
3486e398b.jpg,73164,69146,73326
349b6cd8b.jpg,52869,49334,52991
34a49faed.jpg,59288,55114,59426
3522d78c7.jpg,82353,78575,82539
35874dcc9.jpg,76214,70005,76384
359675a23.jpg,65874,62169,66028
35a629fb2.jpg,31855,27633,31937
35bbc3d7b.jpg,59285,54708,59423
35cf4b6e1.jpg,62632,59457,62778
3612dbf3d.jpg,58040,53510,58178
3618853e6.jpg,85687,80455,85873
3628f44bb.jpg,47723,44836,47837
3679c695e.jpg,98069,91353,98279
36ad17902.jpg,63438,60406,63584
36d14adfc.jpg,33954,30510,34044
371371749.jpg,26535,22196,26609
372e7818b.jpg,63914,59805,64060
373f6dcfb.jpg,55958,53300,56088
37571538d.jpg,36837,32552,36935
37a906df6.jpg,38924,35645,39022
37d83bf16.jpg,72177,67642,72339
37e4582b5.jpg,24841,21122,24915
3818abe8a.jpg,20160,16189,20218
38309afa8.jpg,70045,65802,70207
38314e5ea.jpg,78653,75201,78831
383d74eed.jpg,37044,32090,37142
384387ae9.jpg,98792,90354,99010
384b2f4f1.jpg,69352,64937,69506
38669c62c.jpg,53632,51333,53762
386b0984b.jpg,98211,89997,98421
388dea368.jpg,62780,58069,62926
390c39956.jpg,69510,66396,69664
394d93708.jpg,101721,92923,101939
395856098.jpg,71870,69026,72032
3976f920f.jpg,104317,96841,104543
39cdfb04c.jpg,74327,70717,74497
39d8f6b42.jpg,38482,33272,38580
3a446fb40.jpg,69093,65025,69247
3a4ce6532.jpg,64993,60975,65139
3a6393ddd.jpg,63200,59214,63346
3a79a8197.jpg,79557,73945,79735
3a8901b53.jpg,67359,63429,67513
3aa04fd6e.jpg,72158,68449,72320
3b010d21f.jpg,25587,20765,25661
3b3cc8ea7.jpg,67755,63526,67909
3b5b15907.jpg,69095,65193,69249
3b6aa514c.jpg,78517,74099,78695
3b821d503.jpg,57361,53145,57499
3b8590e93.jpg,73674,69681,73836
3b8ec9ac2.jpg,28860,25824,28942
3b9a9b124.jpg,30487,27039,30569
3bd478c53.jpg,117133,106811,117383
3c1645748.jpg,43409,41085,43515
3c9e785ff.jpg,70136,65963,70298
3cab5b14f.jpg,34327,30130,34417
3cdd4ef66.jpg,28099,23225,28173
3d077d28f.jpg,32550,27621,32632
3d2f841a8.jpg,43195,39056,43301
3d3aebc0a.jpg,105997,97832,106223
3d7e3902d.jpg,102980,97268,103206
3dce18ae2.jpg,74505,70384,74675
3dd9e6aab.jpg,60177,56797,60315
3de9473c0.jpg,71473,67144,71635
3e0086c9e.jpg,48378,46445,48492
3e0dd9c9b.jpg,72945,69047,73107
3e4e7490d.jpg,60140,55602,60278
3e6d5f010.jpg,58957,54496,59095
3ec985aaa.jpg,23936,19264,24002
3ed913d43.jpg,82998,74294,83184
3efc950a3.jpg,69598,66816,69760
3f8219477.jpg,74788,70509,74958
3fad94568.jpg,78794,72058,78972
3fd3e6246.jpg,82100,79088,82286
3fd4eb711.jpg,75227,67124,75397
3fe17e276.jpg,35155,29798,35245
3fe82fd2e.jpg,71884,67804,72046
3ff475406.jpg,123899,115187,124165
40034f94f.jpg,76983,72602,77153
4021b56d6.jpg,59906,55037,60044
402677695.jpg,23322,19381,23388
402fa9eb2.jpg,74037,70780,74207
4074ff463.jpg,50510,46976,50632
40a0415ef.jpg,70245,67057,70407
40a3703ec.jpg,103108,96756,103334
40bc60e5d.jpg,64394,59965,64540
40c7b07b4.jpg,108590,101663,108824
4112f51e4.jpg,61403,56904,61549
413d8c1b7.jpg,69844,66136,70006
417e6c55e.jpg,62903,59630,63049
418943434.jpg,70169,65827,70331
4193b8be1.jpg,87418,83172,87612
41b682e28.jpg,87678,83455,87872
41ee21436.jpg,63940,60426,64086
4236073e2.jpg,69440,66637,69594
426fd7245.jpg,79696,75431,79874
429756fba.jpg,69882,63703,70044
42f272b67.jpg,68365,64690,68519
431a404fd.jpg,98989,91715,99207
43374827b.jpg,75322,69280,75492
43ab0c4e5.jpg,71797,67174,71959
43c11e6f8.jpg,72081,68566,72243
443d09a36.jpg,65565,61216,65719
44aa7e83a.jpg,100454,91887,100672
44bd37e8d.jpg,45077,41436,45191
44e36ac80.jpg,104384,95859,104610
452350dfd.jpg,41397,36725,41503
457473d8e.jpg,87570,80250,87764
457ccfd29.jpg,76002,71447,76172
458aba0b4.jpg,80652,71411,80830
459de5394.jpg,21938,17720,22004
45a321911.jpg,71340,67310,71502
45bb159c6.jpg,71062,66708,71224
45fe47755.jpg,39752,35183,39850
463be5d05.jpg,97872,92513,98082
46da9ed20.jpg,64345,60000,64491
471789c33.jpg,78263,74070,78441
47aecfd34.jpg,82692,78681,82878
47bf505ca.jpg,58894,54837,59032
47cede9f5.jpg,86128,81923,86322
47df617be.jpg,60419,55468,60557
482010962.jpg,52334,48996,52456
48832940c.jpg,47830,43627,47944
48bae3234.jpg,72482,69668,72644
48bcbbac2.jpg,72919,68844,73081
48eb5eac0.jpg,110916,103224,111158
49112920a.jpg,96464,91339,96674
491b74e4f.jpg,61505,57033,61651
492245c35.jpg,28911,24328,28993
495e9bde5.jpg,81981,76236,82167
49c087fe9.jpg,50744,47704,50866
4a14ec421.jpg,95106,90032,95316
4a2753273.jpg,83605,77606,83791
4a32da6a0.jpg,33791,30282,33881
4a566b7c3.jpg,67854,63970,68008
4a73910cc.jpg,40400,37427,40498
4a8d2399e.jpg,58449,53806,58587
4aa0dc3d9.jpg,83248,73377,83434
4b661b951.jpg,57164,53719,57294
4b756254e.jpg,20581,15746,20647
4b8425913.jpg,55166,51028,55296
4bdfdb73d.jpg,67215,63074,67369
4c792b511.jpg,64944,60519,65090
4d06395ab.jpg,24365,20565,24431
4d09521a8.jpg,33330,28273,33420
4d42dee53.jpg,100450,95785,100668
4d70f9947.jpg,59219,54554,59357
4d96f0aa3.jpg,78149,72584,78327
4dc0c6800.jpg,60324,55459,60462
4dd043d49.jpg,72181,68283,72343
4eb46538a.jpg,67183,62512,67337
4ed20f5a9.jpg,61172,55486,61310
4ed22a051.jpg,49299,46109,49421
4ed28e415.jpg,98793,94275,99011
4eea8b576.jpg,104860,96369,105086
4f6881caa.jpg,60840,58659,60978
4f98941eb.jpg,66284,62559,66438
4fa623943.jpg,61301,57317,61439
4fc021083.jpg,71228,67226,71390
501446101.jpg,106937,98807,107171
50328f2c1.jpg,77465,73347,77635
506f02d11.jpg,27335,22616,27409
50b05e394.jpg,72231,67689,72393
50b3e9e1c.jpg,36328,32993,36418
50f2d35e7.jpg,65923,61743,66077
5129c08e4.jpg,30151,24829,30233
51707f72f.jpg,26355,21091,26429
519f3d337.jpg,73683,69589,73853
51c5269d8.jpg,61775,58260,61921
51c613db1.jpg,21308,17340,21374
52489c5ff.jpg,107358,98958,107592
5257540c4.jpg,58583,53842,58721
528fb7b90.jpg,66561,61906,66715
5296ecd31.jpg,58102,53552,58240
52b8a6b7b.jpg,97241,92526,97451
52deed575.jpg,38512,34324,38610
5301c06b0.jpg,75205,70845,75375
53587f9f4.jpg,99247,94229,99465
5389801a5.jpg,66274,62042,66428
539fbe684.jpg,78078,73347,78256
53d5c88cb.jpg,35015,29128,35105
53ee5a490.jpg,32325,28225,32407
54160ea3e.jpg,31277,27055,31359
5420f242d.jpg,71097,64560,71259
5479776f5.jpg,98853,93930,99071
54e8ae406.jpg,31317,26730,31399
550e65871.jpg,74393,69345,74563
553768325.jpg,79489,73762,79667
558022404.jpg,73972,69630,74142
55ab796d2.jpg,28139,24842,28213
55e450dda.jpg,65228,60986,65374
56178ee20.jpg,60084,56379,60222
5623df1aa.jpg,76464,67385,76634
565df2a34.jpg,41906,38154,42012
5704b4870.jpg,68273,63203,68427
570fec891.jpg,33686,29606,33776
573cd511c.jpg,72966,68872,73128
57468bf12.jpg,82939,76662,83125
57da7c3ba.jpg,55153,50696,55283
580460a3c.jpg,33364,29013,33454
58132f5da.jpg,84448,80210,84634
582294c70.jpg,83951,79038,84137
583975b3c.jpg,23402,18535,23468
58cab45c3.jpg,68206,63930,68360
58f8fb3e8.jpg,35045,30743,35135
59478f3f5.jpg,45685,42480,45799
596092e66.jpg,82345,78300,82531
5960c09d9.jpg,71299,67238,71461
59a39d3b7.jpg,69819,66017,69981
59f0b98e7.jpg,67107,63667,67261
5a04ee754.jpg,77421,73272,77591
5a167eb1f.jpg,70246,66090,70408
5a5775ea1.jpg,99872,91764,100090
5a5dd5955.jpg,84873,79140,85059
5aaccbeb9.jpg,64380,59825,64526
5afcf25e6.jpg,64728,61228,64874
5b8112f79.jpg,87397,83668,87591
5b8d4908d.jpg,52533,49715,52655
5b91642be.jpg,34068,29141,34158
5ba9557ef.jpg,67757,65137,67911
5bdbe7e78.jpg,60661,56227,60799
5c2166eeb.jpg,70929,66592,71091
5c26ac9cb.jpg,69663,65443,69825
5c26aff76.jpg,35582,31067,35672
5c3b38449.jpg,65230,60676,65376
5c512aff1.jpg,62882,58168,63028
5cd6511f8.jpg,87750,78069,87944
5d518d410.jpg,20893,16150,20959
5d6757316.jpg,83642,80310,83828
5da7d74ab.jpg,85966,81841,86160
5daf1913c.jpg,34706,31343,34796
5dd4c8fcc.jpg,82773,78543,82959
5e18d3150.jpg,61817,58182,61963
5e31f3b00.jpg,73156,68764,73318
5e4b96122.jpg,96962,88431,97172
5e57020b7.jpg,62555,58168,62701
5e5c558c4.jpg,57015,49532,57145
5eb713fd8.jpg,77961,73982,78139
5f1817b60.jpg,106716,98429,106950
5f7482430.jpg,57819,53984,57957
5fad659cd.jpg,81891,72563,82077
600bfedf2.jpg,126119,117706,126385
6013e1698.jpg,68838,64908,68992
60338a3a3.jpg,76846,72538,77016
6051efdfb.jpg,67276,62636,67430
607a6818b.jpg,92549,87878,92751
6084eb347.jpg,41872,38241,41978
60fca886c.jpg,67064,63127,67218
6109bea53.jpg,93384,89611,93586
611bdd0f6.jpg,69889,66101,70051
612475f72.jpg,59525,54802,59663
6171d14ca.jpg,81156,76517,81334
6192d732b.jpg,50674,46673,50796
61b63d0b4.jpg,76210,71992,76380
61b77138e.jpg,67494,63479,67648
61dc40fd1.jpg,87981,84548,88175
61dc82daf.jpg,66440,62047,66594
61ead3a8f.jpg,47175,44497,47289
620efe0a7.jpg,81945,78137,82131
624499178.jpg,83806,78363,83992
62bb9b5ca.jpg,56518,52771,56648
62dc7c9bc.jpg,62641,60285,62787
62f9ef30e.jpg,32712,29239,32794
62fbfe8e6.jpg,85522,81406,85708
63488d54b.jpg,35043,31254,35133
6359bb31f.jpg,56588,52934,56718
63d15cc3f.jpg,49056,46319,49170
644203589.jpg,76535,72173,76705
644426a8d.jpg,108991,103394,109225
649bc21de.jpg,48779,45349,48893
64c745c64.jpg,31829,26946,31911
65119ed3f.jpg,60498,56445,60636
656ce5bbc.jpg,73136,68600,73298
6571aaec6.jpg,76793,72705,76963
657957194.jpg,59615,55102,59753
659f6dccf.jpg,65356,62745,65502
65c56212f.jpg,65778,61675,65932
662803de2.jpg,30204,24914,30286
6649b3107.jpg,63436,59357,63582
66533ee72.jpg,79695,76162,79873
665dd4cd2.jpg,66135,62505,66289
6683adbea.jpg,69585,66217,69747
66be2652d.jpg,100953,95264,101171
66c7c3361.jpg,84778,80935,84964
67577cbaf.jpg,36281,32191,36371
6788d5f48.jpg,34616,30928,34706
6790f0a40.jpg,67329,63074,67483
679a3f8ae.jpg,72198,67904,72360
67d0991d8.jpg,104724,96561,104950
680d320ae.jpg,66127,61595,66281
682897b9d.jpg,81542,78220,81720
68a12828c.jpg,61535,56954,61681
68a7b2d4b.jpg,73524,69386,73686
68f8871cc.jpg,71845,67420,72007
692db5693.jpg,68385,65563,68539
693e1e4f8.jpg,57218,53863,57348
69c28c9e7.jpg,59947,55395,60085
69de5849b.jpg,68533,64386,68687
6a42583d4.jpg,69563,65400,69717
6a4ac74eb.jpg,64110,59665,64256
6a75ef9a7.jpg,86621,82199,86815
6ac23c021.jpg,69287,66208,69441
6ade38029.jpg,112788,105790,113030
6b6689889.jpg,34552,30380,34642
6b6e41e58.jpg,78435,74003,78613
6b71d1b7f.jpg,74981,71489,75151
6b7814fac.jpg,68077,64004,68231
6bd0c95e1.jpg,74101,69690,74271
6bdf830e9.jpg,62570,59059,62716
6bfed7f3a.jpg,58109,52657,58247
6c20154a1.jpg,69493,65843,69647
6c30edd46.jpg,56333,52630,56463
6cb20c450.jpg,74511,70569,74681
6cbd3d50f.jpg,73954,69979,74124
6cc0bc1e3.jpg,68711,66127,68865
6cd7b2641.jpg,63717,59514,63863
6d0d66434.jpg,37404,33542,37502
6d5ea41a0.jpg,66542,61967,66696
6d6b5c79e.jpg,65647,62525,65801
6d719e576.jpg,36973,32790,37071
6d80383eb.jpg,71871,69161,72033
6dd0d5329.jpg,63543,59827,63689
6de40f536.jpg,59542,54776,59680
6e82bb580.jpg,75841,71606,76011
6ef274463.jpg,68801,64863,68955
6f2ab42b6.jpg,98109,92943,98319
6f77d6a15.jpg,67065,63471,67219
6f9aca4a8.jpg,63946,60119,64092
6fa13f6de.jpg,59071,54785,59209
6fa1bc9b6.jpg,125253,116729,125519
6fb14cefc.jpg,77218,73097,77388
6fc81ad9a.jpg,28612,24388,28686
702c958a5.jpg,47121,42933,47235
70c6e98f1.jpg,66179,62215,66333
70f9214cc.jpg,76511,72536,76681
7178a5302.jpg,88388,83834,88582
7193b60fb.jpg,72709,68398,72871
71c86ce2d.jpg,73831,69734,74001
71ea66a39.jpg,37862,34270,37960
71fdd62e9.jpg,115259,105134,115509
723a8fabf.jpg,31168,26844,31250
72a362af2.jpg,74260,70628,74430
72ca91db0.jpg,76214,72044,76384
72cde7906.jpg,67890,63534,68044
72ec3f4d7.jpg,60194,56713,60332
7301eec3c.jpg,99561,91044,99779
730b4e931.jpg,68300,63454,68454
7338e736d.jpg,68366,64510,68520
7350e4a10.jpg,28389,24288,28463
738683c91.jpg,66255,63421,66409
7390df83b.jpg,63386,59803,63532
73dba17a6.jpg,63671,60730,63817
73dc1b526.jpg,74534,69988,74704
73e2417fc.jpg,81462,77051,81640
74101c441.jpg,84968,81020,85154
7411144f6.jpg,96597,91608,96807
74284b26a.jpg,87458,78475,87652
7459da01f.jpg,34857,30992,34947
7478f46e9.jpg,63107,59115,63253
74b60c9dc.jpg,27569,22356,27643
74e975b02.jpg,78658,74111,78836
75032c049.jpg,68023,64195,68177
7508bcdde.jpg,79510,75110,79688
7534e60ca.jpg,57119,52488,57249
7540ceeac.jpg,112542,105138,112784
7591b11a0.jpg,74210,69626,74380
75b5770b9.jpg,65655,61173,65809
7622e53e0.jpg,63161,58796,63307
762874df7.jpg,57652,53369,57790
764a83cf1.jpg,42952,38913,43058
7695e28da.jpg,125504,116933,125770
76cab12e0.jpg,61548,58161,61694
7715a2fe3.jpg,26762,22073,26836
7738c656d.jpg,59069,54479,59207
775ae6c8f.jpg,39311,34528,39409
777b1a4a2.jpg,56260,51780,56390
777e40118.jpg,61054,56816,61192
77b5a1bd7.jpg,25747,22073,25821
77e8c8938.jpg,85295,81833,85481
77ef3daf9.jpg,32393,27793,32475
7806b029c.jpg,121487,113219,121745
7818737fa.jpg,57215,52284,57345
78aae2ec0.jpg,16094,11516,16144
78be9b1ed.jpg,81521,76763,81699
78d8769c3.jpg,66437,62065,66591
78f11bea6.jpg,38347,35816,38445
790babfb2.jpg,94195,86656,94405
7934e6372.jpg,27120,22401,27194
794e9ad87.jpg,44407,39725,44513
79b748025.jpg,58828,55799,58966
79d2cdb25.jpg,71965,67688,72127
79de961ca.jpg,74970,70772,75140
79e4d6dd8.jpg,71750,67499,71912
79e96a7d6.jpg,64022,59348,64168
7a16b9d82.jpg,81641,77823,81819
7a175e792.jpg,81062,75179,81240
7a2034c2e.jpg,83800,74271,83986
7a207492f.jpg,57204,52579,57334
7a33e8379.jpg,41182,37810,41288
7a4ff4e84.jpg,62673,59333,62819
7a5383eb6.jpg,27062,23074,27136
7abde3658.jpg,59176,54574,59314
7af142518.jpg,84354,80007,84540
7c31fa060.jpg,60728,55112,60866
7c6865b24.jpg,100930,91431,101148
7c9cac62a.jpg,65359,62039,65505
7cdd91b20.jpg,43915,40932,44021
7ce7e138f.jpg,26236,22804,26310
7d86eff1e.jpg,34003,29613,34093
7d9f463a5.jpg,74567,71180,74737
7e1957a39.jpg,65591,61889,65745
7e697bb58.jpg,72705,68406,72867
7e9141e11.jpg,62828,59714,62974
7eb64f3f9.jpg,77774,73641,77952
7eb7169c3.jpg,35333,29669,35423
7ecec357e.jpg,108255,99837,108489
7f4c800cf.jpg,67092,62491,67246
7f4debc40.jpg,111600,104183,111842
7f6b0fb77.jpg,64538,59984,64684
7f8bd76bd.jpg,57759,53767,57897
7f9e38ab2.jpg,71864,67644,72026
7fdad6235.jpg,41289,38968,41395
7ff7b8801.jpg,54806,50775,54936
806c3002b.jpg,64229,59708,64375
80b8c4d81.jpg,54362,51633,54492
8113a97f4.jpg,62694,58067,62840
815ddd80e.jpg,97430,88850,97640
8181e0417.jpg,65510,60884,65664
818c4c604.jpg,67850,63918,68004
81b1be6fa.jpg,126500,118099,126766
81fe5a11c.jpg,45400,41986,45514
8214d47e2.jpg,68744,65659,68898
8243ca536.jpg,110656,102871,110898
82a698659.jpg,63539,60354,63685
82aaeddaf.jpg,96684,88984,96894
82e8cdaa5.jpg,55016,50821,55146
832661f4f.jpg,30056,26442,30138
83af3c0ea.jpg,40479,38222,40577
83b872ea5.jpg,100867,95529,101085
83d7d5d87.jpg,100405,95442,100623
83e576834.jpg,31859,27526,31941
83eda20e3.jpg,30982,26277,31064
8417fc19a.jpg,38941,35088,39039
842167ae3.jpg,74357,69764,74527
844a5f36d.jpg,74156,70753,74326
845c083f2.jpg,77638,73579,77808
84714c017.jpg,79821,75975,79999
847d6a872.jpg,21890,17117,21956
84aff4c89.jpg,58697,54197,58835
853563069.jpg,55098,52290,55228
8543e5205.jpg,59192,54745,59330
8553b1c10.jpg,80387,76224,80565
85f92ee9d.jpg,60144,55276,60282
861026c31.jpg,45058,39912,45172
8660742a0.jpg,70712,66900,70874
86760f68d.jpg,86490,82244,86684
86caf7744.jpg,76637,72784,76807
870680501.jpg,71522,66864,71684
87139470c.jpg,31595,26926,31677
87465375b.jpg,80033,75673,80211
874bb3d0b.jpg,70285,66082,70447
87859b6d3.jpg,62577,58906,62723
87a605148.jpg,61979,58872,62125
87bd9c92b.jpg,60694,55833,60832
8802f9396.jpg,59650,55796,59788
886cbd726.jpg,61687,57536,61833
88a46e015.jpg,64910,60953,65056
88d1a3bfa.jpg,78312,74286,78490
894c7db4e.jpg,64413,60576,64559
898bfc15e.jpg,68402,64297,68556
89cd711b2.jpg,75310,71022,75480
8a026fe20.jpg,73473,69352,73635
8a37200de.jpg,67822,63948,67976
8ab0d9126.jpg,75404,71077,75574
8ad018505.jpg,36034,32510,36124
8b4b22344.jpg,75654,72826,75824
8b56662dc.jpg,72026,67611,72188
8b68319d0.jpg,65441,61119,65587
8b8ff7fc4.jpg,65271,61824,65417
8be96a446.jpg,86617,82201,86811
8c02047a1.jpg,59788,56893,59926
8c1b419a1.jpg,14456,9022,14506
8c23c585a.jpg,73700,69249,73870
8c2ca2723.jpg,120514,110390,120772
8c3254b6d.jpg,66994,62581,67148
8c41b395b.jpg,31230,25647,31312
8c42fcfa1.jpg,57029,52459,57159
8c6280110.jpg,76040,71918,76210
8c7fd9fbf.jpg,87774,79063,87968
8ca2e363e.jpg,39879,35977,39977
8cd7051c4.jpg,23981,19250,24047
8d183ca66.jpg,65670,62284,65824
8d1f31dc8.jpg,83346,75297,83532
8d2144e59.jpg,38654,35501,38752
8d2b1bd43.jpg,62656,58153,62802
8d5ac77fa.jpg,66061,62552,66215
8d692a8d7.jpg,56712,52579,56842
8d9b2cebb.jpg,60835,56047,60973
8d9e3758d.jpg,69192,65324,69346
8d9fd3581.jpg,36249,33500,36339
8da8dd738.jpg,67070,63771,67224
8dfcc9a22.jpg,63052,58882,63198
8e0cc7b1a.jpg,72662,68398,72824
8e4085cc2.jpg,67252,63489,67406
8e54ed164.jpg,60575,56365,60713
8e5b5e5ac.jpg,103968,96487,104194
8e9064036.jpg,65862,61362,66016
8f3be518d.jpg,62176,58083,62322
8f411018d.jpg,24621,21148,24695
8f53ef08b.jpg,48529,45185,48643
8f6f06029.jpg,115967,108307,116217
8f755c40c.jpg,30499,26045,30581
8f789e5b9.jpg,31202,27534,31284
8fed1b355.jpg,78122,75468,78300
8feda0449.jpg,87799,79716,87993
9079d5390.jpg,71593,66208,71755
90a805fe8.jpg,68598,60327,68752
90b852c20.jpg,26937,23203,27011
90d34f8ee.jpg,60227,56217,60365
91013c5fa.jpg,62887,58347,63033
912f0ba38.jpg,68759,65155,68913
915ee1e1a.jpg,33535,27973,33625
919f8ee92.jpg,49213,46289,49335
91bcdd9df.jpg,41201,38994,41307
91eb41fad.jpg,88957,84378,89151
920dd8351.jpg,92208,83378,92410
92468a536.jpg,15031,9581,15081
9259fd6d4.jpg,41478,38905,41584
92b3cc6e3.jpg,127565,120812,127839
92e60f8ea.jpg,57554,53138,57692
92ee3ad54.jpg,36979,33716,37077
92f3f28f5.jpg,56151,49607,56281
930d6db89.jpg,61601,57469,61747
930daf533.jpg,68700,64498,68854
931a89ac1.jpg,67695,63668,67849
932a2652e.jpg,104791,99164,105017
933c52789.jpg,50210,47135,50332
93489bd03.jpg,88985,82507,89179
936b0a0cc.jpg,32942,27984,33032
94866f627.jpg,72259,67722,72421
948aea154.jpg,99245,91906,99463
94c12289a.jpg,63751,59561,63897
952e1b767.jpg,51521,48056,51643
95940e5b9.jpg,27084,22572,27158
95d9087f6.jpg,84397,80403,84583
95f1f92b4.jpg,82963,72587,83149
961439a81.jpg,57253,52518,57383
96ac137df.jpg,37191,34054,37289
96b50ad71.jpg,27539,24132,27613
96b699a48.jpg,72619,68515,72781
96d589e9e.jpg,56181,51871,56311
96edddec9.jpg,55111,52614,55241
970291f86.jpg,35432,31585,35522
9716875b9.jpg,66590,63032,66744
971a6b0d5.jpg,70190,65868,70352
97285a1b9.jpg,69119,63910,69273
9759c2eae.jpg,61181,57036,61319
975ae1404.jpg,55312,52698,55442
976a0ca8d.jpg,115474,104308,115724
97a2e4018.jpg,34272,29476,34362
97c574372.jpg,67347,63245,67501
981a98427.jpg,77161,68563,77331
9865b4ff6.jpg,28380,24625,28454
9867e68e8.jpg,24450,20732,24516
98aedefbe.jpg,95092,87759,95302
98c877bdb.jpg,28178,24586,28252
98f4d7e90.jpg,67032,63110,67186
992c4184d.jpg,65167,62428,65313
992e504a2.jpg,54210,51374,54340
997cc6536.jpg,65880,61799,66034
99920bfb6.jpg,68426,64117,68580
99938e6f6.jpg,59125,55055,59263
99e084a60.jpg,62325,57880,62471
9a11118f2.jpg,103174,98005,103400
9a306dc35.jpg,32327,27858,32409
9a38f263b.jpg,67574,63432,67728
9a66c450a.jpg,59595,55712,59733
9a7ae04eb.jpg,71494,67258,71656
9a8cc57e3.jpg,99838,94030,100056
9aec676d8.jpg,71344,66795,71506
9aff0579f.jpg,61649,57380,61795
9b09d5dc3.jpg,24322,18786,24388
9b2bb1791.jpg,41174,37495,41280
9baebd106.jpg,99371,92082,99589
9bba328fa.jpg,30436,26642,30518
9c0030e2e.jpg,81419,78162,81597
9c505a723.jpg,64522,60124,64668
9c711d585.jpg,65436,61110,65582
9ce7301b7.jpg,67015,63334,67169
9d0664af5.jpg,66386,62163,66540
9d5808b0b.jpg,74814,70510,74984
9d74c2150.jpg,132000,122469,132282
9d9c436e9.jpg,31576,27652,31658
9dacc90b9.jpg,57230,52677,57360
9de9bd6d6.jpg,91726,82922,91928
9e1f1c5f3.jpg,54455,51037,54585
9e26fd54e.jpg,68361,64508,68515
9e7298d5a.jpg,77836,67649,78014
9e97ff4fd.jpg,97446,89425,97656
9ea6788e4.jpg,86997,82617,87191
9ebe9182d.jpg,68676,64253,68830
9ede6ed1c.jpg,39052,33694,39150
9f044ff4e.jpg,37397,32427,37495
9f5d0a1a0.jpg,38340,35623,38438
9fb50479f.jpg,103164,94565,103390
9fd5ffab8.jpg,60651,56175,60789
9fff9d6e5.jpg,63619,60538,63765
a00e7e4dd.jpg,38336,35645,38434
a077529df.jpg,71862,69198,72024
a0bf5e176.jpg,69294,65027,69448
a0d2a2993.jpg,94782,90567,94992
a0d96b1b8.jpg,52106,49164,52228
a11c7463e.jpg,107755,99744,107989
a1285785b.jpg,73566,69466,73728
a12fcc09b.jpg,77484,73760,77654
a14c0830d.jpg,85870,77528,86056
a1ad3bd93.jpg,72834,68440,72996
a1b68660a.jpg,64033,60689,64179
a1b87d224.jpg,85104,81280,85290
a20832f2b.jpg,87004,83579,87198
a21653a43.jpg,81141,77687,81319
a25276c7a.jpg,63541,59330,63687
a271564cc.jpg,88898,84849,89092
a280fe312.jpg,35960,31133,36050
a2ac82f04.jpg,74197,69968,74367
a2f3890a5.jpg,95257,90760,95467
a2fc8e98c.jpg,85765,81648,85951
a305463cf.jpg,83025,78189,83211
a313ffb5a.jpg,62657,58219,62803
a33f0c919.jpg,60490,55916,60628
a34fe6136.jpg,64363,60871,64509
a3b343da9.jpg,74791,70561,74961
a3b5f2da2.jpg,64202,59594,64348
a3cb5b44b.jpg,61755,58542,61901
a40e7c5ed.jpg,90441,81711,90643
a45351e07.jpg,37061,32157,37159
a465d05b9.jpg,114241,106308,114483
a4a941c4d.jpg,62562,57980,62708
a4cc5f162.jpg,79269,74998,79447
a4ebb0a43.jpg,61009,56685,61147
a53e7ae66.jpg,71634,67949,71796
a5840558f.jpg,39601,35616,39699
a59fbfb69.jpg,68451,63870,68605
a5d8b7d8d.jpg,26464,22778,26538
a6312e2f4.jpg,42670,37882,42776
a636dd86c.jpg,63223,58438,63369
a66a86893.jpg,76749,72967,76919
a677c26b0.jpg,75415,67099,75585
a67ffc1e6.jpg,72465,65672,72627
a69be0c5b.jpg,61346,57292,61484
a6dc0d057.jpg,59333,56814,59471
a6dd3f601.jpg,57940,53188,58078
a771adeb2.jpg,43105,40913,43211
a7d7a8762.jpg,65864,61570,66018
a7e7794c1.jpg,59334,54491,59472
a80ec0bda.jpg,77998,71314,78176
a89126e98.jpg,59254,54353,59392
a891e6210.jpg,62079,57624,62225
a8985e1bb.jpg,88307,83332,88501
a8b718832.jpg,65024,61657,65170
a8ed60086.jpg,37725,32722,37823
a97971e23.jpg,103945,97312,104171
a98ae52ef.jpg,76089,71708,76259
a999e3657.jpg,84137,77946,84323
a9a9f3eec.jpg,99996,94915,100214
a9b1d6344.jpg,67159,62906,67313
a9fec07fb.jpg,86650,81134,86844
aa0cd2cba.jpg,68265,63905,68419
aa10c13c1.jpg,58522,54189,58660
aa370ac4e.jpg,78205,74440,78383
aa58fcbb7.jpg,75310,71197,75480
aa7156bc3.jpg,79420,73728,79598
aacc0bd6e.jpg,63209,59137,63355
aaee0904d.jpg,25265,20635,25339
ab581a506.jpg,19338,14814,19396
ab625db79.jpg,84367,79342,84553
ab758680b.jpg,63880,59249,64026
aba767ca4.jpg,80035,71097,80213
ac00ad4cc.jpg,69044,64655,69198
ac831c8c2.jpg,73499,70551,73661
accf70914.jpg,66142,62162,66296
acd9a6662.jpg,35455,31717,35545
ad018aea0.jpg,102001,96365,102219
ad42a2691.jpg,71078,66890,71240
ad6da5c09.jpg,75630,71444,75800
ae13a6826.jpg,66377,62450,66531
ae1853ca8.jpg,65486,63165,65632
ae6d37ae2.jpg,31542,27468,31624
aee136c8b.jpg,120810,111284,121068
aeea06e3d.jpg,81669,78101,81847
aef0175ab.jpg,69858,65347,70020
af95e42d5.jpg,90401,82360,90603
affd25253.jpg,37953,33298,38051
b048cf77e.jpg,75892,71658,76062
b04e0f7e1.jpg,58767,54293,58905
b07574b6c.jpg,67798,63486,67952
b0928552f.jpg,66290,62240,66444
b0ddbd27b.jpg,65670,62101,65824
b0feef552.jpg,36553,33266,36643
b10bdf278.jpg,48185,45376,48299
b1320fe27.jpg,75364,71001,75534
b1484acc7.jpg,103838,97130,104064
b166d243a.jpg,59913,56727,60051
b18564030.jpg,48920,45892,49034
b195ee409.jpg,66283,61753,66437
b19febc41.jpg,97425,92286,97635
b1b8e66b0.jpg,66679,62272,66833
b1bf84bfb.jpg,31583,26992,31665
b201045ba.jpg,57105,53116,57235
b25b7de54.jpg,62321,58131,62467
b2f3df87d.jpg,60239,56724,60377
b33474f7c.jpg,57138,52988,57268
b3544fed9.jpg,63132,59218,63278
b35a8b343.jpg,66025,62757,66179
b36839a32.jpg,69602,65069,69764
b37c9e2e2.jpg,73926,70399,74096
b39c32f97.jpg,82760,78572,82946
b41775758.jpg,71257,67701,71419
b4270c27a.jpg,53771,49770,53901
b4e0bfdc7.jpg,63040,60557,63186
b4e51b44b.jpg,39066,35108,39164
b4f8f2177.jpg,37596,33191,37694
b55994abf.jpg,75232,71068,75402
b58f61f6d.jpg,58681,54910,58819
b5bba50f6.jpg,80333,75816,80511
b5e7467ad.jpg,76512,72545,76682
b5f922d64.jpg,49476,45454,49598
b60e00b57.jpg,84987,78878,85173
b6230d8d1.jpg,51354,47447,51476
b6a2cef21.jpg,71833,67508,71995
b7779f95f.jpg,68253,64598,68407
b7b7bb05a.jpg,68623,64270,68777
b7e2c8d0c.jpg,81760,75585,81938
b81ee75f4.jpg,91885,85948,92087
b84c8ae45.jpg,71187,66725,71349
b8514c8c5.jpg,41531,36760,41637
b86c8d3fe.jpg,70021,67376,70183
b88fc2460.jpg,116853,107237,117103
b8cea4ad4.jpg,76030,71792,76200
b8d61ced2.jpg,36684,33176,36774
b8f954f45.jpg,21087,16489,21153
b90356332.jpg,99804,94371,100022
b9090d5f5.jpg,55929,51745,56059
b953d7546.jpg,77067,72779,77237
b95e29029.jpg,33657,29196,33747
b9643a242.jpg,63202,59617,63348
b966c8c47.jpg,90872,84351,91074
b981fbaa9.jpg,68795,65382,68949
b9ad06f8a.jpg,33835,28648,33925
b9c2c1d0e.jpg,72517,68187,72679
b9d251c1e.jpg,66568,63117,66722
b9fa223c8.jpg,67375,63385,67529
ba02af274.jpg,101372,94731,101590
ba20a371d.jpg,68111,64213,68265
babef1a5f.jpg,62611,58866,62757
bacb8efe2.jpg,57774,52932,57912
bacddfd1e.jpg,107905,99657,108139
bae4a6a28.jpg,63283,58897,63429
bb64b45cd.jpg,83567,79943,83753
bb711cfdd.jpg,55602,52855,55732
bb79f34a6.jpg,65954,62838,66108
bb9606665.jpg,65096,62189,65242
bb982c78c.jpg,103647,94982,103873
bc074372c.jpg,61970,57268,62116
bc27ab5b2.jpg,37502,31738,37600
bc4023148.jpg,69635,65831,69797
bca39c8db.jpg,61724,57826,61870
bce1634b2.jpg,56612,52364,56742
bced434ac.jpg,60579,55900,60717
bcfc5624f.jpg,85248,74237,85434
bd3347da7.jpg,98957,90475,99175
bd8599ecf.jpg,59632,55946,59770
bd95f66a1.jpg,41209,37509,41315
bd9edbd5a.jpg,55572,50709,55702
bdd3e46fd.jpg,32864,28986,32954
bde74b103.jpg,54655,50063,54785
be257a533.jpg,34157,29561,34247
be32de034.jpg,35896,30522,35986
be7131a2a.jpg,57862,53633,58000
beaff72b9.jpg,125357,116496,125623
bec85b193.jpg,68959,65144,69113
bedb8e666.jpg,41174,38347,41280
beddd60c7.jpg,92723,86419,92925
bf6f52611.jpg,56977,52994,57107
bfb9f7dbe.jpg,26505,22286,26579
bfd823419.jpg,83942,74314,84128
bfe1fd01b.jpg,62577,58430,62723
bff440d09.jpg,60643,56221,60781
c023cf80d.jpg,66777,62708,66931
c02a1ee0a.jpg,66583,61444,66737
c04dd2134.jpg,124926,116517,125192
c079fb878.jpg,59044,56085,59182
c0a03e216.jpg,59832,55716,59970
c0bcdd3db.jpg,30356,26815,30438
c0bf7e6d5.jpg,72467,68445,72629
c0c5c40d0.jpg,85837,81676,86023
c14faa0a5.jpg,58605,55839,58743
c153b3ca5.jpg,98139,89215,98349
c156586cf.jpg,69678,65255,69840
c1697c4c9.jpg,113243,104989,113485
c18b525e8.jpg,121096,110426,121354
c1a8c04ce.jpg,43995,41035,44101
c21e059bb.jpg,58203,53389,58341
c2212d548.jpg,32898,28359,32988
c2582ad75.jpg,64752,60554,64898
c26c45017.jpg,59538,55338,59676
c292ca881.jpg,101173,96310,101391
c299c4851.jpg,112801,104740,113043
c2d1bbf6a.jpg,69264,65067,69418
c2e41934f.jpg,88998,83328,89192
c34201d92.jpg,29767,26441,29849
c350186a3.jpg,72975,68570,73137
c354e5fe8.jpg,54662,51752,54792
c3d82d7ff.jpg,62320,57991,62466
c40ddbdbe.jpg,104635,97311,104861
c493087bc.jpg,86884,82597,87078
c4a3a677d.jpg,73724,69602,73894
c4f963b2d.jpg,62013,58009,62159
c510ba6e3.jpg,78546,71828,78724
c553822a9.jpg,70547,66178,70709
c55dbf5cc.jpg,61354,57234,61492
c561e4293.jpg,77527,72111,77697
c58a63cdd.jpg,31040,26746,31122
c6079250b.jpg,24989,21746,25063
c6ad8f468.jpg,24728,19672,24802
c6d0782d3.jpg,59458,54647,59596
c6e0964d6.jpg,97162,92561,97372
c6ebf0bad.jpg,71214,66849,71376
c724fb7f2.jpg,100235,95090,100453
c7bcc1e3e.jpg,61461,57118,61607
c7d376304.jpg,78411,71997,78589
c808204d4.jpg,60282,55758,60420
c8150e004.jpg,112950,104688,113192
c82ed649a.jpg,126590,119571,126856
c82ff8d19.jpg,37026,32439,37124
c83bce795.jpg,74214,70074,74384
c8611efe9.jpg,59331,55312,59469
c861be6da.jpg,66311,61850,66465
c88c2d44f.jpg,64168,60037,64314
c8bad25f9.jpg,93293,85426,93495
c8fef9c11.jpg,23773,19795,23839
c966e212b.jpg,68670,65627,68824
c9b5d67ae.jpg,70701,66955,70863
c9ef774de.jpg,74998,71258,75168
ca204fe06.jpg,99762,93283,99980
ca3d01277.jpg,66030,63362,66184
ca547ba18.jpg,24487,20296,24553
ca5b58e6f.jpg,29524,24514,29606
ca78eac88.jpg,71910,69026,72072
ca8f71cc3.jpg,87028,82988,87222
cb1dfe6c5.jpg,59828,55592,59966
cb5b36f4b.jpg,60825,56694,60963
cb859b033.jpg,78365,74445,78543
cb894ab1f.jpg,100401,92079,100619
cc1129cae.jpg,60862,56911,61000
cc286f825.jpg,57737,53603,57875
cc28b3bff.jpg,121173,110806,121431
cc3ec4d92.jpg,26496,22126,26570
cc46535db.jpg,114921,104688,115171
cc5ffaebd.jpg,58727,54858,58865
cc6bf218a.jpg,39103,34515,39201
cc7aa7f73.jpg,91000,83220,91202
cc855eb83.jpg,57604,53644,57742
cc8c92b9d.jpg,65977,63385,66131
cd2146349.jpg,66885,62535,67039
cd2c3036f.jpg,76325,72009,76495
cd2e27eb6.jpg,48891,44805,49005
cd3c5160b.jpg,65122,60944,65268
cdc67e294.jpg,25388,20806,25462
cdc696259.jpg,70137,66262,70299
ce0f3a682.jpg,74430,70837,74600
ce597fbd7.jpg,74146,70563,74316
ce6610063.jpg,68181,64367,68335
ce671f28d.jpg,93850,89452,94052
ce8e6fa68.jpg,14618,9175,14668
cee77050f.jpg,73417,66868,73579
cf5dee855.jpg,66078,61728,66232
cfc60a388.jpg,27121,22744,27195
cfd639214.jpg,60887,56465,61025
cfd64576f.jpg,76220,71792,76390
cfddcbd4a.jpg,68180,63859,68334
cfef40c5a.jpg,76370,71352,76540
d035102d9.jpg,31883,27373,31965
d09408af3.jpg,85896,82137,86082
d0f378ac4.jpg,50159,47793,50281
d14eb5f92.jpg,58804,55496,58942
d16380420.jpg,65069,61210,65215
d198e2ff3.jpg,59687,56010,59825
d1b5ae2ac.jpg,62298,58457,62444
d1cf8047a.jpg,71452,66979,71614
d1f4649a8.jpg,88207,83043,88401
d21b2fcef.jpg,124941,116364,125207
d233c8e26.jpg,57965,55945,58103
d268734c8.jpg,84014,79035,84200
d297b2a96.jpg,50898,48217,51020
d2add8e1b.jpg,70840,67747,71002
d2e871f1c.jpg,65972,62810,66126
d2fbffe43.jpg,79804,75432,79982
d320ac3c7.jpg,64174,60040,64320
d345a3a9d.jpg,61447,57034,61593
d3ace21ee.jpg,63317,59142,63463
d439f2c12.jpg,75509,71119,75679
d44808c7e.jpg,80810,76526,80988
d46438d4b.jpg,67280,63452,67434
d4cbb37c1.jpg,62850,59413,62996
d4d776488.jpg,61084,56172,61222
d54485dae.jpg,99890,90912,100108
d547edd0b.jpg,70697,66401,70859
d54882ad6.jpg,106456,97893,106690
d568197d7.jpg,100056,91614,100274
d56e15f1e.jpg,75320,70905,75490
d584b67e8.jpg,40746,37117,40844
d58aaa156.jpg,61939,58351,62085
d5a13f56d.jpg,67961,64061,68115
d5e62709e.jpg,58431,53780,58569
d608ecaee.jpg,66292,62261,66446
d658180e6.jpg,60738,56904,60876
d673af73e.jpg,125702,117319,125968
d67d144f8.jpg,59887,55598,60025
d6aba2316.jpg,73519,69078,73681
d6b59d78d.jpg,68084,65035,68238
d6c509605.jpg,69582,65573,69744
d71ecae92.jpg,27331,23677,27405
d74430258.jpg,81029,71833,81207
d74a679af.jpg,63595,59439,63741
d79f7224d.jpg,61138,57026,61276
d7a9c46b5.jpg,92724,87659,92926
d7bc33409.jpg,64463,60049,64609
d7bed5c3c.jpg,96622,92111,96832
d7d7a0d82.jpg,52513,49168,52635
d834cf90f.jpg,54921,50541,55051
d84cfdb99.jpg,79664,73636,79842
d86011872.jpg,58397,53453,58535
d8cf4003a.jpg,60824,58685,60962
d8e1291a9.jpg,69658,65574,69820
d904353a3.jpg,85321,80485,85507
d90fea18e.jpg,35369,32157,35459
d9762ef5e.jpg,36495,32242,36585
d993d97f0.jpg,70308,67154,70470
d9aeca52a.jpg,67819,63065,67973
da0eff198.jpg,36719,33055,36809
da5b2b43e.jpg,69121,66257,69275
dae1c1117.jpg,82253,78286,82439
daf6d488b.jpg,65556,61998,65710
db323e181.jpg,32853,28968,32943
db5eb5b52.jpg,101470,95698,101688
db703d95b.jpg,62663,60006,62809
dc1cec72f.jpg,76478,72042,76648
dc24140d7.jpg,69096,65539,69250
dc45a7d7d.jpg,42033,39051,42139
dc4ee69ba.jpg,46665,42495,46779
dc88648bc.jpg,90950,82734,91152
dcbf6f940.jpg,69096,64892,69250
dcd29c585.jpg,26671,22971,26745
dce120eb0.jpg,81760,75892,81938
dd11c75d4.jpg,41878,37777,41984
dd8a7ae86.jpg,37985,33950,38083
dd9316d80.jpg,100709,92147,100927
dd95e4912.jpg,61724,58552,61870
ddb836e4c.jpg,44167,40386,44273
de83256f0.jpg,101979,96912,102197
de9197d41.jpg,54785,50256,54915
de93b8c30.jpg,38326,34380,38424
dfcdddcc7.jpg,75183,71148,75353
dfebd6a6d.jpg,32808,28213,32898
e0031bf86.jpg,102009,96177,102227
e01ed6240.jpg,59603,55027,59741
e05d0385a.jpg,104754,96293,104980
e06ff97ef.jpg,61005,57294,61143
e0a7cfcae.jpg,80260,76560,80438
e0b35ff5c.jpg,29455,25182,29537
e0dbc7433.jpg,75389,68574,75559
e0ef84d33.jpg,77572,73796,77742
e13b506d5.jpg,65090,60625,65236
e13ddafbf.jpg,71051,67024,71213
e167ea928.jpg,28067,24373,28141
e1713d2e4.jpg,54171,51436,54301
e1719ebde.jpg,64580,60110,64726
e17990993.jpg,38697,34409,38795
e1bbb896e.jpg,87680,83341,87874
e1fb831df.jpg,53035,50308,53157
e215280c6.jpg,64860,60818,65006
e2435fd16.jpg,40746,37229,40844
e26578776.jpg,60533,57398,60671
e279290ac.jpg,71239,68491,71401
e29b20a8c.jpg,31534,26314,31616
e2e63e107.jpg,66200,61457,66354
e2ee21385.jpg,31046,26409,31128
e36bd03c3.jpg,36426,33892,36516
e38061675.jpg,28166,25196,28240
e3a6563ee.jpg,68939,64662,69093
e3ad2690a.jpg,93208,84704,93410
e3ce21827.jpg,73636,69286,73798
e3d173076.jpg,34365,30756,34455
e3d76f3b3.jpg,88244,84662,88438
e3dc2e61c.jpg,26759,21300,26833
e3f296ecd.jpg,26344,21873,26418
e4052078a.jpg,60636,57645,60774
e43f3ec8b.jpg,62923,58172,63069
e44ce8314.jpg,75953,71560,76123
e47c0edc0.jpg,35896,31522,35986
e517755c9.jpg,45162,42139,45276
e59ca3f9f.jpg,69899,66194,70061
e59f8a8a8.jpg,89834,85405,90028
e6613a7a4.jpg,119928,111561,120186
e69e4a0c7.jpg,99530,94387,99748
e69e87d54.jpg,70494,65846,70656
e6bd8b093.jpg,35632,32069,35722
e73ee308c.jpg,64521,59847,64667
e73f6c491.jpg,64576,60017,64722
e773aced7.jpg,72920,68917,73082
e7a5315de.jpg,67058,63095,67212
e7d57adcb.jpg,52410,48348,52532
e7e49cac5.jpg,72524,69185,72686
e812bcdda.jpg,69941,65759,70103
e86cd7f3a.jpg,95891,90860,96101
e87017c0e.jpg,61266,57132,61404
e88a92edd.jpg,70965,66719,71127
e89421250.jpg,64054,59624,64200
e899edc65.jpg,73019,69132,73181
e8aa104eb.jpg,86799,82585,86993
e8ae93dbe.jpg,107669,99821,107903
e8dbb8d28.jpg,61197,57005,61335
e8dbd930d.jpg,38443,32960,38541
e8f556fcb.jpg,28253,23719,28327
e93299972.jpg,63676,58571,63822
e93679f6d.jpg,76742,71822,76912
e9439b864.jpg,72519,69055,72681
e9728b600.jpg,81862,75872,82040
e97cf2ad3.jpg,122346,113880,122604
e98dcb68e.jpg,53110,50922,53232
e9a7dd8f0.jpg,69822,61682,69984
e9cfdbac8.jpg,69093,64829,69247
e9e2b766d.jpg,76053,71806,76223
ea2b77c43.jpg,87100,82202,87294
ea81c8a23.jpg,123632,115327,123898
eabb995de.jpg,53004,50164,53126
eaef6a679.jpg,66320,63809,66474
eaf82362d.jpg,43360,39550,43466
eb3205ebe.jpg,87375,80008,87569
eb5b94cdc.jpg,77487,73450,77657
ebb0d83e8.jpg,42883,40244,42989
ebf7e53a1.jpg,71440,66780,71602
ec170c50b.jpg,65137,61836,65283
ec3c323c3.jpg,71749,67273,71911
ec65ae9ac.jpg,59216,54847,59354
ec6d3d5a4.jpg,31063,26237,31145
ecf81e6a3.jpg,112907,101279,113149
ed0a57221.jpg,23781,19554,23847
ed5cbc002.jpg,76423,72490,76593
edb4bb3ac.jpg,94097,89602,94299
edb9a96c6.jpg,59908,55860,60046
edc072db1.jpg,66450,62153,66604
ee1deff3e.jpg,59218,55043,59356
ee3e3eef6.jpg,58565,54035,58703
ee6738a16.jpg,59540,55208,59678
ee719a740.jpg,61251,57430,61389
eea558c04.jpg,111114,103832,111356
eebca4888.jpg,65135,60426,65281
eec04e7a8.jpg,40754,37059,40852
eefabbd8e.jpg,59629,54786,59767
ef636b5c2.jpg,60495,57879,60633
ef78ecea4.jpg,101693,93801,101911
ef8928055.jpg,42285,39751,42391
ef8959c1c.jpg,76137,71892,76307
eff5057b2.jpg,62540,58411,62686
effa2866c.jpg,90426,82673,90628
f02e405a0.jpg,72367,68203,72529
f03727949.jpg,92441,87573,92643
f03838973.jpg,62775,58152,62921
f06543ef1.jpg,103096,97830,103322
f0a108e91.jpg,61618,58244,61764
f0aa3211d.jpg,63524,59053,63670
f0c4a2ead.jpg,30393,26889,30475
f0d92784c.jpg,65363,61194,65509
f13083b4d.jpg,30972,27615,31054
f144fea2c.jpg,75255,70672,75425
f14ba7a05.jpg,59095,55987,59233
f162579a1.jpg,61410,58620,61556
f169a1d4d.jpg,30506,26049,30588
f1a9b75bc.jpg,37078,32291,37176
f24510720.jpg,63399,59303,63545
f293f6238.jpg,78425,75024,78603
f2a11fc7e.jpg,73554,70919,73716
f2b127ab8.jpg,73347,69554,73509
f2daa33ea.jpg,67509,62921,67663
f358948ed.jpg,61472,56988,61618
f39582e77.jpg,67424,64302,67578
f41261dd5.jpg,40625,36927,40723
f4653c538.jpg,83120,79858,83306
f4b36f4fc.jpg,92580,87430,92782
f51076a80.jpg,54288,51510,54418
f52206a6d.jpg,43545,40179,43651
f5424907d.jpg,71164,65199,71326
f54314324.jpg,87583,79989,87777
f56ca2cb2.jpg,67612,64222,67766
f58455a34.jpg,80674,76463,80852
f59f5e3d0.jpg,36517,31786,36607
f5ec071ad.jpg,105173,96534,105399
f5fb7e219.jpg,32202,27510,32284
f6aeee43c.jpg,67519,64765,67673
f6bfe1d4f.jpg,63214,60013,63360
f6e008b23.jpg,69308,66656,69462
f6eaf713c.jpg,70419,65273,70581
f74e84709.jpg,107163,99137,107397
f7657ae07.jpg,37275,33286,37373
f77385f88.jpg,78230,73974,78408
f77788c23.jpg,45089,42845,45203
f7a2f1a6f.jpg,77118,73209,77288
f7c020891.jpg,59309,55995,59447
f7c15c838.jpg,63162,59709,63308
f7cae76b3.jpg,67600,64659,67754
f7e3fcf8b.jpg,101995,93751,102213
f80a8b091.jpg,59083,54462,59221
f8339e72f.jpg,65672,61959,65826
f859c399c.jpg,56995,53025,57125
f87a3f556.jpg,83332,79437,83518
f8aac5c96.jpg,59515,56866,59653
f8cbed833.jpg,64763,62410,64909
f8f9eb017.jpg,67172,62965,67326
f9805d413.jpg,63954,60376,64100
f98ba09af.jpg,47389,44597,47503
f9be636e1.jpg,78332,70157,78510
f9c96f26c.jpg,66769,63184,66923
f9fb969b4.jpg,55225,50847,55355
fa092f735.jpg,57751,53781,57889
fa36defc8.jpg,79398,75063,79576
fa6e03182.jpg,80504,76544,80682
facf4bea1.jpg,67736,63427,67890
fada39cd3.jpg,91376,86708,91578
fadc3eb1b.jpg,59814,57098,59952
fade6c947.jpg,74655,70013,74825
faf5ea5e1.jpg,70164,66571,70326
fb05dd5a8.jpg,32291,27511,32373
fb6b1796d.jpg,65778,61299,65932
fbedeab76.jpg,65345,61264,65491
fc3b36e99.jpg,61778,58941,61924
fc46f4ec0.jpg,51752,47828,51874
fc48265f4.jpg,67004,63641,67158
fcc156915.jpg,79167,75279,79345
fd31cc8d9.jpg,56380,51845,56510
fd475a3f7.jpg,100399,92813,100617
fd5a78090.jpg,52772,49499,52894
fd8ec9c8f.jpg,101527,93067,101745
fd9876268.jpg,66656,62213,66810
fe86a8ad4.jpg,37969,34223,38067
feb7e1083.jpg,79680,75376,79858
ff3c302e3.jpg,59175,54425,59313
ffa9569bf.jpg,62464,57999,62610
ffd1999b4.jpg,40942,38357,41048
ffd5c101e.jpg,72989,68754,73151
ffec95ea3.jpg,46281,43885,46395
ffecdeb53.jpg,91403,83908,91605
fff67c31a.jpg,57587,53690,57725
