curve,series,knob,knob_value,path,x_name,x,y_name,y,ship_recall,dark_recall,info_preservation,D_tx_MB,MB_offered,E_comm_kJ,E_total_kJ,T_ship_med_h,T_item_med_h,T_item_p90_h,T_item_max_h,relay_fraction_items,label
D_tx_vs_recall,full,link_share,0.0001,direct,D_tx_MB,0.08,ship_recall,0.0886,0.0886,0.6265,0.197,0.08,90.53,0.004,45.644,8.67,8.65,34.41,34.84,0.0,SIM-over-REAL
D_tx_vs_info_preservation,full,link_share,0.0001,direct,D_tx_MB,0.08,info_preservation,0.197,0.0886,0.6265,0.197,0.08,90.53,0.004,45.644,8.67,8.65,34.41,34.84,0.0,SIM-over-REAL
D_tx_vs_recall,full,link_share,0.00025,direct,D_tx_MB,0.21,ship_recall,0.2199,0.2199,0.6265,0.2726,0.21,90.53,0.01,45.65,12.73,12.63,29.97,30.9,0.0,SIM-over-REAL
D_tx_vs_info_preservation,full,link_share,0.00025,direct,D_tx_MB,0.21,info_preservation,0.2726,0.2199,0.6265,0.2726,0.21,90.53,0.01,45.65,12.73,12.63,29.97,30.9,0.0,SIM-over-REAL
D_tx_vs_recall,full,link_share,0.0005,direct,D_tx_MB,0.42,ship_recall,0.4388,0.4388,0.6265,0.3984,0.42,90.53,0.019,45.659,13.76,13.75,22.17,23.94,0.0,SIM-over-REAL
D_tx_vs_info_preservation,full,link_share,0.0005,direct,D_tx_MB,0.42,info_preservation,0.3984,0.4388,0.6265,0.3984,0.42,90.53,0.019,45.659,13.76,13.75,22.17,23.94,0.0,SIM-over-REAL
D_tx_vs_recall,full,link_share,0.001,direct,D_tx_MB,0.84,ship_recall,0.6166,0.6166,0.6265,0.5139,0.84,90.53,0.039,45.679,5.42,5.56,10.14,35.26,0.0,SIM-over-REAL
D_tx_vs_info_preservation,full,link_share,0.001,direct,D_tx_MB,0.84,info_preservation,0.5139,0.6166,0.6265,0.5139,0.84,90.53,0.039,45.679,5.42,5.56,10.14,35.26,0.0,SIM-over-REAL
D_tx_vs_recall,full,link_share,0.0025,direct,D_tx_MB,2.07,ship_recall,0.6166,0.6166,0.6265,0.5538,2.07,90.53,0.095,45.735,4.54,5.5,11.43,35.12,0.0,SIM-over-REAL
D_tx_vs_info_preservation,full,link_share,0.0025,direct,D_tx_MB,2.07,info_preservation,0.5538,0.6166,0.6265,0.5538,2.07,90.53,0.095,45.735,4.54,5.5,11.43,35.12,0.0,SIM-over-REAL
D_tx_vs_recall,full,link_share,0.005,direct,D_tx_MB,3.92,ship_recall,0.6166,0.6166,0.6265,0.608,3.92,90.53,0.176,45.816,4.52,6.02,12.69,34.62,0.0,SIM-over-REAL
D_tx_vs_info_preservation,full,link_share,0.005,direct,D_tx_MB,3.92,info_preservation,0.608,0.6166,0.6265,0.608,3.92,90.53,0.176,45.816,4.52,6.02,12.69,34.62,0.0,SIM-over-REAL
D_tx_vs_recall,full,link_share,0.01,direct,D_tx_MB,7.62,ship_recall,0.6166,0.6166,0.6265,0.6931,7.62,90.53,0.339,45.979,4.51,5.93,11.52,35.1,0.0,SIM-over-REAL
D_tx_vs_info_preservation,full,link_share,0.01,direct,D_tx_MB,7.62,info_preservation,0.6931,0.6166,0.6265,0.6931,7.62,90.53,0.339,45.979,4.51,5.93,11.52,35.1,0.0,SIM-over-REAL
D_tx_vs_recall,full,link_share,0.02,direct,D_tx_MB,15.02,ship_recall,0.6166,0.6166,0.6265,0.7363,15.02,90.53,0.665,46.305,4.5,4.65,9.72,35.13,0.0,SIM-over-REAL
D_tx_vs_info_preservation,full,link_share,0.02,direct,D_tx_MB,15.02,info_preservation,0.7363,0.6166,0.6265,0.7363,15.02,90.53,0.665,46.305,4.5,4.65,9.72,35.13,0.0,SIM-over-REAL
D_tx_vs_recall,full,link_share,0.03,direct,D_tx_MB,22.43,ship_recall,0.6166,0.6166,0.6265,0.7436,22.43,90.53,0.991,46.631,4.5,4.63,9.73,34.97,0.0,SIM-over-REAL
D_tx_vs_info_preservation,full,link_share,0.03,direct,D_tx_MB,22.43,info_preservation,0.7436,0.6166,0.6265,0.7436,22.43,90.53,0.991,46.631,4.5,4.63,9.73,34.97,0.0,SIM-over-REAL
D_tx_vs_recall,full,link_share,0.05,direct,D_tx_MB,37.23,ship_recall,0.6166,0.6166,0.6265,0.7501,37.23,90.53,1.643,47.283,4.5,4.64,9.79,35.14,0.0,SIM-over-REAL
D_tx_vs_info_preservation,full,link_share,0.05,direct,D_tx_MB,37.23,info_preservation,0.7501,0.6166,0.6265,0.7501,37.23,90.53,1.643,47.283,4.5,4.64,9.79,35.14,0.0,SIM-over-REAL
D_tx_vs_recall,full,link_share,0.075,direct,D_tx_MB,55.73,ship_recall,0.6166,0.6166,0.6265,0.755,55.73,90.53,2.458,48.098,4.5,4.67,9.88,35.29,0.0,SIM-over-REAL
D_tx_vs_info_preservation,full,link_share,0.075,direct,D_tx_MB,55.73,info_preservation,0.755,0.6166,0.6265,0.755,55.73,90.53,2.458,48.098,4.5,4.67,9.88,35.29,0.0,SIM-over-REAL
D_tx_vs_recall,full,link_share,0.1,direct,D_tx_MB,74.23,ship_recall,0.6166,0.6166,0.6265,0.7586,74.23,90.53,3.273,48.913,4.5,4.69,9.95,33.67,0.0,SIM-over-REAL
D_tx_vs_info_preservation,full,link_share,0.1,direct,D_tx_MB,74.23,info_preservation,0.7586,0.6166,0.6265,0.7586,74.23,90.53,3.273,48.913,4.5,4.69,9.95,33.67,0.0,SIM-over-REAL
D_tx_vs_recall,full,link_share,0.15,direct,D_tx_MB,90.37,ship_recall,0.6166,0.6166,0.6265,0.7613,90.37,90.53,4.045,49.685,4.5,5.34,12.25,35.18,0.0,SIM-over-REAL
D_tx_vs_info_preservation,full,link_share,0.15,direct,D_tx_MB,90.37,info_preservation,0.7613,0.6166,0.6265,0.7613,90.37,90.53,4.045,49.685,4.5,5.34,12.25,35.18,0.0,SIM-over-REAL
D_tx_vs_recall,full,link_share,0.25,direct,D_tx_MB,90.51,ship_recall,0.6166,0.6166,0.6265,0.7613,90.51,90.53,4.155,49.795,4.5,4.58,9.57,11.57,0.0,SIM-over-REAL
D_tx_vs_info_preservation,full,link_share,0.25,direct,D_tx_MB,90.51,info_preservation,0.7613,0.6166,0.6265,0.7613,90.51,90.53,4.155,49.795,4.5,4.58,9.57,11.57,0.0,SIM-over-REAL
D_tx_vs_recall,fixed_P1,link_share,0.0001,direct,D_tx_MB,0.08,ship_recall,0.0886,0.0886,0.6265,0.1966,0.08,0.62,0.003,45.643,8.67,8.65,34.41,34.84,0.0,SIM-over-REAL
D_tx_vs_info_preservation,fixed_P1,link_share,0.0001,direct,D_tx_MB,0.08,info_preservation,0.1966,0.0886,0.6265,0.1966,0.08,0.62,0.003,45.643,8.67,8.65,34.41,34.84,0.0,SIM-over-REAL
D_tx_vs_recall,fixed_P1,link_share,0.00025,direct,D_tx_MB,0.19,ship_recall,0.2199,0.2199,0.6265,0.2721,0.19,0.62,0.008,45.648,12.73,12.66,29.97,30.9,0.0,SIM-over-REAL
D_tx_vs_info_preservation,fixed_P1,link_share,0.00025,direct,D_tx_MB,0.19,info_preservation,0.2721,0.2199,0.6265,0.2721,0.19,0.62,0.008,45.648,12.73,12.66,29.97,30.9,0.0,SIM-over-REAL
D_tx_vs_recall,fixed_P1,link_share,0.0005,direct,D_tx_MB,0.37,ship_recall,0.4388,0.4388,0.6265,0.3978,0.37,0.62,0.016,45.656,13.76,13.75,22.17,23.94,0.0,SIM-over-REAL
D_tx_vs_info_preservation,fixed_P1,link_share,0.0005,direct,D_tx_MB,0.37,info_preservation,0.3978,0.4388,0.6265,0.3978,0.37,0.62,0.016,45.656,13.76,13.75,22.17,23.94,0.0,SIM-over-REAL
D_tx_vs_recall,fixed_P1,link_share,0.001,direct,D_tx_MB,0.62,ship_recall,0.6166,0.6166,0.6265,0.5,0.62,0.62,0.028,45.668,5.42,6.09,17.44,26.76,0.0,SIM-over-REAL
D_tx_vs_info_preservation,fixed_P1,link_share,0.001,direct,D_tx_MB,0.62,info_preservation,0.5,0.6166,0.6265,0.5,0.62,0.62,0.028,45.668,5.42,6.09,17.44,26.76,0.0,SIM-over-REAL
D_tx_vs_recall,fixed_P1,link_share,0.0025,direct,D_tx_MB,0.62,ship_recall,0.6166,0.6166,0.6265,0.5,0.62,0.62,0.028,45.668,4.54,4.49,9.51,11.53,0.0,SIM-over-REAL
D_tx_vs_info_preservation,fixed_P1,link_share,0.0025,direct,D_tx_MB,0.62,info_preservation,0.5,0.6166,0.6265,0.5,0.62,0.62,0.028,45.668,4.54,4.49,9.51,11.53,0.0,SIM-over-REAL
D_tx_vs_recall,fixed_P1,link_share,0.005,direct,D_tx_MB,0.62,ship_recall,0.6166,0.6166,0.6265,0.5,0.62,0.62,0.028,45.668,4.52,4.47,9.49,11.53,0.0,SIM-over-REAL
D_tx_vs_info_preservation,fixed_P1,link_share,0.005,direct,D_tx_MB,0.62,info_preservation,0.5,0.6166,0.6265,0.5,0.62,0.62,0.028,45.668,4.52,4.47,9.49,11.53,0.0,SIM-over-REAL
D_tx_vs_recall,fixed_P1,link_share,0.01,direct,D_tx_MB,0.62,ship_recall,0.6166,0.6166,0.6265,0.5,0.62,0.62,0.028,45.668,4.51,4.46,9.49,11.53,0.0,SIM-over-REAL
D_tx_vs_info_preservation,fixed_P1,link_share,0.01,direct,D_tx_MB,0.62,info_preservation,0.5,0.6166,0.6265,0.5,0.62,0.62,0.028,45.668,4.51,4.46,9.49,11.53,0.0,SIM-over-REAL
D_tx_vs_recall,fixed_P1,link_share,0.02,direct,D_tx_MB,0.62,ship_recall,0.6166,0.6166,0.6265,0.5,0.62,0.62,0.028,45.668,4.5,4.45,9.49,11.53,0.0,SIM-over-REAL
D_tx_vs_info_preservation,fixed_P1,link_share,0.02,direct,D_tx_MB,0.62,info_preservation,0.5,0.6166,0.6265,0.5,0.62,0.62,0.028,45.668,4.5,4.45,9.49,11.53,0.0,SIM-over-REAL
D_tx_vs_recall,fixed_P1,link_share,0.03,direct,D_tx_MB,0.62,ship_recall,0.6166,0.6166,0.6265,0.5,0.62,0.62,0.028,45.668,4.5,4.45,9.48,11.53,0.0,SIM-over-REAL
D_tx_vs_info_preservation,fixed_P1,link_share,0.03,direct,D_tx_MB,0.62,info_preservation,0.5,0.6166,0.6265,0.5,0.62,0.62,0.028,45.668,4.5,4.45,9.48,11.53,0.0,SIM-over-REAL
D_tx_vs_recall,fixed_P1,link_share,0.05,direct,D_tx_MB,0.62,ship_recall,0.6166,0.6166,0.6265,0.5,0.62,0.62,0.028,45.668,4.5,4.45,9.48,11.53,0.0,SIM-over-REAL
D_tx_vs_info_preservation,fixed_P1,link_share,0.05,direct,D_tx_MB,0.62,info_preservation,0.5,0.6166,0.6265,0.5,0.62,0.62,0.028,45.668,4.5,4.45,9.48,11.53,0.0,SIM-over-REAL
D_tx_vs_recall,fixed_P1,link_share,0.075,direct,D_tx_MB,0.62,ship_recall,0.6166,0.6166,0.6265,0.5,0.62,0.62,0.028,45.668,4.5,4.45,9.48,11.53,0.0,SIM-over-REAL
D_tx_vs_info_preservation,fixed_P1,link_share,0.075,direct,D_tx_MB,0.62,info_preservation,0.5,0.6166,0.6265,0.5,0.62,0.62,0.028,45.668,4.5,4.45,9.48,11.53,0.0,SIM-over-REAL
D_tx_vs_recall,fixed_P1,link_share,0.1,direct,D_tx_MB,0.62,ship_recall,0.6166,0.6166,0.6265,0.5,0.62,0.62,0.028,45.668,4.5,4.45,9.48,11.53,0.0,SIM-over-REAL
D_tx_vs_info_preservation,fixed_P1,link_share,0.1,direct,D_tx_MB,0.62,info_preservation,0.5,0.6166,0.6265,0.5,0.62,0.62,0.028,45.668,4.5,4.45,9.48,11.53,0.0,SIM-over-REAL
D_tx_vs_recall,fixed_P1,link_share,0.15,direct,D_tx_MB,0.62,ship_recall,0.6166,0.6166,0.6265,0.5,0.62,0.62,0.028,45.668,4.5,4.45,9.48,11.53,0.0,SIM-over-REAL
D_tx_vs_info_preservation,fixed_P1,link_share,0.15,direct,D_tx_MB,0.62,info_preservation,0.5,0.6166,0.6265,0.5,0.62,0.62,0.028,45.668,4.5,4.45,9.48,11.53,0.0,SIM-over-REAL
D_tx_vs_recall,fixed_P1,link_share,0.25,direct,D_tx_MB,0.62,ship_recall,0.6166,0.6166,0.6265,0.5,0.62,0.62,0.028,45.668,4.5,4.45,9.48,11.53,0.0,SIM-over-REAL
D_tx_vs_info_preservation,fixed_P1,link_share,0.25,direct,D_tx_MB,0.62,info_preservation,0.5,0.6166,0.6265,0.5,0.62,0.62,0.028,45.668,4.5,4.45,9.48,11.53,0.0,SIM-over-REAL
D_tx_vs_recall,fixed_P2,link_share,0.0001,direct,D_tx_MB,0.08,ship_recall,0.0886,0.0886,0.6265,0.1969,0.08,19.82,0.004,45.644,8.67,8.63,34.41,34.84,0.0,SIM-over-REAL
D_tx_vs_info_preservation,fixed_P2,link_share,0.0001,direct,D_tx_MB,0.08,info_preservation,0.1969,0.0886,0.6265,0.1969,0.08,19.82,0.004,45.644,8.67,8.63,34.41,34.84,0.0,SIM-over-REAL
D_tx_vs_recall,fixed_P2,link_share,0.00025,direct,D_tx_MB,0.21,ship_recall,0.2199,0.2199,0.6265,0.2725,0.21,19.82,0.01,45.65,12.73,12.56,29.97,30.9,0.0,SIM-over-REAL
D_tx_vs_info_preservation,fixed_P2,link_share,0.00025,direct,D_tx_MB,0.21,info_preservation,0.2725,0.2199,0.6265,0.2725,0.21,19.82,0.01,45.65,12.73,12.56,29.97,30.9,0.0,SIM-over-REAL
D_tx_vs_recall,fixed_P2,link_share,0.0005,direct,D_tx_MB,0.42,ship_recall,0.4388,0.4388,0.6265,0.3985,0.42,19.82,0.019,45.659,13.76,13.73,22.17,23.94,0.0,SIM-over-REAL
D_tx_vs_info_preservation,fixed_P2,link_share,0.0005,direct,D_tx_MB,0.42,info_preservation,0.3985,0.4388,0.6265,0.3985,0.42,19.82,0.019,45.659,13.76,13.73,22.17,23.94,0.0,SIM-over-REAL
D_tx_vs_recall,fixed_P2,link_share,0.001,direct,D_tx_MB,0.79,ship_recall,0.6166,0.6166,0.6265,0.5101,0.79,19.82,0.035,45.675,5.42,5.55,10.14,35.25,0.0,SIM-over-REAL
D_tx_vs_info_preservation,fixed_P2,link_share,0.001,direct,D_tx_MB,0.79,info_preservation,0.5101,0.6166,0.6265,0.5101,0.79,19.82,0.035,45.675,5.42,5.55,10.14,35.25,0.0,SIM-over-REAL
D_tx_vs_recall,fixed_P2,link_share,0.0025,direct,D_tx_MB,1.9,ship_recall,0.6166,0.6166,0.6265,0.5477,1.9,19.82,0.084,45.724,4.54,5.52,11.46,35.24,0.0,SIM-over-REAL
D_tx_vs_info_preservation,fixed_P2,link_share,0.0025,direct,D_tx_MB,1.9,info_preservation,0.5477,0.6166,0.6265,0.5477,1.9,19.82,0.084,45.724,4.54,5.52,11.46,35.24,0.0,SIM-over-REAL
D_tx_vs_recall,fixed_P2,link_share,0.005,direct,D_tx_MB,3.75,ship_recall,0.6166,0.6166,0.6265,0.5972,3.75,19.82,0.166,45.806,4.52,6.15,14.32,33.54,0.0,SIM-over-REAL
D_tx_vs_info_preservation,fixed_P2,link_share,0.005,direct,D_tx_MB,3.75,info_preservation,0.5972,0.6166,0.6265,0.5972,3.75,19.82,0.166,45.806,4.52,6.15,14.32,33.54,0.0,SIM-over-REAL
D_tx_vs_recall,fixed_P2,link_share,0.01,direct,D_tx_MB,7.45,ship_recall,0.6166,0.6166,0.6265,0.6648,7.45,19.82,0.329,45.969,4.51,6.79,15.35,34.16,0.0,SIM-over-REAL
D_tx_vs_info_preservation,fixed_P2,link_share,0.01,direct,D_tx_MB,7.45,info_preservation,0.6648,0.6166,0.6265,0.6648,7.45,19.82,0.329,45.969,4.51,6.79,15.35,34.16,0.0,SIM-over-REAL
D_tx_vs_recall,fixed_P2,link_share,0.02,direct,D_tx_MB,14.85,ship_recall,0.6166,0.6166,0.6265,0.7559,14.85,19.82,0.655,46.295,4.5,6.83,14.35,35.13,0.0,SIM-over-REAL
D_tx_vs_info_preservation,fixed_P2,link_share,0.02,direct,D_tx_MB,14.85,info_preservation,0.7559,0.6166,0.6265,0.7559,14.85,19.82,0.655,46.295,4.5,6.83,14.35,35.13,0.0,SIM-over-REAL
D_tx_vs_recall,fixed_P2,link_share,0.03,direct,D_tx_MB,19.81,ship_recall,0.6166,0.6166,0.6265,0.8,19.81,19.82,0.88,46.52,4.5,6.51,14.04,35.22,0.0,SIM-over-REAL
D_tx_vs_info_preservation,fixed_P2,link_share,0.03,direct,D_tx_MB,19.81,info_preservation,0.8,0.6166,0.6265,0.8,19.81,19.82,0.88,46.52,4.5,6.51,14.04,35.22,0.0,SIM-over-REAL
D_tx_vs_recall,fixed_P2,link_share,0.05,direct,D_tx_MB,19.82,ship_recall,0.6166,0.6166,0.6265,0.8,19.82,19.82,0.894,46.534,4.5,4.59,9.57,11.59,0.0,SIM-over-REAL
D_tx_vs_info_preservation,fixed_P2,link_share,0.05,direct,D_tx_MB,19.82,info_preservation,0.8,0.6166,0.6265,0.8,19.82,19.82,0.894,46.534,4.5,4.59,9.57,11.59,0.0,SIM-over-REAL
D_tx_vs_recall,fixed_P2,link_share,0.075,direct,D_tx_MB,19.82,ship_recall,0.6166,0.6166,0.6265,0.8,19.82,19.82,0.903,46.543,4.5,4.5,9.49,11.55,0.0,SIM-over-REAL
D_tx_vs_info_preservation,fixed_P2,link_share,0.075,direct,D_tx_MB,19.82,info_preservation,0.8,0.6166,0.6265,0.8,19.82,19.82,0.903,46.543,4.5,4.5,9.49,11.55,0.0,SIM-over-REAL
D_tx_vs_recall,fixed_P2,link_share,0.1,direct,D_tx_MB,19.82,ship_recall,0.6166,0.6166,0.6265,0.8,19.82,19.82,0.903,46.543,4.5,4.49,9.48,11.53,0.0,SIM-over-REAL
D_tx_vs_info_preservation,fixed_P2,link_share,0.1,direct,D_tx_MB,19.82,info_preservation,0.8,0.6166,0.6265,0.8,19.82,19.82,0.903,46.543,4.5,4.49,9.48,11.53,0.0,SIM-over-REAL
D_tx_vs_recall,fixed_P2,link_share,0.15,direct,D_tx_MB,19.82,ship_recall,0.6166,0.6166,0.6265,0.8,19.82,19.82,0.903,46.543,4.5,4.49,9.48,11.53,0.0,SIM-over-REAL
D_tx_vs_info_preservation,fixed_P2,link_share,0.15,direct,D_tx_MB,19.82,info_preservation,0.8,0.6166,0.6265,0.8,19.82,19.82,0.903,46.543,4.5,4.49,9.48,11.53,0.0,SIM-over-REAL
D_tx_vs_recall,fixed_P2,link_share,0.25,direct,D_tx_MB,19.82,ship_recall,0.6166,0.6166,0.6265,0.8,19.82,19.82,0.903,46.543,4.5,4.49,9.48,11.53,0.0,SIM-over-REAL
D_tx_vs_info_preservation,fixed_P2,link_share,0.25,direct,D_tx_MB,19.82,info_preservation,0.8,0.6166,0.6265,0.8,19.82,19.82,0.903,46.543,4.5,4.49,9.48,11.53,0.0,SIM-over-REAL
D_tx_vs_recall,fixed_P3,link_share,0.0001,direct,D_tx_MB,0.08,ship_recall,0.0886,0.0886,0.6265,0.197,0.08,166.59,0.004,45.644,8.67,8.64,34.41,34.84,0.0,SIM-over-REAL
D_tx_vs_info_preservation,fixed_P3,link_share,0.0001,direct,D_tx_MB,0.08,info_preservation,0.197,0.0886,0.6265,0.197,0.08,166.59,0.004,45.644,8.67,8.64,34.41,34.84,0.0,SIM-over-REAL
D_tx_vs_recall,fixed_P3,link_share,0.00025,direct,D_tx_MB,0.21,ship_recall,0.2199,0.2199,0.6265,0.2726,0.21,166.59,0.01,45.65,12.73,12.56,29.97,30.9,0.0,SIM-over-REAL
D_tx_vs_info_preservation,fixed_P3,link_share,0.00025,direct,D_tx_MB,0.21,info_preservation,0.2726,0.2199,0.6265,0.2726,0.21,166.59,0.01,45.65,12.73,12.56,29.97,30.9,0.0,SIM-over-REAL
D_tx_vs_recall,fixed_P3,link_share,0.0005,direct,D_tx_MB,0.42,ship_recall,0.4388,0.4388,0.6265,0.3986,0.42,166.59,0.019,45.659,13.76,13.73,22.17,23.94,0.0,SIM-over-REAL
D_tx_vs_info_preservation,fixed_P3,link_share,0.0005,direct,D_tx_MB,0.42,info_preservation,0.3986,0.4388,0.6265,0.3986,0.42,166.59,0.019,45.659,13.76,13.73,22.17,23.94,0.0,SIM-over-REAL
D_tx_vs_recall,fixed_P3,link_share,0.001,direct,D_tx_MB,0.84,ship_recall,0.6166,0.6166,0.6265,0.5146,0.84,166.59,0.039,45.679,5.42,5.55,10.14,35.27,0.0,SIM-over-REAL
D_tx_vs_info_preservation,fixed_P3,link_share,0.001,direct,D_tx_MB,0.84,info_preservation,0.5146,0.6166,0.6265,0.5146,0.84,166.59,0.039,45.679,5.42,5.55,10.14,35.27,0.0,SIM-over-REAL
D_tx_vs_recall,fixed_P3,link_share,0.0025,direct,D_tx_MB,2.1,ship_recall,0.6166,0.6166,0.6265,0.5538,2.1,166.59,0.097,45.736,4.54,5.51,11.46,35.19,0.0,SIM-over-REAL
D_tx_vs_info_preservation,fixed_P3,link_share,0.0025,direct,D_tx_MB,2.1,info_preservation,0.5538,0.6166,0.6265,0.5538,2.1,166.59,0.097,45.736,4.54,5.51,11.46,35.19,0.0,SIM-over-REAL
D_tx_vs_recall,fixed_P3,link_share,0.005,direct,D_tx_MB,4.14,ship_recall,0.6166,0.6166,0.6265,0.6006,4.14,166.59,0.189,45.829,4.52,6.18,14.51,33.56,0.0,SIM-over-REAL
D_tx_vs_info_preservation,fixed_P3,link_share,0.005,direct,D_tx_MB,4.14,info_preservation,0.6006,0.6166,0.6265,0.6006,4.14,166.59,0.189,45.829,4.52,6.18,14.51,33.56,0.0,SIM-over-REAL
D_tx_vs_recall,fixed_P3,link_share,0.01,direct,D_tx_MB,7.84,ship_recall,0.6166,0.6166,0.6265,0.6612,7.84,166.59,0.352,45.992,4.51,6.86,15.96,34.38,0.0,SIM-over-REAL
D_tx_vs_info_preservation,fixed_P3,link_share,0.01,direct,D_tx_MB,7.84,info_preservation,0.6612,0.6166,0.6265,0.6612,7.84,166.59,0.352,45.992,4.51,6.86,15.96,34.38,0.0,SIM-over-REAL
D_tx_vs_recall,fixed_P3,link_share,0.02,direct,D_tx_MB,15.24,ship_recall,0.6166,0.6166,0.6265,0.7485,15.24,166.59,0.678,46.318,4.5,7.12,15.65,34.47,0.0,SIM-over-REAL
D_tx_vs_info_preservation,fixed_P3,link_share,0.02,direct,D_tx_MB,15.24,info_preservation,0.7485,0.6166,0.6265,0.7485,15.24,166.59,0.678,46.318,4.5,7.12,15.65,34.47,0.0,SIM-over-REAL
D_tx_vs_recall,fixed_P3,link_share,0.03,direct,D_tx_MB,22.64,ship_recall,0.6166,0.6166,0.6265,0.8231,22.64,166.59,1.004,46.644,4.5,6.92,13.96,35.22,0.0,SIM-over-REAL
D_tx_vs_info_preservation,fixed_P3,link_share,0.03,direct,D_tx_MB,22.64,info_preservation,0.8231,0.6166,0.6265,0.8231,22.64,166.59,1.004,46.644,4.5,6.92,13.96,35.22,0.0,SIM-over-REAL
D_tx_vs_recall,fixed_P3,link_share,0.05,direct,D_tx_MB,37.45,ship_recall,0.6166,0.6166,0.6265,0.9043,37.45,166.59,1.656,47.296,4.5,5.8,11.57,35.2,0.0,SIM-over-REAL
D_tx_vs_info_preservation,fixed_P3,link_share,0.05,direct,D_tx_MB,37.45,info_preservation,0.9043,0.6166,0.6265,0.9043,37.45,166.59,1.656,47.296,4.5,5.8,11.57,35.2,0.0,SIM-over-REAL
D_tx_vs_recall,fixed_P3,link_share,0.075,direct,D_tx_MB,55.95,ship_recall,0.6166,0.6166,0.6265,0.9455,55.95,166.59,2.471,48.111,4.5,5.51,11.34,35.26,0.0,SIM-over-REAL
D_tx_vs_info_preservation,fixed_P3,link_share,0.075,direct,D_tx_MB,55.95,info_preservation,0.9455,0.6166,0.6265,0.9455,55.95,166.59,2.471,48.111,4.5,5.51,11.34,35.26,0.0,SIM-over-REAL
D_tx_vs_recall,fixed_P3,link_share,0.1,direct,D_tx_MB,74.45,ship_recall,0.6166,0.6166,0.6265,0.9666,74.45,166.59,3.286,48.926,4.5,5.38,11.08,35.18,0.0,SIM-over-REAL
D_tx_vs_info_preservation,fixed_P3,link_share,0.1,direct,D_tx_MB,74.45,info_preservation,0.9666,0.6166,0.6265,0.9666,74.45,166.59,3.286,48.926,4.5,5.38,11.08,35.18,0.0,SIM-over-REAL
D_tx_vs_recall,fixed_P3,link_share,0.15,direct,D_tx_MB,111.46,ship_recall,0.6166,0.6166,0.6265,0.9882,111.46,166.59,4.916,50.556,4.5,5.13,10.54,35.23,0.0,SIM-over-REAL
D_tx_vs_info_preservation,fixed_P3,link_share,0.15,direct,D_tx_MB,111.46,info_preservation,0.9882,0.6166,0.6265,0.9882,111.46,166.59,4.916,50.556,4.5,5.13,10.54,35.23,0.0,SIM-over-REAL
D_tx_vs_recall,fixed_P3,link_share,0.25,direct,D_tx_MB,166.42,ship_recall,0.6166,0.6166,0.6265,1.0,166.42,166.59,7.392,53.032,4.5,5.12,11.18,35.23,0.0,SIM-over-REAL
D_tx_vs_info_preservation,fixed_P3,link_share,0.25,direct,D_tx_MB,166.42,info_preservation,1.0,0.6166,0.6265,1.0,166.42,166.59,7.392,53.032,4.5,5.12,11.18,35.23,0.0,SIM-over-REAL
D_tx_vs_recall,full,p1_conf,0.25,direct,D_tx_MB,87.01,ship_recall,0.6166,0.6166,0.6265,0.6758,87.01,87.02,4.005,49.645,4.5,4.57,9.58,11.57,0.0,SIM-over-REAL
D_tx_vs_info_preservation,full,p1_conf,0.25,direct,D_tx_MB,87.01,info_preservation,0.6758,0.6166,0.6265,0.6758,87.01,87.02,4.005,49.645,4.5,4.57,9.58,11.57,0.0,SIM-over-REAL
D_tx_vs_recall,full,p1_conf,0.4,direct,D_tx_MB,87.94,ship_recall,0.6166,0.6166,0.6265,0.7049,87.94,88.02,4.045,49.685,4.5,4.57,9.57,11.57,0.0,SIM-over-REAL
D_tx_vs_info_preservation,full,p1_conf,0.4,direct,D_tx_MB,87.94,info_preservation,0.7049,0.6166,0.6265,0.7049,87.94,88.02,4.045,49.685,4.5,4.57,9.57,11.57,0.0,SIM-over-REAL
D_tx_vs_recall,full,p1_conf,0.55,direct,D_tx_MB,89.18,ship_recall,0.6166,0.6166,0.6265,0.7343,89.18,89.18,4.098,49.738,4.5,4.59,9.57,11.57,0.0,SIM-over-REAL
D_tx_vs_info_preservation,full,p1_conf,0.55,direct,D_tx_MB,89.18,info_preservation,0.7343,0.6166,0.6265,0.7343,89.18,89.18,4.098,49.738,4.5,4.59,9.57,11.57,0.0,SIM-over-REAL
D_tx_vs_recall,full,p1_conf,0.67,direct,D_tx_MB,90.51,ship_recall,0.6166,0.6166,0.6265,0.7613,90.51,90.53,4.155,49.795,4.5,4.58,9.57,11.57,0.0,SIM-over-REAL
D_tx_vs_info_preservation,full,p1_conf,0.67,direct,D_tx_MB,90.51,info_preservation,0.7613,0.6166,0.6265,0.7613,90.51,90.53,4.155,49.795,4.5,4.58,9.57,11.57,0.0,SIM-over-REAL
D_tx_vs_recall,full,p1_conf,0.8,direct,D_tx_MB,93.6,ship_recall,0.6166,0.6166,0.6265,0.8004,93.6,93.63,4.286,49.926,4.5,4.57,9.57,11.58,0.0,SIM-over-REAL
D_tx_vs_info_preservation,full,p1_conf,0.8,direct,D_tx_MB,93.6,info_preservation,0.8004,0.6166,0.6265,0.8004,93.6,93.63,4.286,49.926,4.5,4.57,9.57,11.58,0.0,SIM-over-REAL
D_tx_vs_recall,full,p1_conf,0.9,direct,D_tx_MB,102.49,ship_recall,0.6166,0.6166,0.6265,0.8717,102.49,102.54,4.663,50.303,4.5,4.57,9.56,11.59,0.0,SIM-over-REAL
D_tx_vs_info_preservation,full,p1_conf,0.9,direct,D_tx_MB,102.49,info_preservation,0.8717,0.6166,0.6265,0.8717,102.49,102.54,4.663,50.303,4.5,4.57,9.56,11.59,0.0,SIM-over-REAL
D_tx_vs_recall,full,p1_conf,1.01,direct,D_tx_MB,106.54,ship_recall,0.6166,0.6166,0.6265,0.8944,106.54,106.54,4.838,50.478,4.5,4.56,9.56,11.59,0.0,SIM-over-REAL
D_tx_vs_info_preservation,full,p1_conf,1.01,direct,D_tx_MB,106.54,info_preservation,0.8944,0.6166,0.6265,0.8944,106.54,106.54,4.838,50.478,4.5,4.56,9.56,11.59,0.0,SIM-over-REAL
D_tx_vs_recall,full,det_thr,0.05,direct,D_tx_MB,105.67,ship_recall,0.7325,0.7325,0.7415,0.7836,105.67,105.74,4.792,50.432,4.5,4.75,9.75,11.64,0.0,SIM-over-REAL
D_tx_vs_recall,full,det_thr,0.1,direct,D_tx_MB,101.66,ship_recall,0.7003,0.7003,0.7129,0.7786,101.66,101.68,4.629,50.269,4.5,4.75,9.77,11.64,0.0,SIM-over-REAL
D_tx_vs_recall,full,det_thr,0.15,direct,D_tx_MB,97.43,ship_recall,0.6729,0.6729,0.6807,0.7727,97.43,97.47,4.459,50.099,4.52,4.76,9.76,11.63,0.0,SIM-over-REAL
D_tx_vs_recall,full,det_thr,0.25,direct,D_tx_MB,90.51,ship_recall,0.6166,0.6166,0.6265,0.7613,90.51,90.53,4.155,49.795,4.5,4.58,9.57,11.57,0.0,SIM-over-REAL
D_tx_vs_recall,full,det_thr,0.35,direct,D_tx_MB,85.31,ship_recall,0.5659,0.5659,0.575,0.7491,85.31,85.34,3.92,49.56,4.5,4.6,9.58,11.57,0.0,SIM-over-REAL
D_tx_vs_recall,full,det_thr,0.5,direct,D_tx_MB,76.0,ship_recall,0.4767,0.4767,0.4801,0.7212,76.0,76.0,3.497,49.137,4.47,4.47,9.48,11.56,0.0,SIM-over-REAL
D_tx_vs_recall,full,det_thr,0.67,direct,D_tx_MB,65.25,ship_recall,0.374,0.374,0.3754,0.6732,65.25,65.25,2.998,48.639,4.46,4.47,9.46,11.55,0.0,SIM-over-REAL
D_tx_vs_recall,full,det_thr,0.8,direct,D_tx_MB,52.0,ship_recall,0.2619,0.2619,0.2557,0.6668,52.0,52.0,2.378,48.019,4.51,4.49,9.48,11.53,0.0,SIM-over-REAL
E_total_vs_T_total,full,path,direct,direct,T_item_med_h,4.58,E_total_kJ,49.795,0.6166,0.6265,0.7613,90.51,90.53,4.155,49.795,4.5,4.58,9.57,11.57,0.0,SIM-over-REAL
E_total_vs_T_total,full,path,relay,relay,T_item_med_h,1.98,E_total_kJ,51.82,0.6166,0.6265,0.7613,90.53,90.53,6.18,51.82,1.94,1.98,4.36,5.86,0.438,SIM-over-REAL
E_total_vs_T_total,fixed_P1,path,direct,direct,T_item_med_h,4.45,E_total_kJ,45.668,0.6166,0.6265,0.5,0.62,0.62,0.028,45.668,4.5,4.45,9.48,11.53,0.0,SIM-over-REAL
E_total_vs_T_total,fixed_P1,path,relay,relay,T_item_med_h,1.81,E_total_kJ,45.684,0.6166,0.6265,0.5,0.62,0.62,0.044,45.684,1.8,1.81,4.34,5.81,0.4358,SIM-over-REAL
E_total_vs_T_total,fixed_P2,path,direct,direct,T_item_med_h,4.49,E_total_kJ,46.543,0.6166,0.6265,0.8,19.82,19.82,0.903,46.543,4.5,4.49,9.48,11.53,0.0,SIM-over-REAL
E_total_vs_T_total,fixed_P2,path,relay,relay,T_item_med_h,1.81,E_total_kJ,47.044,0.6166,0.6265,0.8,19.82,19.82,1.404,47.044,1.8,1.81,4.34,5.82,0.438,SIM-over-REAL
E_total_vs_T_total,fixed_P3,path,direct,direct,T_item_med_h,5.12,E_total_kJ,53.032,0.6166,0.6265,1.0,166.42,166.59,7.392,53.032,4.5,5.12,11.18,35.23,0.0,SIM-over-REAL
E_total_vs_T_total,fixed_P3,path,relay,relay,T_item_med_h,2.17,E_total_kJ,56.816,0.6166,0.6265,1.0,166.53,166.59,11.176,56.816,2.12,2.17,4.41,6.15,0.444,SIM-over-REAL
E_total_vs_T_total,full,lam_E_per_J,0.1,relay,T_item_med_h,1.98,E_total_kJ,51.82,0.6166,0.6265,0.7613,90.53,90.53,6.18,51.82,1.94,1.98,4.36,5.86,0.438,SIM-over-REAL
E_total_vs_T_total,full,lam_E_per_J,1.0,relay,T_item_med_h,1.88,E_total_kJ,51.478,0.6166,0.6265,0.7613,90.53,90.53,5.838,51.478,1.81,1.88,4.38,7.24,0.4359,SIM-over-REAL
E_total_vs_T_total,full,lam_E_per_J,10.0,relay,T_item_med_h,1.89,E_total_kJ,50.053,0.6166,0.6265,0.7613,90.49,90.53,4.413,50.053,1.8,1.89,4.57,11.55,0.4153,SIM-over-REAL
E_total_vs_T_total,full,lam_E_per_J,100.0,relay,T_item_med_h,2.08,E_total_kJ,49.894,0.6166,0.6265,0.7613,90.53,90.53,4.254,49.894,1.8,2.08,5.13,11.55,0.3698,SIM-over-REAL
