policy,scale,rise_h,capacity_MB,queue_items,queue_MB,greedy,optimum,bound,gap,buckets,bucket_bytes,resolution,valid,tiles,rep
Value-greedy (ours),operational,0.09089067972222223,24.870337162528504,82,0.3845495182400377,44.57,44.57,44.56999999999989,0.0,4000,6217.584290632126,0.006433366743458061,True,20000,0
Value-greedy (ours),small,0.09089067972222223,5.9523627374402235,25,0.0920364773550933,12.17,12.17,12.169999999999996,0.0,297618,20.0,2.0,True,20000,0
Value-greedy (ours),operational,11.60635736611111,60.079759210938946,10892,42.17409561947071,5221.02,5221.02,5221.020000001507,0.0,4000,15019.939802734736,0.002663126518837116,True,20000,0
Value-greedy (ours),small,11.60635736611111,0.22189714822564138,25,0.15576479782648936,20.14,20.14,20.140000000000022,0.0,11094,20.0,2.0,True,20000,0
Value-greedy (ours),operational,13.210484531111112,8.577590168261082,1442,5.833059799151155,628.69,628.69,628.6899999999912,0.0,4000,2144.3975420652705,0.018653257717072356,True,20000,0
Value-greedy (ours),small,13.210484531111112,0.12631854495291167,25,0.08590100622649259,9.16,9.16,9.159999999999997,0.0,6315,20.0,2.0,True,20000,0
Value-greedy (ours),operational,22.197338734166667,29.981995484358475,8507,32.68980635906704,3855.12,3855.12,3855.120000001203,0.0,3999,7495.498871089619,0.005336536058231066,True,20000,0
Value-greedy (ours),small,22.197338734166667,0.02565317809547688,25,0.02797003371150841,12.14,12.14,12.169999999999996,0.0,1282,20.0,2.0,True,20000,0
Value-greedy (ours),operational,23.749109346666668,38.801440841933804,1704,7.804761650746527,700.24,700.24,700.2399999999916,0.0,4000,9700.36021048345,0.00412355821145393,True,20000,0
Value-greedy (ours),small,23.749109346666668,0.516233377680672,25,0.10383837253288593,23.12,23.120000000000008,23.12000000000002,3.073281729066176e-16,25811,20.0,2.0,True,20000,0
Value-greedy (ours),operational,35.282123580833336,47.590179273542404,289,1.4826773981325625,154.64,154.6400000000001,154.6399999999985,7.351709630213137e-16,4000,11897.5448183856,0.003362038186079107,True,20000,0
Value-greedy (ours),small,35.282123580833336,5.704909651086736,25,0.17773710305725038,12.14,12.14,12.139999999999997,0.0,285245,20.0,2.0,True,20000,0
FIFO,operational,0.09089067972222223,24.870337162528504,82,0.3845495182400377,44.57,44.57,44.56999999999989,0.0,4000,6217.584290632126,0.006433366743458061,True,20000,0
FIFO,small,0.09089067972222223,5.9523627374402235,25,0.0920364773550933,12.17,12.17,12.169999999999996,0.0,297618,20.0,2.0,True,20000,0
FIFO,operational,11.60635736611111,60.079759210938946,10892,42.17409561947071,5221.02,5221.02,5221.020000001507,0.0,4000,15019.939802734736,0.002663126518837116,True,20000,0
FIFO,small,11.60635736611111,0.22189714822564138,25,0.15576479782648936,20.14,20.14,20.140000000000022,0.0,11094,20.0,2.0,True,20000,0
FIFO,operational,13.210484531111112,8.577590168261082,1442,5.833059799151155,628.69,628.69,628.6899999999912,0.0,4000,2144.3975420652705,0.018653257717072356,True,20000,0
FIFO,small,13.210484531111112,0.12631854495291167,25,0.08590100622649259,9.16,9.16,9.159999999999997,0.0,6315,20.0,2.0,True,20000,0
FIFO,operational,22.197338734166667,29.981995484358475,8507,32.68980635906704,3607.8,3745.6987493753895,3855.120000001203,0.036815226904829045,3999,7495.498871089619,0.005336536058231066,True,20000,0
FIFO,small,22.197338734166667,0.02565317809547688,25,0.02797003371150841,12.14,12.14,12.169999999999996,0.0,1282,20.0,2.0,True,20000,0
FIFO,operational,23.749109346666668,38.801440841933804,2108,7.873957780181021,947.56,947.56,947.5599999999877,0.0,4000,9700.36021048345,0.00412355821145393,True,20000,0
FIFO,small,23.749109346666668,0.43347602583136596,25,0.08796508201901933,8.17,8.17,8.169999999999996,0.0,21673,20.0,2.0,True,20000,0
FIFO,operational,35.282123580833336,47.590179273542404,289,1.4826773981325625,154.64,154.6400000000001,154.6399999999985,7.351709630213137e-16,4000,11897.5448183856,0.003362038186079107,True,20000,0
FIFO,small,35.282123580833336,5.704909651086736,25,0.17773710305725038,12.14,12.14,12.139999999999997,0.0,285245,20.0,2.0,True,20000,0
Value-greedy (ours),operational,0.09089067972222223,24.870337162528504,91,0.167138404651816,28.7,28.700000000000028,28.70000000000011,9.903034644740062e-16,4000,6217.584290632126,0.006433366743458061,True,20000,1
Value-greedy (ours),small,0.09089067972222223,3.1174424641799248,25,0.02095043411160114,5.19,5.19,5.189999999999996,0.0,155872,20.0,2.0,True,20000,1
Value-greedy (ours),operational,11.60635736611111,60.079759210938946,10798,39.801439824990986,5051.18,5051.18,5051.18000000151,0.0,4000,15019.939802734736,0.002663126518837116,True,20000,1
Value-greedy (ours),small,11.60635736611111,0.2731492346965093,25,0.180955,10.18,10.18,10.179999999999996,0.0,13657,20.0,2.0,True,20000,1
Value-greedy (ours),operational,13.210484531111112,8.577590168261082,1444,5.363068404795381,677.48,677.48,677.4799999999914,0.0,4000,2144.3975420652705,0.018653257717072356,True,20000,1
Value-greedy (ours),small,13.210484531111112,0.23735280672572975,25,0.14840290962494496,11.18,11.18,11.179999999999996,0.0,11867,20.0,2.0,True,20000,1
Value-greedy (ours),operational,22.197338734166667,29.981995484358475,8748,33.49487616201977,4348.22,4348.22,4348.2200000011835,0.0,3999,7495.498871089619,0.005336536058231066,True,20000,1
Value-greedy (ours),small,22.197338734166667,0.09067047257921473,25,0.101294,5.102489075499431,5.122072184070836,5.179999999999996,0.003823278522373569,4533,20.0,2.0,True,20000,1
Value-greedy (ours),operational,23.749109346666668,38.801440841933804,1856,8.773791029767635,657.1,657.1,657.0999999999917,0.0,4000,9700.36021048345,0.00412355821145393,True,20000,1
Value-greedy (ours),small,23.749109346666668,0.5309509372012252,25,0.12005875217469524,5.18,5.18,5.179999999999996,0.0,26547,20.0,2.0,True,20000,1
Value-greedy (ours),operational,35.282123580833336,47.590179273542404,269,1.129867840800791,144.58,144.58000000000018,144.57999999999856,1.1794871806779903e-15,4000,11897.5448183856,0.003362038186079107,True,20000,1
Value-greedy (ours),small,35.282123580833336,3.6176928119862226,25,0.08588987956243853,29.11,29.110000000000014,29.110000000000017,4.881777641773273e-16,180884,20.0,2.0,True,20000,1
FIFO,operational,0.09089067972222223,24.870337162528504,91,0.167138404651816,28.7,28.700000000000028,28.70000000000011,9.903034644740062e-16,4000,6217.584290632126,0.006433366743458061,True,20000,1
FIFO,small,0.09089067972222223,3.1174424641799248,25,0.02095043411160114,5.19,5.19,5.189999999999996,0.0,155872,20.0,2.0,True,20000,1
FIFO,operational,11.60635736611111,60.079759210938946,10798,39.801439824990986,5051.18,5051.18,5051.18000000151,0.0,4000,15019.939802734736,0.002663126518837116,True,20000,1
FIFO,small,11.60635736611111,0.2731492346965093,25,0.180955,10.18,10.18,10.179999999999996,0.0,13657,20.0,2.0,True,20000,1
FIFO,operational,13.210484531111112,8.577590168261082,1444,5.363068404795381,677.48,677.48,677.4799999999914,0.0,4000,2144.3975420652705,0.018653257717072356,True,20000,1
FIFO,small,13.210484531111112,0.23735280672572975,25,0.14840290962494496,11.18,11.18,11.179999999999996,0.0,11867,20.0,2.0,True,20000,1
FIFO,operational,22.197338734166667,29.981995484358475,8748,33.49487616201977,3739.08,4195.735088993312,4348.2200000011835,0.10883792215367871,3999,7495.498871089619,0.005336536058231066,True,20000,1
FIFO,small,22.197338734166667,0.09067047257921473,25,0.101294,4.14,5.122072184070836,5.179999999999996,0.19173337445828834,4533,20.0,2.0,True,20000,1
FIFO,operational,23.749109346666668,38.801440841933804,2526,8.79326580080542,1266.24,1266.24,1266.2399999999861,0.0,4000,9700.36021048345,0.00412355821145393,True,20000,1
FIFO,small,23.749109346666668,0.07354030344243083,25,0.016665861401268304,16.12,16.12,16.12000000000002,0.0,3677,20.0,2.0,True,20000,1
FIFO,operational,35.282123580833336,47.590179273542404,269,1.129867840800791,144.58,144.58000000000018,144.57999999999856,1.1794871806779903e-15,4000,11897.5448183856,0.003362038186079107,True,20000,1
FIFO,small,35.282123580833336,3.6176928119862226,25,0.08588987956243853,29.11,29.110000000000014,29.110000000000017,4.881777641773273e-16,180884,20.0,2.0,True,20000,1
Value-greedy (ours),operational,0.09089067972222223,24.870337162528504,129,0.46597799826248687,39.92,39.92000000000003,39.91999999999982,7.119666690982962e-16,4000,6217.584290632126,0.006433366743458061,True,40000,0
Value-greedy (ours),small,0.09089067972222223,1.071716635701966,25,0.02008000009591493,10.19,10.19,10.189999999999996,0.0,53585,20.0,2.0,True,40000,0
Value-greedy (ours),operational,11.60635736611111,60.079759210938946,22020,84.82179376817197,10331.867802184328,10331.867802184328,10449.470000003044,0.0,4000,15019.939802734736,0.002663126518837116,True,40000,0
Value-greedy (ours),small,11.60635736611111,0.05963929202407896,25,0.08419993347152348,12.930411327781755,12.943941029804982,13.139999999999997,0.00104525368217249,2981,20.0,2.0,True,40000,0
Value-greedy (ours),operational,13.210484531111112,8.577590168261082,8664,37.98637803889606,1472.09,1490.1788820920624,1591.8669125622187,0.012138732006903422,4000,2144.3975420652705,0.018653257717072356,True,40000,0
Value-greedy (ours),small,13.210484531111112,0.03926707127340276,50,0.1738966055280938,17.33982701641814,17.33982701641814,19.19634850846118,0.0,1963,20.0,2.0,True,40000,0
Value-greedy (ours),operational,22.197338734166667,29.981995484358475,23285,94.5269428297509,7610.198831386733,7610.198831386733,8056.120329658717,0.0,3999,7495.498871089619,0.005336536058231066,True,40000,0
Value-greedy (ours),small,22.197338734166667,0.05830042147782185,25,0.183809,3.19,3.4052847075210475,4.0669774778846435,0.06322076595990966,2915,20.0,2.0,True,40000,0
Value-greedy (ours),operational,23.749109346666668,38.801440841933804,19075,77.43308967088522,1774.77,1774.77,1886.1699999998625,0.0,4000,9700.36021048345,0.00412355821145393,True,40000,0
Value-greedy (ours),small,23.749109346666668,0.05372677287417941,50,0.10721844167182423,13.35,13.35,13.349999999999993,0.0,2686,20.0,2.0,True,40000,0
Value-greedy (ours),operational,35.282123580833336,47.590179273542404,6950,40.632959567621654,352.4,352.4,352.39999999996417,0.0,4000,11897.5448183856,0.003362038186079107,True,40000,0
Value-greedy (ours),small,35.282123580833336,0.6052914959523629,100,0.516803787190837,3.6,3.6,3.599999999999987,0.0,1752,345.3935954184751,2.0,True,40000,0
FIFO,operational,0.09089067972222223,24.870337162528504,129,0.46597799826248687,39.92,39.92000000000003,39.91999999999982,7.119666690982962e-16,4000,6217.584290632126,0.006433366743458061,True,40000,0
FIFO,small,0.09089067972222223,1.071716635701966,25,0.02008000009591493,10.19,10.19,10.189999999999996,0.0,53585,20.0,2.0,True,40000,0
FIFO,operational,11.60635736611111,60.079759210938946,22020,84.82179376817197,7497.28,7497.28,10449.470000003044,0.0,4000,15019.939802734736,0.002663126518837116,True,40000,0
FIFO,small,11.60635736611111,0.05963929202407896,25,0.08419993347152348,3.04,12.943941029804982,13.139999999999997,0.765141080834652,2981,20.0,2.0,True,40000,0
FIFO,operational,13.210484531111112,8.577590168261082,9615,38.04415274476116,930.18,3923.96290241422,4391.47979863291,0.7629488292491995,4000,2144.3975420652705,0.018653257717072356,True,40000,0
FIFO,small,13.210484531111112,0.011008695696136663,50,0.04882682575977209,4.07,21.66143782776615,22.046626485230377,0.8121085021058493,550,20.0,2.0,True,40000,0
FIFO,operational,22.197338734166667,29.981995484358475,24201,94.60574834570386,3633.6,6940.991674302369,11393.148639006027,0.47650131703043586,3999,7495.498871089619,0.005336536058231066,True,40000,0
FIFO,small,22.197338734166667,0.015465035806275184,25,0.048798662731073215,6.05,8.70267346612776,9.051362594057165,0.30481132912229814,773,20.0,2.0,True,40000,0
FIFO,operational,23.749109346666668,38.801440841933804,19425,77.52468902230379,4664.72,6487.784008422404,9239.860000002725,0.2809994916686056,4000,9700.36021048345,0.00412355821145393,True,40000,0
FIFO,small,23.749109346666668,0.03410119784162442,50,0.06813367495113447,10.27,18.01,18.20932364176865,0.42976124375347036,1705,20.0,2.0,True,40000,0
FIFO,operational,35.282123580833336,47.590179273542404,10146,40.75825051496978,4816.14,4816.14,4816.140000001422,0.0,4000,11897.5448183856,0.003362038186079107,True,40000,0
FIFO,small,35.282123580833336,0.11229309524461753,25,0.09617257545457449,6.19,6.19,6.189999999999996,0.0,5614,20.0,2.0,True,40000,0
Value-greedy (ours),operational,0.09089067972222223,24.870337162528504,166,0.4998119181604893,66.04,66.04,66.04000000000053,0.0,4000,6217.584290632126,0.006433366743458061,True,40000,1
Value-greedy (ours),small,0.09089067972222223,0.8563852250725346,25,0.017210524297704734,9.15,9.15,9.149999999999997,0.0,42819,20.0,2.0,True,40000,1
Value-greedy (ours),operational,11.60635736611111,60.079759210938946,21939,82.40063595284498,10447.559724143846,10447.559724143846,10537.050000003035,0.0,4000,15019.939802734736,0.002663126518837116,True,40000,1
Value-greedy (ours),small,11.60635736611111,0.07805742628902042,25,0.10705737924939131,5.963496303050355,5.983941029804981,6.169999999999996,0.003416598969273751,3902,20.0,2.0,True,40000,1
Value-greedy (ours),operational,13.210484531111112,8.577590168261082,8119,34.98743703121115,1417.76133020246,1429.3358898063136,1517.5287096419663,0.008097858373529073,4000,2144.3975420652705,0.018653257717072356,True,40000,1
Value-greedy (ours),small,13.210484531111112,0.02494851978941106,100,0.10176340301076695,10.15,10.15,10.20109820725547,0.0,1247,20.0,2.0,True,40000,1
Value-greedy (ours),operational,22.197338734166667,29.981995484358475,22848,91.38620493783976,7830.195684698008,7830.195684698008,8253.688622393664,0.0,3999,7495.498871089619,0.005336536058231066,True,40000,1
Value-greedy (ours),small,22.197338734166667,0.05188692693482689,100,0.15815322702368378,28.3,28.69143782776615,29.231393609334315,0.013643018872596772,2594,20.0,2.0,True,40000,1
Value-greedy (ours),operational,23.749109346666668,38.801440841933804,18870,74.2542597919361,1838.4156116155477,1838.4156116155477,1910.0399999998654,0.0,4000,9700.36021048345,0.00412355821145393,True,40000,1
Value-greedy (ours),small,23.749109346666668,0.058791852347886246,50,0.11250988064265714,3.4,3.4,3.3999999999999915,0.0,2939,20.0,2.0,True,40000,1
Value-greedy (ours),operational,35.282123580833336,47.590179273542404,6051,37.067429908707915,247.02,247.02,247.0199999999727,0.0,4000,11897.5448183856,0.003362038186079107,True,40000,1
Value-greedy (ours),small,35.282123580833336,0.3085166710397071,50,0.2403,0.28,0.2800000000000001,0.2800000000000001,1.9825411154020646e-16,685,450.0,2.0,True,40000,1
FIFO,operational,0.09089067972222223,24.870337162528504,166,0.4998119181604893,66.04,66.04,66.04000000000053,0.0,4000,6217.584290632126,0.006433366743458061,True,40000,1
FIFO,small,0.09089067972222223,0.8563852250725346,25,0.017210524297704734,9.15,9.15,9.149999999999997,0.0,42819,20.0,2.0,True,40000,1
FIFO,operational,11.60635736611111,60.079759210938946,21939,82.40063595284498,7711.19,7711.19,10537.050000003035,0.0,4000,15019.939802734736,0.002663126518837116,True,40000,1
FIFO,small,11.60635736611111,0.07805742628902042,25,0.10705737924939131,1.09,5.983941029804981,6.169999999999996,0.8178457985179169,3902,20.0,2.0,True,40000,1
FIFO,operational,13.210484531111112,8.577590168261082,8852,35.027146387162986,1033.5,3798.4479345553427,4217.667308885287,0.7279151859373888,4000,2144.3975420652705,0.018653257717072356,True,40000,1
FIFO,small,13.210484531111112,0.050319188939440145,50,0.20548167521302757,10.13,25.56362536730624,27.581285264629734,0.60373382669911,2515,20.0,2.0,True,40000,1
FIFO,operational,22.197338734166667,29.981995484358475,24136,91.52590308343848,3703.85,6812.772097160813,11331.258079558189,0.45633731068979105,3999,7495.498871089619,0.005336536058231066,True,40000,1
FIFO,small,22.197338734166667,0.03933268332783022,50,0.12007070590590459,18.19,21.22000000000001,21.230000000000036,0.14278982092365725,1966,20.0,2.0,True,40000,1
FIFO,operational,23.749109346666668,38.801440841933804,19443,74.50273708425084,4633.83,6333.341919181236,9157.930000002683,0.26834362345637364,4000,9700.36021048345,0.00412355821145393,True,40000,1
FIFO,small,23.749109346666668,0.09329335427201733,25,0.17913278719083695,2.09,9.590140160273714,10.189999999999996,0.7820678358114478,4664,20.0,2.0,True,40000,1
FIFO,operational,35.282123580833336,47.590179273542404,9998,37.389608448815345,4699.96,4699.96,4699.960000001374,0.0,4000,11897.5448183856,0.003362038186079107,True,40000,1
FIFO,small,35.282123580833336,0.2183650168086165,25,0.17156023788992583,13.17,13.17,13.169999999999996,0.0,10918,20.0,2.0,True,40000,1
Value-greedy (ours),operational,0.09089067972222223,24.870337162528504,358,1.3203320424956468,151.46,151.4600000000004,151.45999999999776,2.6271222238588078e-15,4000,6217.584290632126,0.006433366743458061,True,80000,0
Value-greedy (ours),small,0.09089067972222223,1.8609978663142945,25,0.09879782078760456,9.2,9.2,9.199999999999996,0.0,93049,20.0,2.0,True,80000,0
Value-greedy (ours),operational,11.60635736611111,60.079759210938946,43629,170.63029523394735,19848.80007561454,19848.80007561454,20873.414707857424,0.0,4000,15019.939802734736,0.002663126518837116,True,80000,0
Value-greedy (ours),small,11.60635736611111,0.06544511076718745,100,0.18586823113948797,33.52,33.52000000000007,33.572492049239294,1.9077818084250862e-15,3272,20.0,2.0,True,80000,0
Value-greedy (ours),operational,13.210484531111112,8.577590168261082,37340,134.3848849047544,2780.780842362726,2787.7355195334476,3188.3533621213287,0.0024947406674666727,4000,2144.3975420652705,0.018653257717072356,True,80000,0
Value-greedy (ours),small,13.210484531111112,0.0464179019373365,200,0.7272280777007246,33.6551084660067,33.6551084660067,39.16077867287335,0.0,2320,20.0,2.0,True,80000,0
Value-greedy (ours),operational,22.197338734166667,29.981995484358475,69535,260.5947743340847,14927.658572389642,14927.658572389642,16361.73235776893,0.0,3999,7495.498871089619,0.005336536058231066,True,80000,0
Value-greedy (ours),small,22.197338734166667,0.0382930164964822,100,0.3328317488967057,30.0,30.0,31.166858207123468,0.0,1914,20.0,2.0,True,80000,0
Value-greedy (ours),operational,23.749109346666668,38.801440841933804,66074,251.18525332810168,3478.1647512824557,3579.791485162335,4845.005291182172,0.028389009332277018,4000,9700.36021048345,0.00412355821145393,True,80000,0
Value-greedy (ours),small,23.749109346666668,0.04410912652559064,100,0.28554512100586177,8.42,8.75267346612776,9.186522464917081,0.03800821170984882,2205,20.0,2.0,True,80000,0
Value-greedy (ours),operational,35.282123580833336,47.590179273542404,61374,215.3887920647892,1332.0727584982142,1520.9368790568647,2139.346387582615,0.12417617269939922,4000,11897.5448183856,0.003362038186079107,True,80000,0
Value-greedy (ours),small,35.282123580833336,0.18640677658264299,200,0.8436599956904915,3.42,4.2914604407686765,5.866399450030186,0.20306850145694982,506,367.9978452457712,2.0,True,80000,0
FIFO,operational,0.09089067972222223,24.870337162528504,358,1.3203320424956468,151.46,151.4600000000004,151.45999999999776,2.6271222238588078e-15,4000,6217.584290632126,0.006433366743458061,True,80000,0
FIFO,small,0.09089067972222223,1.8609978663142945,25,0.09879782078760456,9.2,9.2,9.199999999999996,0.0,93049,20.0,2.0,True,80000,0
FIFO,operational,11.60635736611111,60.079759210938946,43629,170.63029523394735,7316.4,10046.609782407602,20873.414707857424,0.2717543371882934,4000,15019.939802734736,0.002663126518837116,True,80000,0
FIFO,small,11.60635736611111,0.06544511076718745,100,0.18586823113948797,6.11,33.52000000000007,33.572492049239294,0.8177207637231507,3272,20.0,2.0,True,80000,0
FIFO,operational,13.210484531111112,8.577590168261082,34498,134.42906055221653,988.33,7621.883129403593,14842.883924876149,0.8703299456026511,4000,2144.3975420652705,0.018653257717072356,True,80000,0
FIFO,small,13.210484531111112,0.07190362566699833,200,1.1268825694749163,9.09,69.78553254320141,73.90176291528634,0.8697437754111462,3595,20.0,2.0,True,80000,0
FIFO,operational,22.197338734166667,29.981995484358475,66255,260.73642216851886,3598.13,12114.2752580368,30268.591723807884,0.7029842955225122,3999,7495.498871089619,0.005336536058231066,True,80000,0
FIFO,small,22.197338734166667,0.06043577979173285,100,0.5255757243403529,8.09,66.24458252881048,72.01314060996262,0.8778768060545694,3021,20.0,2.0,True,80000,0
FIFO,operational,23.749109346666668,38.801440841933804,64657,251.37811206689102,5053.21,12322.337600681663,30120.551976635266,0.5899146603708975,4000,9700.36021048345,0.00412355821145393,True,80000,0
FIFO,small,23.749109346666668,0.06945309820173105,100,0.44995722644090885,6.07,51.73660277346865,53.14304549342999,0.8826749404753573,3472,20.0,2.0,True,80000,0
FIFO,operational,35.282123580833336,47.590179273542404,55440,215.58581346880496,5648.68,11306.594416837252,26231.659174877568,0.500408364203084,4000,11897.5448183856,0.003362038186079107,True,80000,0
FIFO,small,35.282123580833336,0.004495879411501562,25,0.020366551145249972,3.03,6.03,6.030293282662515,0.49751243781094534,224,20.0,2.0,True,80000,0
Value-greedy (ours),operational,0.09089067972222223,24.870337162528504,327,1.3986802244519019,167.96,167.96,167.95999999999822,0.0,4000,6217.584290632126,0.006433366743458061,True,80000,1
Value-greedy (ours),small,0.09089067972222223,0.38976032146935147,25,0.021919688919077522,13.16,13.16,13.159999999999997,0.0,19488,20.0,2.0,True,80000,1
Value-greedy (ours),operational,11.60635736611111,60.079759210938946,44180,168.72581824051423,20311.618554076456,20311.618554076456,21318.294058854688,0.0,4000,15019.939802734736,0.002663126518837116,True,80000,1
Value-greedy (ours),small,11.60635736611111,0.041458216054784294,50,0.11642975135895492,7.735739226950512,7.7414378277661475,8.169780331451792,0.0007361165900210555,2072,20.0,2.0,True,80000,1
Value-greedy (ours),operational,13.210484531111112,8.577590168261082,37652,133.13382318463218,2915.9533208494536,2931.5248591637255,3333.3272673630663,0.005311753801301221,4000,2144.3975420652705,0.018653257717072356,True,80000,1
Value-greedy (ours),small,13.210484531111112,0.05510362268101023,200,0.8552700484562259,11.31353939202508,11.656831345427788,12.520329372588147,0.02944985161317956,2755,20.0,2.0,True,80000,1
Value-greedy (ours),operational,22.197338734166667,29.981995484358475,70001,255.03053549183946,15333.398269466494,15333.398269466494,16684.53052213647,0.0,3999,7495.498871089619,0.005336536058231066,True,80000,1
Value-greedy (ours),small,22.197338734166667,0.023328433524486464,100,0.19843452037871798,21.57358812888169,21.57358812888169,22.387228578700373,0.0,1166,20.0,2.0,True,80000,1
Value-greedy (ours),operational,23.749109346666668,38.801440841933804,66237,246.00966326495117,3465.1755108929483,3567.429854690705,4770.554550085562,0.028663308870195556,4000,9700.36021048345,0.00412355821145393,True,80000,1
Value-greedy (ours),small,23.749109346666668,0.03520098785980584,100,0.223182,5.474664511412205,5.474664511412205,6.146588434289563,0.0,1760,20.0,2.0,True,80000,1
Value-greedy (ours),operational,35.282123580833336,47.590179273542404,61125,211.49370250197381,1254.1397217212973,1439.4061131754365,2028.526525674279,0.1287102991701403,4000,11897.5448183856,0.003362038186079107,True,80000,1
Value-greedy (ours),small,35.282123580833336,0.3020374221470704,400,1.342273,5.145684290013186,6.2801635134632345,9.75600632924116,0.18064485439240308,671,450.0,2.0,True,80000,1
FIFO,operational,0.09089067972222223,24.870337162528504,327,1.3986802244519019,167.96,167.96,167.95999999999822,0.0,4000,6217.584290632126,0.006433366743458061,True,80000,1
FIFO,small,0.09089067972222223,0.38976032146935147,25,0.021919688919077522,13.16,13.16,13.159999999999997,0.0,19488,20.0,2.0,True,80000,1
FIFO,operational,11.60635736611111,60.079759210938946,44180,168.72581824051423,7742.1,10164.885550718755,21318.294058854688,0.23834853217284283,4000,15019.939802734736,0.002663126518837116,True,80000,1
FIFO,small,11.60635736611111,0.041458216054784294,50,0.11642975135895492,4.24,7.7414378277661475,8.169780331451792,0.4522981267391402,2072,20.0,2.0,True,80000,1
FIFO,operational,13.210484531111112,8.577590168261082,34155,133.27244960372846,986.83,7671.97745208487,14974.785122829455,0.871372145426232,4000,2144.3975420652705,0.018653257717072356,True,80000,1
FIFO,small,13.210484531111112,0.05186738647201924,200,0.805878284468171,9.12,94.89306020576565,98.93672929225627,0.9038918127392642,2593,20.0,2.0,True,80000,1
FIFO,operational,22.197338734166667,29.981995484358475,66318,255.1800045169093,3689.02,12391.280685571037,30815.148063712597,0.7022890455305673,3999,7495.498871089619,0.005336536058231066,True,80000,1
FIFO,small,22.197338734166667,0.04783814918446122,100,0.4071556588466545,1.0,44.090867203302366,45.03216565794047,0.9773195660818144,2391,20.0,2.0,True,80000,1
FIFO,operational,23.749109346666668,38.801440841933804,64681,246.275431572982,4824.5,12646.42575878716,30573.267146319038,0.6185088109462252,4000,9700.36021048345,0.00412355821145393,True,80000,1
FIFO,small,23.749109346666668,0.0226493721636076,50,0.14375713332844237,7.2,13.415284707521048,13.59706666781877,0.4632987553396131,1132,20.0,2.0,True,80000,1
FIFO,operational,35.282123580833336,47.590179273542404,55735,211.81032981861213,6154.04,11715.721132349701,26837.808811737727,0.4747194875604087,4000,11897.5448183856,0.003362038186079107,True,80000,1
FIFO,small,35.282123580833336,0.06590871094766941,50,0.29334089547140085,1.01,17.337239153250337,19.010042181516756,0.941743896414404,3295,20.0,2.0,True,80000,1
Value-greedy (ours),operational,0.09089067972222223,24.870337162528504,693,3.072675492280466,361.52,361.52,361.5199999999959,0.0,4000,6217.584290632126,0.006433366743458061,True,160000,0
Value-greedy (ours),small,0.09089067972222223,0.25288473327522953,25,0.031243352964165493,10.14,10.14,10.139999999999997,0.0,12644,20.0,2.0,True,160000,0
Value-greedy (ours),operational,11.60635736611111,60.079759210938946,87380,343.3084068045716,37345.19506350589,37345.19506350589,40531.42922006424,0.0,4000,15019.939802734736,0.002663126518837116,True,160000,0
Value-greedy (ours),small,11.60635736611111,0.07151299091268579,100,0.4086403024663565,39.66674253016393,40.25191637164782,43.11860333544765,0.01453778836468197,3575,20.0,2.0,True,160000,0
Value-greedy (ours),operational,13.210484531111112,8.577590168261082,75745,325.8020097480063,5353.196796615748,5353.196796615748,6607.0359561294,0.0,4000,2144.3975420652705,0.018653257717072356,True,160000,0
Value-greedy (ours),small,13.210484531111112,0.04574423306822878,400,1.7375000175639672,51.153625237117645,54.524673019277,57.74850292799764,0.06182609808531152,2287,20.0,2.0,True,160000,0
Value-greedy (ours),operational,22.197338734166667,29.981995484358475,140837,572.8146028571986,28496.797498291377,28496.797498291377,32408.28527548135,0.0,3999,7495.498871089619,0.005336536058231066,True,160000,0
Value-greedy (ours),small,22.197338734166667,0.07487485654156274,400,1.430505559118647,67.43164019212097,68.03261849390648,78.21978385397283,0.00883367883068245,3743,20.0,2.0,True,160000,0
Value-greedy (ours),operational,23.749109346666668,38.801440841933804,133955,590.6658608606804,6780.636861722944,6780.636861722944,10634.213421970228,0.0,4000,9700.36021048345,0.00412355821145393,True,160000,0
Value-greedy (ours),small,23.749109346666668,0.06608553485863347,200,1.006005666045463,5.811621018534215,6.403049406935484,8.796388222350696,0.09236667575306563,146,450.0,2.0,True,160000,0
Value-greedy (ours),operational,35.282123580833336,47.590179273542404,131996,558.3038928663578,3527.535367494741,3706.0374590258793,5792.408439811023,0.048165215140069606,4000,11897.5448183856,0.003362038186079107,True,160000,0
Value-greedy (ours),small,35.282123580833336,0.14792022348429845,400,1.735325184010349,17.01,18.769530261720263,25.15530745259261,0.09374396893185738,336,440.00004795746435,2.0,True,160000,0
FIFO,operational,0.09089067972222223,24.870337162528504,693,3.072675492280466,361.52,361.52,361.5199999999959,0.0,4000,6217.584290632126,0.006433366743458061,True,160000,0
FIFO,small,0.09089067972222223,0.25288473327522953,25,0.031243352964165493,10.14,10.14,10.139999999999997,0.0,12644,20.0,2.0,True,160000,0
FIFO,operational,11.60635736611111,60.079759210938946,87380,343.3084068045716,7372.77,15888.065511557239,40531.42922006424,0.5359554632603367,4000,15019.939802734736,0.002663126518837116,True,160000,0
FIFO,small,11.60635736611111,0.07151299091268579,100,0.4086403024663565,0.01,40.25191637164782,43.11860333544765,0.9997515646234661,3575,20.0,2.0,True,160000,0
FIFO,operational,13.210484531111112,8.577590168261082,84154,325.9282639460074,967.91,12460.32648958428,31189.515339503796,0.9223206550158147,4000,2144.3975420652705,0.018653257717072356,True,160000,0
FIFO,small,13.210484531111112,0.03942580246753882,400,1.498087819638531,1.04,141.7022985414826,143.3884471765912,0.9926606695113309,1971,20.0,2.0,True,160000,0
FIFO,operational,22.197338734166667,29.981995484358475,150703,572.9774683470538,3446.23,20019.351138837483,63228.00031530123,0.8278550600316749,3999,7495.498871089619,0.005336536058231066,True,160000,0
FIFO,small,22.197338734166667,0.07393484990691766,400,1.4129480856064351,1.12,141.88475400747672,145.9048604964946,0.9921062695718457,3696,20.0,2.0,True,160000,0
FIFO,operational,23.749109346666668,38.801440841933804,154900,590.8601592167748,4924.26,20365.89935576172,66890.45676994079,0.7582105305549948,4000,9700.36021048345,0.00412355821145393,True,160000,0
FIFO,small,23.749109346666668,0.04774003937130047,200,0.726975252770945,7.11,71.8628936495706,76.2504555660386,0.9010615960627619,2387,20.0,2.0,True,160000,0
FIFO,operational,35.282123580833336,47.590179273542404,146284,558.6159064587104,5380.68,20507.02112332178,65109.29103926137,0.7376176692049741,4000,11897.5448183856,0.003362038186079107,True,160000,0
FIFO,small,35.282123580833336,0.04982485890154438,200,0.5848466877899994,0.02,49.87784167384921,53.1140026648051,0.999599020339918,2491,20.0,2.0,True,160000,0
Value-greedy (ours),operational,0.09089067972222223,24.870337162528504,710,3.2336936998650603,356.43,356.43,356.42999999999597,0.0,4000,6217.584290632126,0.006433366743458061,True,160000,1
Value-greedy (ours),small,0.09089067972222223,0.6641878792448872,25,0.08635910911078971,7.16,7.16,7.159999999999997,0.0,33209,20.0,2.0,True,160000,1
Value-greedy (ours),operational,11.60635736611111,60.079759210938946,88342,335.28125217182077,38542.0,38542.0,41673.19520444722,0.0,4000,15019.939802734736,0.002663126518837116,True,160000,1
Value-greedy (ours),small,11.60635736611111,0.04587330428809565,100,0.2560006748524266,39.27563654380527,39.52506472978616,43.09861747472436,0.0063106332067033866,2293,20.0,2.0,True,160000,1
Value-greedy (ours),operational,13.210484531111112,8.577590168261082,76048,321.3725469629412,5382.965224959203,5382.965224959203,6616.532065055889,0.0,4000,2144.3975420652705,0.018653257717072356,True,160000,1
Value-greedy (ours),small,13.210484531111112,0.03516544595850676,400,1.3175272671093419,47.00516543904788,47.22301459929301,48.24376603088271,0.0046131989262793004,1758,20.0,2.0,True,160000,1
Value-greedy (ours),operational,22.197338734166667,29.981995484358475,141978,577.8395051772686,28823.42412429144,28823.42412429144,32850.64117255484,0.0,3999,7495.498871089619,0.005336536058231066,True,160000,1
Value-greedy (ours),small,22.197338734166667,0.019084390968319487,200,0.3678112432341735,31.934452248669352,32.63786136537138,34.124894110141085,0.021551936532469628,954,20.0,2.0,True,160000,1
Value-greedy (ours),operational,23.749109346666668,38.801440841933804,134987,593.4448569699139,7274.07448026703,7274.07448026703,11211.191375825752,0.0,4000,9700.36021048345,0.00412355821145393,True,160000,1
Value-greedy (ours),small,23.749109346666668,0.03598249479579042,200,0.5503307612853143,9.831578260295611,10.721314255183328,12.456558495684678,0.08298758656920864,1799,20.0,2.0,True,160000,1
Value-greedy (ours),operational,35.282123580833336,47.590179273542404,132876,561.6998128835596,3705.8669945072243,3853.4526980711194,5976.759920362091,0.03829960171504647,4000,11897.5448183856,0.003362038186079107,True,160000,1
Value-greedy (ours),small,35.282123580833336,0.16727258145937235,400,1.9742934181068423,16.197482273214675,17.485546119348694,23.749805677241316,0.0736644905078891,371,450.0,2.0,True,160000,1
FIFO,operational,0.09089067972222223,24.870337162528504,710,3.2336936998650603,356.43,356.43,356.42999999999597,0.0,4000,6217.584290632126,0.006433366743458061,True,160000,1
FIFO,small,0.09089067972222223,0.6641878792448872,25,0.08635910911078971,7.16,7.16,7.159999999999997,0.0,33209,20.0,2.0,True,160000,1
FIFO,operational,11.60635736611111,60.079759210938946,88342,335.28125217182077,7546.07,16194.796217388386,41673.19520444722,0.5340435348054724,4000,15019.939802734736,0.002663126518837116,True,160000,1
FIFO,small,11.60635736611111,0.04587330428809565,100,0.2560006748524266,0.01,39.52506472978616,43.09861747472436,0.9997469959867653,2293,20.0,2.0,True,160000,1
FIFO,operational,13.210484531111112,8.577590168261082,84741,321.3939256835083,1089.22,12877.538410579487,32032.479610882612,0.9154170645606341,4000,2144.3975420652705,0.018653257717072356,True,160000,1
FIFO,small,13.210484531111112,0.02844786237755851,400,1.0659136176333834,13.2,143.92195444572928,145.50504969799658,0.9082836246156072,1422,20.0,2.0,True,160000,1
FIFO,operational,22.197338734166667,29.981995484358475,151977,577.8633847791003,4010.87,20134.35063946404,64333.40288638937,0.800794668185695,3999,7495.498871089619,0.005336536058231066,True,160000,1
FIFO,small,22.197338734166667,0.0719391058189059,400,1.3865313003659914,3.09,165.96537242007062,171.0799978524278,0.9813816583848649,3596,20.0,2.0,True,160000,1
FIFO,operational,23.749109346666668,38.801440841933804,156120,593.4900520507385,4679.99,20362.097408260313,68018.03330742288,0.7701616927683754,4000,9700.36021048345,0.00412355821145393,True,160000,1
FIFO,small,23.749109346666668,0.03704374575238277,200,0.5666051084107184,4.02,71.43740076046988,73.07269405325995,0.9437269559473603,1852,20.0,2.0,True,160000,1
FIFO,operational,35.282123580833336,47.590179273542404,148179,561.8616998207103,6002.47,20568.222730172958,66669.9641119096,0.7081677849008043,4000,11897.5448183856,0.003362038186079107,True,160000,1
FIFO,small,35.282123580833336,0.07799092844377653,400,0.9207806378316651,37.51,201.8256451122769,207.34450485940724,0.81414651255477,3899,20.0,2.0,True,160000,1
