encoder,policy,ship_recall,dark_recall,value_frac,latency_med_h,latency_p90_h,dark_latency_med_h,MB_sent,MB_offered,MB_capacity,dropped_storage,strategy,ceiling_recall,ceiling_dark_recall,downlink_eff,tiles
"Bent pipe (raw, FIFO)",FIFO,0.017692591227423518,0.02158273381294964,0.018823529411764704,12.945530861228072,34.805488525636086,21.908602391367687,194.64192,7458.32448,209.9013021415632,0,"Bent pipe (raw, FIFO)",0.8326575746406193,0.7949640287769785,0.021248339973439577,5000
"Phi-sat-2 style, ocean only",FIFO,0.5053446369332842,0.44964028776978415,0.4891503267973856,4.379470452663413,9.378682950716104,4.742067060726634,1.734,1.734,209.9013021415632,0,"Phi-sat-2 style, ocean only",0.5053446369332842,0.44964028776978415,1.0,5000
"Phi-sat-2 style, fair (+coastal)",FIFO,0.5985993365278289,0.5323741007194245,0.5793464052287581,4.581634529945783,9.612779123432672,4.74231832639869,2.069,2.069,209.9013021415632,0,"Phi-sat-2 style, fair (+coastal)",0.5985993365278289,0.5323741007194245,1.0,5000
Ours: LoD + no buffer,No buffering,0.6686325101363804,0.6007194244604317,0.6908784313725966,4.577736114721963,9.618948945323634,5.022393168261524,13.28801492290835,13.288014922908358,209.9013021415632,0,Ours: LoD + no buffer,0.6686325101363804,0.6007194244604317,1.0,5000
Ours: LoD + FIFO,FIFO,0.6686325101363804,0.6007194244604317,0.6908784313725966,4.577736114721963,9.618948945323634,5.022393168261524,13.28801492290835,13.288014922908358,209.9013021415632,0,Ours: LoD + FIFO,0.6686325101363804,0.6007194244604317,1.0,5000
Ours: LoD + value-greedy,Value-greedy (ours),0.6686325101363804,0.6007194244604317,0.6908784313726368,4.5670655876317845,9.620003181483723,5.012512073649926,13.288014922908374,13.288014922908358,209.9013021415632,0,Ours: LoD + value-greedy,0.6686325101363804,0.6007194244604317,1.0,5000
"Bent pipe (raw, FIFO)",FIFO,0.010159651669085631,0.007246376811594203,0.00932642487046632,17.559977437994903,35.077663928618094,23.339105557834273,201.719808,14985.658368,209.9013021415632,3860,"Bent pipe (raw, FIFO)",0.8359941944847605,0.8405797101449275,0.012152777777777778,10000
"Phi-sat-2 style, ocean only",FIFO,0.513243831640058,0.5434782608695652,0.5218911917098445,4.264510761669719,9.337951386255854,3.945987163596713,3.367,3.367,209.9013021415632,0,"Phi-sat-2 style, ocean only",0.513243831640058,0.5434782608695652,1.0,10000
"Phi-sat-2 style, fair (+coastal)",FIFO,0.6213715529753265,0.625,0.6224093264248705,4.536056573733042,9.486364200025813,3.966944191397685,4.101,4.101,209.9013021415632,0,"Phi-sat-2 style, fair (+coastal)",0.6213715529753265,0.625,1.0,10000
Ours: LoD + no buffer,No buffering,0.6910377358490566,0.6920289855072463,0.7394987046633408,4.543294098734748,9.514155044520313,4.083863682181468,26.99025416357743,26.99025416357747,209.9013021415632,0,Ours: LoD + no buffer,0.6910377358490566,0.6920289855072463,1.0,10000
Ours: LoD + FIFO,FIFO,0.6910377358490566,0.6920289855072463,0.7394987046633408,4.543294098734748,9.514155044520313,4.083863682181468,26.99025416357743,26.99025416357747,209.9013021415632,0,Ours: LoD + FIFO,0.6910377358490566,0.6920289855072463,1.0,10000
Ours: LoD + value-greedy,Value-greedy (ours),0.6910377358490566,0.6920289855072463,0.7394987046634153,4.523713542163072,9.50810111068205,4.061740480356049,26.990254163577468,26.99025416357747,209.9013021415632,0,Ours: LoD + value-greedy,0.6910377358490566,0.6920289855072463,1.0,10000
"Bent pipe (raw, FIFO)",FIFO,0.005402797877472262,0.003872216844143272,0.004966544802372905,11.682965037548406,35.23915083541429,22.159711071190067,201.719808,30118.182912,209.9013021415632,12412,"Bent pipe (raw, FIFO)",0.8384949348769899,0.8286544046466602,0.006443447244275687,20000
"Phi-sat-2 style, ocean only",FIFO,0.520598166907863,0.5091965150048403,0.5173484169138443,4.330012036136461,9.387450993378806,4.614591209607846,6.606,6.606,209.9013021415632,0,"Phi-sat-2 style, ocean only",0.520598166907863,0.5091965150048403,1.0,20000
"Phi-sat-2 style, fair (+coastal)",FIFO,0.6234442836468885,0.6079380445304937,0.6190246257846451,4.289345515452717,9.444204893510644,4.37208915211482,7.883,7.883,209.9013021415632,0,"Phi-sat-2 style, fair (+coastal)",0.6234442836468885,0.6079380445304937,1.0,20000
Ours: LoD + no buffer,No buffering,0.6904968644476603,0.6718296224588577,0.73148099606833,4.369755462073442,9.423293341535386,4.323146100607557,53.68700134480824,53.68700134480804,209.9013021415632,0,Ours: LoD + no buffer,0.6904968644476603,0.6718296224588577,1.0,20000
Ours: LoD + FIFO,FIFO,0.6904968644476603,0.6718296224588577,0.73148099606833,4.369755462073442,9.423293341535386,4.323146100607557,53.68700134480824,53.68700134480804,209.9013021415632,0,Ours: LoD + FIFO,0.6904968644476603,0.6718296224588577,1.0,20000
Ours: LoD + value-greedy,Value-greedy (ours),0.6904968644476603,0.6718296224588577,0.7314809960683699,4.337034321274213,9.415752044217996,4.28069745059721,53.687001344807996,53.68700134480804,209.9013021415632,0,Ours: LoD + value-greedy,0.6904968644476603,0.6718296224588577,1.0,20000
"Bent pipe (raw, FIFO)",FIFO,0.0017504849316364668,0.001402524544179523,0.0016502205907116155,13.19544202496856,35.285729768726696,35.26439869690115,201.719808,60117.8112,209.9013021415632,29366,"Bent pipe (raw, FIFO)",0.8351705540048256,0.8321645628798504,0.002095961026454427,40000
"Phi-sat-2 style, ocean only",FIFO,0.511756635284099,0.5189340813464236,0.5138248071936147,4.50680651205327,9.463823029251953,4.51291242286471,13.21,13.21,209.9013021415632,0,"Phi-sat-2 style, ocean only",0.511756635284099,0.5189340813464236,1.0,40000
"Phi-sat-2 style, fair (+coastal)",FIFO,0.616596489568056,0.6264609630668536,0.6194389249991581,4.511796735161317,9.466871772688561,4.578721362492095,15.941,15.941,209.9013021415632,0,"Phi-sat-2 style, fair (+coastal)",0.616596489568056,0.6264609630668536,1.0,40000
Ours: LoD + no buffer,No buffering,0.621374840327388,0.6119682094436653,0.6613541912234263,5.088842804262815,9.764689406023471,5.10449917664789,98.95883781354907,108.51159137289005,209.9013021415632,0,Ours: LoD + no buffer,0.6798978095283152,0.6792893875642824,0.9139238744694176,40000
Ours: LoD + FIFO,FIFO,0.6798978095283152,0.6792893875642824,0.7268325868047351,4.565071354595843,9.52697195669447,4.6292330698556095,108.51159137289122,108.51159137289005,209.9013021415632,0,Ours: LoD + FIFO,0.6798978095283152,0.6792893875642824,1.0,40000
Ours: LoD + value-greedy,Value-greedy (ours),0.6798978095283152,0.6792893875642824,0.7268325868043931,4.48948748247299,9.512062119545197,4.5550942386640685,108.51159137289078,108.51159137289005,209.9013021415632,0,Ours: LoD + value-greedy,0.6798978095283152,0.6792893875642824,1.0,40000
"Bent pipe (raw, FIFO)",FIFO,0.0010763507031377963,0.0009374267635340989,0.001036702616838057,11.728052039028704,35.34475067667648,11.655082249044346,201.719808,120175.460352,209.9013021415632,63307,"Bent pipe (raw, FIFO)",0.8397173409457847,0.8408718068900867,0.0012818012093515757,80000
"Phi-sat-2 style, ocean only",FIFO,0.5199475864005428,0.5076165924537146,0.5164283922748935,4.363857430915621,9.401143345168892,4.2860815755443165,26.929,26.929,209.9013021415632,0,"Phi-sat-2 style, ocean only",0.5199475864005428,0.5076165924537146,1.0,80000
"Phi-sat-2 style, fair (+coastal)",FIFO,0.6239324238949856,0.6144832434966019,0.6212356826352312,4.396434845076142,9.420506510695107,4.409198329516757,32.398,32.398,209.9013021415632,0,"Phi-sat-2 style, fair (+coastal)",0.6239324238949856,0.6144832434966019,1.0,80000
Ours: LoD + no buffer,No buffering,0.3697966633128203,0.35598781345207403,0.3895966892398592,7.234389915649481,10.552243658752998,7.308196263852992,114.52409836761537,216.69480778558622,209.9013021415632,0,Ours: LoD + no buffer,0.6885368650115825,0.6763534098898524,0.5370760551892884,80000
Ours: LoD + FIFO,FIFO,0.5860963567868591,0.5816733067729084,0.6242302483066962,11.320403328334908,18.044965904658017,11.306532321595608,185.82504911533226,216.69480778558622,209.9013021415632,0,Ours: LoD + FIFO,0.6885368650115825,0.6763534098898524,0.8512200095153944,80000
Ours: LoD + value-greedy,Value-greedy (ours),0.6885368650115825,0.6763534098898524,0.730944149857126,4.594811115946733,9.719525276579384,4.397727668490067,185.883325508674,216.69480778558622,209.9013021415632,0,Ours: LoD + value-greedy,0.6885368650115825,0.6763534098898524,1.0,80000
"Bent pipe (raw, FIFO)",FIFO,0.0006042717363515932,0.0003518236190922951,0.0005326143040229024,13.231965311465355,35.400474625870736,23.859109072387724,201.719808,240354.459648,209.9013021415632,131225,"Bent pipe (raw, FIFO)",0.8391475120273316,0.834291075407529,0.0007201019221182075,160000
"Phi-sat-2 style, ocean only",FIFO,0.5190113184744463,0.5133106602556585,0.5173931858657479,4.360578895262054,9.340993626345591,4.2047623485845955,54.275,54.275,209.9013021415632,0,"Phi-sat-2 style, ocean only",0.5190113184744463,0.5133106602556585,1.0,160000
"Phi-sat-2 style, fair (+coastal)",FIFO,0.62114486252818,0.6119385481411985,0.6185316489405969,4.392204890272584,9.349972855777722,4.239170202904434,64.922,64.922,209.9013021415632,0,"Phi-sat-2 style, fair (+coastal)",0.62114486252818,0.6119385481411985,1.0,160000
Ours: LoD + no buffer,No buffering,0.20929881237362585,0.20159493373988507,0.22074466137366108,8.584329563316945,11.064722347389905,8.628871387998721,133.0168186460726,427.82116757670764,209.9013021415632,0,Ours: LoD + no buffer,0.6836521254096265,0.674797701419022,0.30614811918886303,160000
Ours: LoD + FIFO,FIFO,0.29316475701303835,0.28802626949689225,0.3111645944639816,17.048048292076896,26.588540452735117,17.1405222236913,186.75072495073837,427.82116757670764,209.9013021415632,0,Ours: LoD + FIFO,0.6836521254096265,0.674797701419022,0.4288215396644627,160000
Ours: LoD + value-greedy,Value-greedy (ours),0.6622353406000883,0.674797701419022,0.7017981314653555,4.867634590054048,10.609727380852338,4.428747819362339,186.83740347131655,427.82116757670764,209.9013021415632,0,Ours: LoD + value-greedy,0.6836521254096265,0.674797701419022,0.9686729785317264,160000
