tiles,policy,ship_recall,dark_recall,MB_offered,MB_sent,latency_med_h,regret
20000,whole tile always,0.6864643339089619,0.6774474507753134,86.45695900591747,86.43922022973284,4.415485124057435,0.0
20000,"adaptive, fixed >=3",0.6790207963291988,0.6712100494467803,64.26932950591741,64.26932950591761,4.406723912085164,0.0074435375797631265
20000,"adaptive, fixed >=11",0.6711016207468459,0.6640595449504112,47.958172005917305,47.95817200591716,4.408717726198431,0.015362713162116015
20000,"adaptive, fixed >=25",0.6607152633378474,0.6568870600367622,38.28265850591721,38.28265850591716,4.381634416320723,0.02574907057111453
20000,mosaic always,0.6209112303626865,0.6128621159265524,22.020858505917204,22.02085850591718,4.37427741388221,0.06555310354627542
20000,queue-aware (ours),0.6864643339089619,0.6774474507753134,86.45695900591747,86.43922022973284,4.415485124057435,0.0
40000,whole tile always,0.6823551155400398,0.6807930191409929,176.89169006327154,176.77336925166247,4.582304182548626,0.0
40000,"adaptive, fixed >=3",0.6742386882152407,0.6736981910341325,132.23344406327072,132.1435350469086,4.432571970070475,0.008116427324799114
40000,"adaptive, fixed >=11",0.6655419854077085,0.6661248940277508,99.15314956327072,99.1531495632712,4.416939907719108,0.016813130132331322
40000,"adaptive, fixed >=25",0.655411363453082,0.6599870037199336,77.90206756327063,77.90206756327119,4.415001430844776,0.026943752086957762
40000,mosaic always,0.6209754796871009,0.6287807207678766,44.747266063270374,44.74726606327004,4.40562762098577,0.06137963585293893
40000,queue-aware (ours),0.6802181208206096,0.6782052830661378,165.12770906327142,165.07689600657676,4.545557599985367,0.0021369947194301853
80000,whole tile always,0.6699744082468369,0.6805384456520884,352.34689895987833,186.3904711125095,4.754019338417991,0.004176349872298091
80000,"adaptive, fixed >=3",0.6741507581191349,0.6715217685070076,258.34573895988115,186.0437583901249,4.63667712654382,0.0
80000,"adaptive, fixed >=11",0.6701369927233045,0.6645009742906673,196.80419045988015,185.72781295134547,4.497426138252355,0.0040137653958304265
80000,"adaptive, fixed >=25",0.6607259502982115,0.6558858959129086,156.02227645987892,155.97187430466022,4.345898187126009,0.013424807820923479
80000,mosaic always,0.6239848088526347,0.6192316489468503,89.00163695987806,89.00163695987902,4.323694460113964,0.0501659492665002
80000,queue-aware (ours),0.6738602848847479,0.6694549199075917,235.04746945988143,186.38977881512568,4.593098311805994,0.0002904732343870231
160000,whole tile always,0.6345801336623076,0.683419695596412,700.7293286519748,188.1839616037327,4.860211114053664,0.024190833539614598
160000,"adaptive, fixed >=3",0.6491059346491628,0.6757231624336429,516.7779366519912,187.44694007510944,4.792868041118229,0.009665032552759412
160000,"adaptive, fixed >=11",0.6587709672019222,0.6669266751982712,392.7448641519942,186.95910307510962,4.660442298483451,0.0
160000,"adaptive, fixed >=25",0.6555967417573022,0.6576071705524353,311.84171315199706,186.50584823702036,4.513560783906275,0.0031742254446199825
160000,mosaic always,0.6229085251219231,0.6217076899573831,178.58282315199753,178.5828231519967,4.359434694850389,0.03586244207999911
160000,queue-aware (ours),0.6567389516479369,0.6585327854882166,358.84216265199507,188.18412003600207,4.600880693460928,0.0020320155539852447
320000,whole tile always,0.6024878926602818,0.6428069847069762,1393.6010013781042,191.01706853050808,4.902356780329306,0.038593490352843984
320000,"adaptive, fixed >=3",0.6178744116573339,0.6541945642325,1031.9478038780737,189.5881576634667,4.863939043175722,0.02320697135579186
320000,"adaptive, fixed >=11",0.6327917037526906,0.6599606029151546,781.5074863780972,188.19734866346687,4.815980333212657,0.008289679260435223
320000,"adaptive, fixed >=25",0.6410813830131258,0.6579905572716744,622.4103083781247,187.44422766346736,4.692195474360121,0.0
320000,mosaic always,0.6232935658340278,0.6224959382648494,356.0606758781587,186.37880876263227,4.354992149347076,0.017787817179097942
320000,queue-aware (ours),0.6404008388172078,0.6534999356623301,606.6937728781234,191.01738266346672,4.619250659433275,0.0006805441959180092
